event-id,visible,Twilight,Rise,Twilight3,Deleted,Inserted,sensor-type,individual-taxon-canonical-name,ID,individual-local-identifier,study-name
16668351348,TRUE,2019-03-11T09:10:04Z,FALSE,2019-03-11T09:10:04Z,FALSE,FALSE,solar-geolocator-twilight,Calidris ruficollis,BQ576,036-96507,Tracking Red-necked stints along the EAAF
16668351356,TRUE,2019-03-11T20:00:18Z,TRUE,2019-03-11T20:00:18Z,FALSE,FALSE,solar-geolocator-twilight,Calidris ruficollis,BQ576,036-96507,Tracking Red-necked stints along the EAAF
16668351362,TRUE,2019-03-12T09:06:55Z,FALSE,2019-03-12T09:06:55Z,FALSE,FALSE,solar-geolocator-twilight,Calidris ruficollis,BQ576,036-96507,Tracking Red-necked stints along the EAAF
16668351366,TRUE,2019-03-12T19:54:02Z,TRUE,2019-03-12T19:54:02Z,FALSE,FALSE,solar-geolocator-twilight,Calidris ruficollis,BQ576,036-96507,Tracking Red-necked stints along the EAAF
16668351378,TRUE,2019-03-13T09:08:13Z,FALSE,2019-03-13T09:19:14Z,FALSE,FALSE,solar-geolocator-twilight,Calidris ruficollis,BQ576,036-96507,Tracking Red-necked stints along the EAAF
16668351382,TRUE,2019-03-13T19:58:56Z,TRUE,2019-03-13T19:58:56Z,FALSE,FALSE,solar-geolocator-twilight,Calidris ruficollis,BQ576,036-96507,Tracking Red-necked stints along the EAAF
16668351393,TRUE,2019-03-14T09:09:14Z,FALSE,2019-03-14T09:09:14Z,FALSE,FALSE,solar-geolocator-twilight,Calidris ruficollis,BQ576,036-96507,Tracking Red-necked stints along the EAAF
16668351399,TRUE,2019-03-14T19:59:30Z,TRUE,2019-03-14T19:59:30Z,FALSE,FALSE,solar-geolocator-twilight,Calidris ruficollis,BQ576,036-96507,Tracking Red-necked stints along the EAAF
16668351409,TRUE,2019-03-15T09:06:55Z,FALSE,2019-03-15T09:06:55Z,FALSE,FALSE,solar-geolocator-twilight,Calidris ruficollis,BQ576,036-96507,Tracking Red-necked stints along the EAAF
16668351414,TRUE,2019-03-15T19:53:29Z,TRUE,2019-03-15T18:26:21Z,FALSE,FALSE,solar-geolocator-twilight,Calidris ruficollis,BQ576,036-96507,Tracking Red-necked stints along the EAAF
16668351426,TRUE,2019-03-16T09:04:14Z,FALSE,2019-03-16T09:04:14Z,FALSE,FALSE,solar-geolocator-twilight,Calidris ruficollis,BQ576,036-96507,Tracking Red-necked stints along the EAAF
16668351431,TRUE,2019-03-16T20:00:25Z,TRUE,2019-03-16T20:00:25Z,FALSE,FALSE,solar-geolocator-twilight,Calidris ruficollis,BQ576,036-96507,Tracking Red-necked stints along the EAAF
16668351437,TRUE,2019-03-17T09:01:55Z,FALSE,2019-03-17T09:01:55Z,FALSE,FALSE,solar-geolocator-twilight,Calidris ruficollis,BQ576,036-96507,Tracking Red-necked stints along the EAAF
16668351448,TRUE,2019-03-17T19:57:11Z,TRUE,2019-03-17T19:57:11Z,FALSE,FALSE,solar-geolocator-twilight,Calidris ruficollis,BQ576,036-96507,Tracking Red-necked stints along the EAAF
16668351456,TRUE,2019-03-18T09:06:00Z,FALSE,2019-03-18T09:06:00Z,FALSE,FALSE,solar-geolocator-twilight,Calidris ruficollis,BQ576,036-96507,Tracking Red-necked stints along the EAAF
16668351459,TRUE,2019-03-18T19:47:11Z,TRUE,2019-03-18T19:47:11Z,FALSE,FALSE,solar-geolocator-twilight,Calidris ruficollis,BQ576,036-96507,Tracking Red-necked stints along the EAAF
16668351473,TRUE,2019-03-19T09:02:23Z,FALSE,2019-03-19T09:02:23Z,FALSE,FALSE,solar-geolocator-twilight,Calidris ruficollis,BQ576,036-96507,Tracking Red-necked stints along the EAAF
16668351479,TRUE,2019-03-19T20:04:11Z,TRUE,2019-03-19T20:04:11Z,FALSE,FALSE,solar-geolocator-twilight,Calidris ruficollis,BQ576,036-96507,Tracking Red-necked stints along the EAAF
16668351487,TRUE,2019-03-20T08:55:04Z,FALSE,2019-03-20T08:55:04Z,FALSE,FALSE,solar-geolocator-twilight,Calidris ruficollis,BQ576,036-96507,Tracking Red-necked stints along the EAAF
16668351494,TRUE,2019-03-20T20:04:30Z,TRUE,2019-03-20T20:04:30Z,FALSE,FALSE,solar-geolocator-twilight,Calidris ruficollis,BQ576,036-96507,Tracking Red-necked stints along the EAAF
16668351501,TRUE,2019-03-21T08:57:46Z,FALSE,2019-03-21T08:57:46Z,FALSE,FALSE,solar-geolocator-twilight,Calidris ruficollis,BQ576,036-96507,Tracking Red-necked stints along the EAAF
16668351509,TRUE,2019-03-21T20:00:25Z,TRUE,2019-03-21T20:00:25Z,FALSE,FALSE,solar-geolocator-twilight,Calidris ruficollis,BQ576,036-96507,Tracking Red-necked stints along the EAAF
16668351517,TRUE,2019-03-22T08:55:04Z,FALSE,2019-03-22T08:55:04Z,FALSE,FALSE,solar-geolocator-twilight,Calidris ruficollis,BQ576,036-96507,Tracking Red-necked stints along the EAAF
16668351530,TRUE,2019-03-22T20:12:11Z,TRUE,2019-03-22T20:12:11Z,FALSE,FALSE,solar-geolocator-twilight,Calidris ruficollis,BQ576,036-96507,Tracking Red-necked stints along the EAAF
16668351538,TRUE,2019-03-23T08:52:23Z,FALSE,2019-03-23T08:52:23Z,FALSE,FALSE,solar-geolocator-twilight,Calidris ruficollis,BQ576,036-96507,Tracking Red-necked stints along the EAAF
16668351542,TRUE,2019-03-23T20:00:25Z,TRUE,2019-03-23T20:00:25Z,FALSE,FALSE,solar-geolocator-twilight,Calidris ruficollis,BQ576,036-96507,Tracking Red-necked stints along the EAAF
16668351553,TRUE,2019-03-24T08:45:30Z,FALSE,2019-03-24T08:45:30Z,FALSE,FALSE,solar-geolocator-twilight,Calidris ruficollis,BQ576,036-96507,Tracking Red-necked stints along the EAAF
16668351559,TRUE,2019-03-24T20:25:25Z,TRUE,2019-03-24T20:25:25Z,FALSE,FALSE,solar-geolocator-twilight,Calidris ruficollis,BQ576,036-96507,Tracking Red-necked stints along the EAAF
16668351568,TRUE,2019-03-25T08:41:55Z,FALSE,2019-03-25T08:41:55Z,FALSE,FALSE,solar-geolocator-twilight,Calidris ruficollis,BQ576,036-96507,Tracking Red-necked stints along the EAAF
16668351577,TRUE,2019-03-25T20:17:11Z,TRUE,2019-03-25T20:17:11Z,FALSE,FALSE,solar-geolocator-twilight,Calidris ruficollis,BQ576,036-96507,Tracking Red-necked stints along the EAAF
16668351585,TRUE,2019-03-26T08:46:00Z,FALSE,2019-03-26T08:46:00Z,FALSE,FALSE,solar-geolocator-twilight,Calidris ruficollis,BQ576,036-96507,Tracking Red-necked stints along the EAAF
16668351589,TRUE,2019-03-26T20:14:30Z,TRUE,2019-03-26T20:14:30Z,FALSE,FALSE,solar-geolocator-twilight,Calidris ruficollis,BQ576,036-96507,Tracking Red-necked stints along the EAAF
16668351597,TRUE,2019-03-27T08:46:55Z,FALSE,2019-03-27T08:46:55Z,FALSE,FALSE,solar-geolocator-twilight,Calidris ruficollis,BQ576,036-96507,Tracking Red-necked stints along the EAAF
16668351606,TRUE,2019-03-27T20:10:25Z,TRUE,2019-03-27T20:10:25Z,FALSE,FALSE,solar-geolocator-twilight,Calidris ruficollis,BQ576,036-96507,Tracking Red-necked stints along the EAAF
16668351617,TRUE,2019-03-28T08:49:14Z,FALSE,2019-03-28T08:49:14Z,FALSE,FALSE,solar-geolocator-twilight,Calidris ruficollis,BQ576,036-96507,Tracking Red-necked stints along the EAAF
16668351619,TRUE,2019-03-28T20:09:30Z,TRUE,2019-03-28T20:09:30Z,FALSE,FALSE,solar-geolocator-twilight,Calidris ruficollis,BQ576,036-96507,Tracking Red-necked stints along the EAAF
16668351631,TRUE,2019-03-29T08:32:23Z,FALSE,2019-03-29T08:32:23Z,FALSE,FALSE,solar-geolocator-twilight,Calidris ruficollis,BQ576,036-96507,Tracking Red-necked stints along the EAAF
16668351635,TRUE,2019-03-29T20:15:55Z,TRUE,2019-03-29T20:15:55Z,FALSE,FALSE,solar-geolocator-twilight,Calidris ruficollis,BQ576,036-96507,Tracking Red-necked stints along the EAAF
16668351649,TRUE,2019-03-30T08:42:29Z,FALSE,2019-03-30T08:42:29Z,FALSE,FALSE,solar-geolocator-twilight,Calidris ruficollis,BQ576,036-96507,Tracking Red-necked stints along the EAAF
16668351657,TRUE,2019-03-30T20:24:02Z,TRUE,2019-03-30T20:24:02Z,FALSE,FALSE,solar-geolocator-twilight,Calidris ruficollis,BQ576,036-96507,Tracking Red-necked stints along the EAAF
16668351666,TRUE,2019-03-31T08:44:14Z,FALSE,2019-03-31T08:44:14Z,FALSE,FALSE,solar-geolocator-twilight,Calidris ruficollis,BQ576,036-96507,Tracking Red-necked stints along the EAAF
16668351667,TRUE,2019-03-31T20:09:30Z,TRUE,2019-03-31T20:09:30Z,FALSE,FALSE,solar-geolocator-twilight,Calidris ruficollis,BQ576,036-96507,Tracking Red-necked stints along the EAAF
16668351680,TRUE,2019-04-01T08:41:00Z,FALSE,2019-04-01T08:41:00Z,FALSE,FALSE,solar-geolocator-twilight,Calidris ruficollis,BQ576,036-96507,Tracking Red-necked stints along the EAAF
16668351683,TRUE,2019-04-01T20:00:25Z,TRUE,2019-04-01T20:00:25Z,FALSE,FALSE,solar-geolocator-twilight,Calidris ruficollis,BQ576,036-96507,Tracking Red-necked stints along the EAAF
16668351693,TRUE,2019-04-02T08:37:47Z,FALSE,2019-04-02T08:37:47Z,FALSE,FALSE,solar-geolocator-twilight,Calidris ruficollis,BQ576,036-96507,Tracking Red-necked stints along the EAAF
16668351699,TRUE,2019-04-02T20:04:30Z,TRUE,2019-04-02T20:04:30Z,FALSE,FALSE,solar-geolocator-twilight,Calidris ruficollis,BQ576,036-96507,Tracking Red-necked stints along the EAAF
16668351708,TRUE,2019-04-03T08:24:14Z,FALSE,2019-04-03T08:24:14Z,FALSE,FALSE,solar-geolocator-twilight,Calidris ruficollis,BQ576,036-96507,Tracking Red-necked stints along the EAAF
16668351716,TRUE,2019-04-03T20:05:25Z,TRUE,2019-04-03T20:05:25Z,FALSE,FALSE,solar-geolocator-twilight,Calidris ruficollis,BQ576,036-96507,Tracking Red-necked stints along the EAAF
16668351729,TRUE,2019-04-04T08:44:14Z,FALSE,2019-04-04T08:44:14Z,FALSE,FALSE,solar-geolocator-twilight,Calidris ruficollis,BQ576,036-96507,Tracking Red-necked stints along the EAAF
16668351738,TRUE,2019-04-04T20:22:11Z,TRUE,2019-04-04T20:22:11Z,FALSE,FALSE,solar-geolocator-twilight,Calidris ruficollis,BQ576,036-96507,Tracking Red-necked stints along the EAAF
16668351746,TRUE,2019-04-05T08:57:37Z,FALSE,2019-04-05T08:57:37Z,FALSE,FALSE,solar-geolocator-twilight,Calidris ruficollis,BQ576,036-96507,Tracking Red-necked stints along the EAAF
16668351754,TRUE,2019-04-05T20:29:30Z,TRUE,2019-04-05T20:29:30Z,FALSE,FALSE,solar-geolocator-twilight,Calidris ruficollis,BQ576,036-96507,Tracking Red-necked stints along the EAAF
16668351762,TRUE,2019-04-06T09:01:55Z,FALSE,2019-04-06T09:01:55Z,FALSE,FALSE,solar-geolocator-twilight,Calidris ruficollis,BQ576,036-96507,Tracking Red-necked stints along the EAAF
16668351770,TRUE,2019-04-06T20:49:11Z,TRUE,2019-04-06T20:49:11Z,FALSE,FALSE,solar-geolocator-twilight,Calidris ruficollis,BQ576,036-96507,Tracking Red-necked stints along the EAAF
16668351778,TRUE,2019-04-07T09:30:04Z,FALSE,2019-04-07T09:30:04Z,FALSE,FALSE,solar-geolocator-twilight,Calidris ruficollis,BQ576,036-96507,Tracking Red-necked stints along the EAAF
16668351786,TRUE,2019-04-07T21:28:29Z,TRUE,2019-04-07T21:28:29Z,FALSE,FALSE,solar-geolocator-twilight,Calidris ruficollis,BQ576,036-96507,Tracking Red-necked stints along the EAAF
16668351794,TRUE,2019-04-08T10:11:00Z,FALSE,2019-04-08T10:11:00Z,FALSE,FALSE,solar-geolocator-twilight,Calidris ruficollis,BQ576,036-96507,Tracking Red-necked stints along the EAAF
16668351802,TRUE,2019-04-08T21:44:30Z,TRUE,2019-04-08T21:44:30Z,FALSE,FALSE,solar-geolocator-twilight,Calidris ruficollis,BQ576,036-96507,Tracking Red-necked stints along the EAAF
16668351810,TRUE,2019-04-09T10:14:14Z,FALSE,2019-04-09T10:14:14Z,FALSE,FALSE,solar-geolocator-twilight,Calidris ruficollis,BQ576,036-96507,Tracking Red-necked stints along the EAAF
16668351818,TRUE,2019-04-09T21:40:39Z,TRUE,2019-04-09T21:40:39Z,FALSE,FALSE,solar-geolocator-twilight,Calidris ruficollis,BQ576,036-96507,Tracking Red-necked stints along the EAAF
16668351826,TRUE,2019-04-10T10:12:23Z,FALSE,2019-04-10T10:12:23Z,FALSE,FALSE,solar-geolocator-twilight,Calidris ruficollis,BQ576,036-96507,Tracking Red-necked stints along the EAAF
16668351834,TRUE,2019-04-10T21:43:56Z,TRUE,2019-04-10T21:43:56Z,FALSE,FALSE,solar-geolocator-twilight,Calidris ruficollis,BQ576,036-96507,Tracking Red-necked stints along the EAAF
16668351842,TRUE,2019-04-11T10:12:14Z,FALSE,2019-04-11T10:12:14Z,FALSE,FALSE,solar-geolocator-twilight,Calidris ruficollis,BQ576,036-96507,Tracking Red-necked stints along the EAAF
16668351850,TRUE,2019-04-11T21:44:11Z,TRUE,2019-04-11T21:44:11Z,FALSE,FALSE,solar-geolocator-twilight,Calidris ruficollis,BQ576,036-96507,Tracking Red-necked stints along the EAAF
16668351858,TRUE,2019-04-12T10:09:14Z,FALSE,2019-04-12T10:09:14Z,FALSE,FALSE,solar-geolocator-twilight,Calidris ruficollis,BQ576,036-96507,Tracking Red-necked stints along the EAAF
16668351866,TRUE,2019-04-12T21:43:56Z,TRUE,2019-04-12T21:43:56Z,FALSE,FALSE,solar-geolocator-twilight,Calidris ruficollis,BQ576,036-96507,Tracking Red-necked stints along the EAAF
16668351874,TRUE,2019-04-13T10:09:14Z,FALSE,2019-04-13T10:09:14Z,FALSE,FALSE,solar-geolocator-twilight,Calidris ruficollis,BQ576,036-96507,Tracking Red-necked stints along the EAAF
16668351882,TRUE,2019-04-13T21:35:25Z,TRUE,2019-04-13T21:35:25Z,FALSE,FALSE,solar-geolocator-twilight,Calidris ruficollis,BQ576,036-96507,Tracking Red-necked stints along the EAAF
16668351890,TRUE,2019-04-14T10:12:14Z,FALSE,2019-04-14T10:12:14Z,FALSE,FALSE,solar-geolocator-twilight,Calidris ruficollis,BQ576,036-96507,Tracking Red-necked stints along the EAAF
16668351898,TRUE,2019-04-14T21:34:30Z,TRUE,2019-04-14T21:34:30Z,FALSE,FALSE,solar-geolocator-twilight,Calidris ruficollis,BQ576,036-96507,Tracking Red-necked stints along the EAAF
16668351906,TRUE,2019-04-15T10:15:30Z,FALSE,2019-04-15T10:15:30Z,FALSE,FALSE,solar-geolocator-twilight,Calidris ruficollis,BQ576,036-96507,Tracking Red-necked stints along the EAAF
16668351914,TRUE,2019-04-15T21:35:25Z,TRUE,2019-04-15T21:35:25Z,FALSE,FALSE,solar-geolocator-twilight,Calidris ruficollis,BQ576,036-96507,Tracking Red-necked stints along the EAAF
16668351922,TRUE,2019-04-16T10:15:04Z,FALSE,2019-04-16T10:15:04Z,FALSE,FALSE,solar-geolocator-twilight,Calidris ruficollis,BQ576,036-96507,Tracking Red-necked stints along the EAAF
16668351930,TRUE,2019-04-16T21:34:30Z,TRUE,2019-04-16T21:34:30Z,FALSE,FALSE,solar-geolocator-twilight,Calidris ruficollis,BQ576,036-96507,Tracking Red-necked stints along the EAAF
16668351938,TRUE,2019-04-17T10:15:04Z,FALSE,2019-04-17T10:15:04Z,FALSE,FALSE,solar-geolocator-twilight,Calidris ruficollis,BQ576,036-96507,Tracking Red-necked stints along the EAAF
16668351946,TRUE,2019-04-17T21:40:06Z,TRUE,2019-04-17T21:40:06Z,FALSE,FALSE,solar-geolocator-twilight,Calidris ruficollis,BQ576,036-96507,Tracking Red-necked stints along the EAAF
16668351954,TRUE,2019-04-18T10:19:14Z,FALSE,2019-04-18T10:19:14Z,FALSE,FALSE,solar-geolocator-twilight,Calidris ruficollis,BQ576,036-96507,Tracking Red-necked stints along the EAAF
16668351962,TRUE,2019-04-18T21:37:11Z,TRUE,2019-04-18T21:37:11Z,FALSE,FALSE,solar-geolocator-twilight,Calidris ruficollis,BQ576,036-96507,Tracking Red-necked stints along the EAAF
16668351970,TRUE,2019-04-19T10:15:04Z,FALSE,2019-04-19T10:15:04Z,FALSE,FALSE,solar-geolocator-twilight,Calidris ruficollis,BQ576,036-96507,Tracking Red-necked stints along the EAAF
16668351978,TRUE,2019-04-19T21:40:25Z,TRUE,2019-04-19T21:40:25Z,FALSE,FALSE,solar-geolocator-twilight,Calidris ruficollis,BQ576,036-96507,Tracking Red-necked stints along the EAAF
16668351986,TRUE,2019-04-20T10:12:29Z,FALSE,2019-04-20T10:12:29Z,FALSE,FALSE,solar-geolocator-twilight,Calidris ruficollis,BQ576,036-96507,Tracking Red-necked stints along the EAAF
16668351994,TRUE,2019-04-20T21:40:25Z,TRUE,2019-04-20T21:40:25Z,FALSE,FALSE,solar-geolocator-twilight,Calidris ruficollis,BQ576,036-96507,Tracking Red-necked stints along the EAAF
16668352002,TRUE,2019-04-21T10:14:14Z,FALSE,2019-04-21T10:14:14Z,FALSE,FALSE,solar-geolocator-twilight,Calidris ruficollis,BQ576,036-96507,Tracking Red-necked stints along the EAAF
16668352010,TRUE,2019-04-21T21:42:11Z,TRUE,2019-04-21T21:42:11Z,FALSE,FALSE,solar-geolocator-twilight,Calidris ruficollis,BQ576,036-96507,Tracking Red-necked stints along the EAAF
16668352018,TRUE,2019-04-22T10:07:29Z,FALSE,2019-04-22T10:07:29Z,FALSE,FALSE,solar-geolocator-twilight,Calidris ruficollis,BQ576,036-96507,Tracking Red-necked stints along the EAAF
16668352026,TRUE,2019-04-22T21:41:21Z,TRUE,2019-04-22T21:41:21Z,FALSE,FALSE,solar-geolocator-twilight,Calidris ruficollis,BQ576,036-96507,Tracking Red-necked stints along the EAAF
16668352034,TRUE,2019-04-23T10:09:14Z,FALSE,2019-04-23T10:09:14Z,FALSE,FALSE,solar-geolocator-twilight,Calidris ruficollis,BQ576,036-96507,Tracking Red-necked stints along the EAAF
16668352042,TRUE,2019-04-23T21:39:30Z,TRUE,2019-04-23T21:39:30Z,FALSE,FALSE,solar-geolocator-twilight,Calidris ruficollis,BQ576,036-96507,Tracking Red-necked stints along the EAAF
16668352050,TRUE,2019-04-24T10:10:58Z,FALSE,2019-04-24T10:10:58Z,FALSE,FALSE,solar-geolocator-twilight,Calidris ruficollis,BQ576,036-96507,Tracking Red-necked stints along the EAAF
16668352058,TRUE,2019-04-24T21:43:48Z,TRUE,2019-04-24T21:43:48Z,FALSE,FALSE,solar-geolocator-twilight,Calidris ruficollis,BQ576,036-96507,Tracking Red-necked stints along the EAAF
16668352066,TRUE,2019-04-25T10:10:30Z,FALSE,2019-04-25T10:10:30Z,FALSE,FALSE,solar-geolocator-twilight,Calidris ruficollis,BQ576,036-96507,Tracking Red-necked stints along the EAAF
16668352073,TRUE,2019-04-25T21:40:55Z,TRUE,2019-04-25T21:40:55Z,FALSE,FALSE,solar-geolocator-twilight,Calidris ruficollis,BQ576,036-96507,Tracking Red-necked stints along the EAAF
16668352082,TRUE,2019-04-26T10:11:55Z,FALSE,2019-04-26T10:11:55Z,FALSE,FALSE,solar-geolocator-twilight,Calidris ruficollis,BQ576,036-96507,Tracking Red-necked stints along the EAAF
16668352090,TRUE,2019-04-26T21:50:25Z,TRUE,2019-04-26T21:50:25Z,FALSE,FALSE,solar-geolocator-twilight,Calidris ruficollis,BQ576,036-96507,Tracking Red-necked stints along the EAAF
16668352098,TRUE,2019-04-27T10:35:04Z,FALSE,2019-04-27T10:35:04Z,FALSE,FALSE,solar-geolocator-twilight,Calidris ruficollis,BQ576,036-96507,Tracking Red-necked stints along the EAAF
16668352106,TRUE,2019-04-27T22:03:44Z,TRUE,2019-04-27T22:03:44Z,FALSE,FALSE,solar-geolocator-twilight,Calidris ruficollis,BQ576,036-96507,Tracking Red-necked stints along the EAAF
16668352114,TRUE,2019-04-28T10:39:14Z,FALSE,2019-04-28T10:39:14Z,FALSE,FALSE,solar-geolocator-twilight,Calidris ruficollis,BQ576,036-96507,Tracking Red-necked stints along the EAAF
16668352122,TRUE,2019-04-28T22:04:11Z,TRUE,2019-04-28T22:04:11Z,FALSE,FALSE,solar-geolocator-twilight,Calidris ruficollis,BQ576,036-96507,Tracking Red-necked stints along the EAAF
16668352130,TRUE,2019-04-29T10:31:00Z,FALSE,2019-04-29T10:31:00Z,FALSE,FALSE,solar-geolocator-twilight,Calidris ruficollis,BQ576,036-96507,Tracking Red-necked stints along the EAAF
16668352138,TRUE,2019-04-29T21:58:44Z,TRUE,2019-04-29T21:58:44Z,FALSE,FALSE,solar-geolocator-twilight,Calidris ruficollis,BQ576,036-96507,Tracking Red-necked stints along the EAAF
16668352146,TRUE,2019-04-30T10:36:00Z,FALSE,2019-04-30T10:36:00Z,FALSE,FALSE,solar-geolocator-twilight,Calidris ruficollis,BQ576,036-96507,Tracking Red-necked stints along the EAAF
16668352154,TRUE,2019-04-30T21:56:21Z,TRUE,2019-04-30T21:56:21Z,FALSE,FALSE,solar-geolocator-twilight,Calidris ruficollis,BQ576,036-96507,Tracking Red-necked stints along the EAAF
16668352162,TRUE,2019-05-01T10:27:29Z,FALSE,2019-05-01T10:27:29Z,FALSE,FALSE,solar-geolocator-twilight,Calidris ruficollis,BQ576,036-96507,Tracking Red-necked stints along the EAAF
16668352170,TRUE,2019-05-01T22:02:11Z,TRUE,2019-05-01T22:02:11Z,FALSE,FALSE,solar-geolocator-twilight,Calidris ruficollis,BQ576,036-96507,Tracking Red-necked stints along the EAAF
16668352178,TRUE,2019-05-02T10:32:14Z,FALSE,2019-05-02T10:32:14Z,FALSE,FALSE,solar-geolocator-twilight,Calidris ruficollis,BQ576,036-96507,Tracking Red-necked stints along the EAAF
16668352186,TRUE,2019-05-02T22:00:25Z,TRUE,2019-05-02T22:00:25Z,FALSE,FALSE,solar-geolocator-twilight,Calidris ruficollis,BQ576,036-96507,Tracking Red-necked stints along the EAAF
16668352194,TRUE,2019-05-03T10:37:29Z,FALSE,2019-05-03T10:37:29Z,FALSE,FALSE,solar-geolocator-twilight,Calidris ruficollis,BQ576,036-96507,Tracking Red-necked stints along the EAAF
16668352201,TRUE,2019-05-03T21:52:11Z,TRUE,2019-05-03T21:52:11Z,FALSE,FALSE,solar-geolocator-twilight,Calidris ruficollis,BQ576,036-96507,Tracking Red-necked stints along the EAAF
16668352210,TRUE,2019-05-04T10:39:14Z,FALSE,2019-05-04T10:39:14Z,FALSE,FALSE,solar-geolocator-twilight,Calidris ruficollis,BQ576,036-96507,Tracking Red-necked stints along the EAAF
16668352216,TRUE,2019-05-04T22:00:55Z,TRUE,2019-05-04T22:00:55Z,FALSE,FALSE,solar-geolocator-twilight,Calidris ruficollis,BQ576,036-96507,Tracking Red-necked stints along the EAAF
16668352224,TRUE,2019-05-05T10:37:29Z,FALSE,2019-05-05T10:37:29Z,FALSE,FALSE,solar-geolocator-twilight,Calidris ruficollis,BQ576,036-96507,Tracking Red-necked stints along the EAAF
16668352232,TRUE,2019-05-05T22:01:21Z,TRUE,2019-05-05T22:01:21Z,FALSE,FALSE,solar-geolocator-twilight,Calidris ruficollis,BQ576,036-96507,Tracking Red-necked stints along the EAAF
16668352241,TRUE,2019-05-06T10:36:00Z,FALSE,2019-05-06T10:36:00Z,FALSE,FALSE,solar-geolocator-twilight,Calidris ruficollis,BQ576,036-96507,Tracking Red-necked stints along the EAAF
16668352248,TRUE,2019-05-06T22:05:55Z,TRUE,2019-05-06T22:05:55Z,FALSE,FALSE,solar-geolocator-twilight,Calidris ruficollis,BQ576,036-96507,Tracking Red-necked stints along the EAAF
16668352258,TRUE,2019-05-07T10:47:34Z,FALSE,2019-05-07T10:47:34Z,FALSE,FALSE,solar-geolocator-twilight,Calidris ruficollis,BQ576,036-96507,Tracking Red-necked stints along the EAAF
16668352264,TRUE,2019-05-07T22:07:11Z,TRUE,2019-05-07T22:07:11Z,FALSE,FALSE,solar-geolocator-twilight,Calidris ruficollis,BQ576,036-96507,Tracking Red-necked stints along the EAAF
16668352274,TRUE,2019-05-08T10:47:29Z,FALSE,2019-05-08T10:47:29Z,FALSE,FALSE,solar-geolocator-twilight,Calidris ruficollis,BQ576,036-96507,Tracking Red-necked stints along the EAAF
16668352280,TRUE,2019-05-08T22:07:11Z,TRUE,2019-05-08T22:07:11Z,FALSE,FALSE,solar-geolocator-twilight,Calidris ruficollis,BQ576,036-96507,Tracking Red-necked stints along the EAAF
16668352290,TRUE,2019-05-09T10:42:29Z,FALSE,2019-05-09T10:42:29Z,FALSE,FALSE,solar-geolocator-twilight,Calidris ruficollis,BQ576,036-96507,Tracking Red-necked stints along the EAAF
16668352296,TRUE,2019-05-09T22:11:21Z,TRUE,2019-05-09T22:11:21Z,FALSE,FALSE,solar-geolocator-twilight,Calidris ruficollis,BQ576,036-96507,Tracking Red-necked stints along the EAAF
16668352306,TRUE,2019-05-10T10:42:14Z,FALSE,2019-05-10T10:42:14Z,FALSE,FALSE,solar-geolocator-twilight,Calidris ruficollis,BQ576,036-96507,Tracking Red-necked stints along the EAAF
16668352311,TRUE,2019-05-10T22:07:11Z,TRUE,2019-05-10T22:07:11Z,FALSE,FALSE,solar-geolocator-twilight,Calidris ruficollis,BQ576,036-96507,Tracking Red-necked stints along the EAAF
16668352320,TRUE,2019-05-11T10:44:14Z,FALSE,2019-05-11T10:44:14Z,FALSE,FALSE,solar-geolocator-twilight,Calidris ruficollis,BQ576,036-96507,Tracking Red-necked stints along the EAAF
16668352328,TRUE,2019-05-11T22:13:56Z,TRUE,2019-05-11T22:13:56Z,FALSE,FALSE,solar-geolocator-twilight,Calidris ruficollis,BQ576,036-96507,Tracking Red-necked stints along the EAAF
16668352336,TRUE,2019-05-12T10:41:27Z,FALSE,2019-05-12T10:41:27Z,FALSE,FALSE,solar-geolocator-twilight,Calidris ruficollis,BQ576,036-96507,Tracking Red-necked stints along the EAAF
16668352344,TRUE,2019-05-12T22:04:30Z,TRUE,2019-05-12T22:04:30Z,FALSE,FALSE,solar-geolocator-twilight,Calidris ruficollis,BQ576,036-96507,Tracking Red-necked stints along the EAAF
16668352353,TRUE,2019-05-13T11:01:00Z,FALSE,2019-05-13T11:01:00Z,FALSE,FALSE,solar-geolocator-twilight,Calidris ruficollis,BQ576,036-96507,Tracking Red-necked stints along the EAAF
16668352360,TRUE,2019-05-13T21:54:11Z,TRUE,2019-05-13T21:54:11Z,FALSE,FALSE,solar-geolocator-twilight,Calidris ruficollis,BQ576,036-96507,Tracking Red-necked stints along the EAAF
16668352370,TRUE,2019-05-14T11:14:14Z,FALSE,2019-05-14T11:14:14Z,FALSE,FALSE,solar-geolocator-twilight,Calidris ruficollis,BQ576,036-96507,Tracking Red-necked stints along the EAAF
16668352376,TRUE,2019-05-14T21:29:11Z,TRUE,2019-05-14T21:29:11Z,FALSE,FALSE,solar-geolocator-twilight,Calidris ruficollis,BQ576,036-96507,Tracking Red-necked stints along the EAAF
16668352386,TRUE,2019-05-15T11:26:00Z,FALSE,2019-05-15T11:26:00Z,FALSE,FALSE,solar-geolocator-twilight,Calidris ruficollis,BQ576,036-96507,Tracking Red-necked stints along the EAAF
16668352392,TRUE,2019-05-15T21:34:30Z,TRUE,2019-05-15T21:34:30Z,FALSE,FALSE,solar-geolocator-twilight,Calidris ruficollis,BQ576,036-96507,Tracking Red-necked stints along the EAAF
16668352402,TRUE,2019-05-16T11:24:14Z,FALSE,2019-05-16T11:24:14Z,FALSE,FALSE,solar-geolocator-twilight,Calidris ruficollis,BQ576,036-96507,Tracking Red-necked stints along the EAAF
16668352408,TRUE,2019-05-16T21:37:11Z,TRUE,2019-05-16T21:37:11Z,FALSE,FALSE,solar-geolocator-twilight,Calidris ruficollis,BQ576,036-96507,Tracking Red-necked stints along the EAAF
16668352418,TRUE,2019-05-17T11:21:00Z,FALSE,2019-05-17T11:21:00Z,FALSE,FALSE,solar-geolocator-twilight,Calidris ruficollis,BQ576,036-96507,Tracking Red-necked stints along the EAAF
16668352426,TRUE,2019-05-17T21:30:25Z,TRUE,2019-05-17T21:30:25Z,FALSE,FALSE,solar-geolocator-twilight,Calidris ruficollis,BQ576,036-96507,Tracking Red-necked stints along the EAAF
16668352434,TRUE,2019-05-18T11:29:14Z,FALSE,2019-05-18T11:29:14Z,FALSE,FALSE,solar-geolocator-twilight,Calidris ruficollis,BQ576,036-96507,Tracking Red-necked stints along the EAAF
16668352442,TRUE,2019-05-18T21:07:11Z,TRUE,2019-05-18T21:07:11Z,FALSE,FALSE,solar-geolocator-twilight,Calidris ruficollis,BQ576,036-96507,Tracking Red-necked stints along the EAAF
16668352445,TRUE,2019-05-19T10:54:14Z,FALSE,2019-05-19T10:54:14Z,FALSE,FALSE,solar-geolocator-twilight,Calidris ruficollis,BQ576,036-96507,Tracking Red-necked stints along the EAAF
16668352452,TRUE,2019-05-19T20:37:11Z,TRUE,2019-05-19T20:37:11Z,FALSE,FALSE,solar-geolocator-twilight,Calidris ruficollis,BQ576,036-96507,Tracking Red-necked stints along the EAAF
16668352461,TRUE,2019-05-20T11:06:55Z,FALSE,2019-05-20T11:06:55Z,FALSE,FALSE,solar-geolocator-twilight,Calidris ruficollis,BQ576,036-96507,Tracking Red-necked stints along the EAAF
16668352470,TRUE,2019-05-20T20:34:30Z,TRUE,2019-05-20T20:34:30Z,FALSE,FALSE,solar-geolocator-twilight,Calidris ruficollis,BQ576,036-96507,Tracking Red-necked stints along the EAAF
16668352478,TRUE,2019-05-21T11:06:00Z,FALSE,2019-05-21T11:06:00Z,FALSE,FALSE,solar-geolocator-twilight,Calidris ruficollis,BQ576,036-96507,Tracking Red-necked stints along the EAAF
16668352484,TRUE,2019-05-21T20:22:11Z,TRUE,2019-05-21T20:22:11Z,FALSE,FALSE,solar-geolocator-twilight,Calidris ruficollis,BQ576,036-96507,Tracking Red-necked stints along the EAAF
16668352495,TRUE,2019-05-22T11:36:12Z,FALSE,2019-05-22T13:36:00Z,FALSE,FALSE,solar-geolocator-twilight,Calidris ruficollis,BQ576,036-96507,Tracking Red-necked stints along the EAAF
16668352499,TRUE,2019-05-22T20:20:25Z,TRUE,2019-05-22T20:20:25Z,FALSE,FALSE,solar-geolocator-twilight,Calidris ruficollis,BQ576,036-96507,Tracking Red-necked stints along the EAAF
16668352510,TRUE,2019-05-23T11:35:30Z,FALSE,2019-05-23T11:35:30Z,FALSE,FALSE,solar-geolocator-twilight,Calidris ruficollis,BQ576,036-96507,Tracking Red-necked stints along the EAAF
16668352518,TRUE,2019-05-23T20:24:30Z,TRUE,2019-05-23T20:24:30Z,FALSE,FALSE,solar-geolocator-twilight,Calidris ruficollis,BQ576,036-96507,Tracking Red-necked stints along the EAAF
16668352525,TRUE,2019-05-24T11:24:14Z,FALSE,2019-05-24T11:24:14Z,FALSE,FALSE,solar-geolocator-twilight,Calidris ruficollis,BQ576,036-96507,Tracking Red-necked stints along the EAAF
16668352532,TRUE,2019-05-24T20:19:02Z,TRUE,2019-05-24T20:19:02Z,FALSE,FALSE,solar-geolocator-twilight,Calidris ruficollis,BQ576,036-96507,Tracking Red-necked stints along the EAAF
16668352541,TRUE,2019-05-25T11:36:00Z,FALSE,2019-05-25T11:36:00Z,FALSE,FALSE,solar-geolocator-twilight,Calidris ruficollis,BQ576,036-96507,Tracking Red-necked stints along the EAAF
16668352548,TRUE,2019-05-25T20:02:11Z,TRUE,2019-05-25T20:02:11Z,FALSE,FALSE,solar-geolocator-twilight,Calidris ruficollis,BQ576,036-96507,Tracking Red-necked stints along the EAAF
16668352561,TRUE,2019-05-26T11:52:14Z,FALSE,2019-05-26T11:52:14Z,FALSE,FALSE,solar-geolocator-twilight,Calidris ruficollis,BQ576,036-96507,Tracking Red-necked stints along the EAAF
16668352565,TRUE,2019-05-26T19:55:25Z,TRUE,2019-05-26T19:55:25Z,FALSE,FALSE,solar-geolocator-twilight,Calidris ruficollis,BQ576,036-96507,Tracking Red-necked stints along the EAAF
16668352577,TRUE,2019-05-27T12:11:55Z,FALSE,2019-05-27T12:11:55Z,FALSE,FALSE,solar-geolocator-twilight,Calidris ruficollis,BQ576,036-96507,Tracking Red-necked stints along the EAAF
16668352580,TRUE,2019-05-27T19:34:11Z,TRUE,2019-05-27T19:34:11Z,FALSE,FALSE,solar-geolocator-twilight,Calidris ruficollis,BQ576,036-96507,Tracking Red-necked stints along the EAAF
16668352593,TRUE,2019-05-28T12:12:14Z,FALSE,2019-05-28T12:12:14Z,FALSE,FALSE,solar-geolocator-twilight,Calidris ruficollis,BQ576,036-96507,Tracking Red-necked stints along the EAAF
16668352595,TRUE,2019-05-28T19:25:25Z,TRUE,2019-05-28T19:25:25Z,FALSE,FALSE,solar-geolocator-twilight,Calidris ruficollis,BQ576,036-96507,Tracking Red-necked stints along the EAAF
16668352608,TRUE,2019-05-29T11:56:55Z,FALSE,2019-05-29T11:56:55Z,FALSE,FALSE,solar-geolocator-twilight,Calidris ruficollis,BQ576,036-96507,Tracking Red-necked stints along the EAAF
16668352611,TRUE,2019-05-29T19:25:25Z,TRUE,2019-05-29T19:25:25Z,FALSE,FALSE,solar-geolocator-twilight,Calidris ruficollis,BQ576,036-96507,Tracking Red-necked stints along the EAAF
16668352624,TRUE,2019-05-30T12:11:00Z,FALSE,2019-05-30T12:11:00Z,FALSE,FALSE,solar-geolocator-twilight,Calidris ruficollis,BQ576,036-96507,Tracking Red-necked stints along the EAAF
16668352630,TRUE,2019-05-30T19:29:30Z,TRUE,2019-05-30T19:29:30Z,FALSE,FALSE,solar-geolocator-twilight,Calidris ruficollis,BQ576,036-96507,Tracking Red-necked stints along the EAAF
16668352639,TRUE,2019-05-31T12:10:58Z,FALSE,2019-05-31T12:10:58Z,FALSE,FALSE,solar-geolocator-twilight,Calidris ruficollis,BQ576,036-96507,Tracking Red-necked stints along the EAAF
16668352647,TRUE,2019-05-31T19:44:30Z,TRUE,2019-05-31T19:44:30Z,FALSE,FALSE,solar-geolocator-twilight,Calidris ruficollis,BQ576,036-96507,Tracking Red-necked stints along the EAAF
16668352657,TRUE,2019-06-01T12:56:55Z,FALSE,2019-06-01T12:56:55Z,FALSE,FALSE,solar-geolocator-twilight,Calidris ruficollis,BQ576,036-96507,Tracking Red-necked stints along the EAAF
16668352658,TRUE,2019-06-01T19:25:25Z,TRUE,2019-06-01T19:25:25Z,FALSE,FALSE,solar-geolocator-twilight,Calidris ruficollis,BQ576,036-96507,Tracking Red-necked stints along the EAAF
16668352671,TRUE,2019-06-02T12:46:55Z,FALSE,2019-06-02T12:46:55Z,FALSE,FALSE,solar-geolocator-twilight,Calidris ruficollis,BQ576,036-96507,Tracking Red-necked stints along the EAAF
16668352672,TRUE,2019-06-02T19:20:25Z,TRUE,2019-06-02T19:20:25Z,FALSE,FALSE,solar-geolocator-twilight,Calidris ruficollis,BQ576,036-96507,Tracking Red-necked stints along the EAAF
16668352684,TRUE,2019-06-03T13:01:00Z,FALSE,2019-06-03T13:01:00Z,FALSE,FALSE,solar-geolocator-twilight,Calidris ruficollis,BQ576,036-96507,Tracking Red-necked stints along the EAAF
16668352687,TRUE,2019-06-03T19:22:11Z,TRUE,2019-06-03T19:22:11Z,FALSE,FALSE,solar-geolocator-twilight,Calidris ruficollis,BQ576,036-96507,Tracking Red-necked stints along the EAAF
16668352697,TRUE,2019-06-04T12:56:00Z,FALSE,2019-06-04T12:56:00Z,FALSE,FALSE,solar-geolocator-twilight,Calidris ruficollis,BQ576,036-96507,Tracking Red-necked stints along the EAAF
16668352699,TRUE,2019-06-04T19:29:30Z,TRUE,2019-06-04T19:29:30Z,FALSE,FALSE,solar-geolocator-twilight,Calidris ruficollis,BQ576,036-96507,Tracking Red-necked stints along the EAAF
16668352710,TRUE,2019-06-05T12:56:00Z,FALSE,2019-06-05T12:56:00Z,FALSE,FALSE,solar-geolocator-twilight,Calidris ruficollis,BQ576,036-96507,Tracking Red-necked stints along the EAAF
16668352713,TRUE,2019-06-05T19:28:56Z,TRUE,2019-06-05T19:28:56Z,FALSE,FALSE,solar-geolocator-twilight,Calidris ruficollis,BQ576,036-96507,Tracking Red-necked stints along the EAAF
16668352720,TRUE,2019-06-06T12:42:14Z,FALSE,2019-06-06T12:42:14Z,FALSE,FALSE,solar-geolocator-twilight,Calidris ruficollis,BQ576,036-96507,Tracking Red-necked stints along the EAAF
16668352723,TRUE,2019-06-06T19:24:30Z,TRUE,2019-06-06T19:24:30Z,FALSE,FALSE,solar-geolocator-twilight,Calidris ruficollis,BQ576,036-96507,Tracking Red-necked stints along the EAAF
16668352891,TRUE,2019-07-13T15:35:48Z,FALSE,2019-07-13T16:25:04Z,FALSE,FALSE,solar-geolocator-twilight,Calidris ruficollis,BQ576,036-96507,Tracking Red-necked stints along the EAAF
16668352892,TRUE,2019-07-13T17:59:20Z,TRUE,2019-07-13T17:15:25Z,FALSE,FALSE,solar-geolocator-twilight,Calidris ruficollis,BQ576,036-96507,Tracking Red-necked stints along the EAAF
16668352897,TRUE,2019-07-14T13:16:00Z,FALSE,2019-07-14T13:16:00Z,FALSE,FALSE,solar-geolocator-twilight,Calidris ruficollis,BQ576,036-96507,Tracking Red-necked stints along the EAAF
16668352898,TRUE,2019-07-14T19:40:25Z,TRUE,2019-07-14T19:40:25Z,FALSE,FALSE,solar-geolocator-twilight,Calidris ruficollis,BQ576,036-96507,Tracking Red-necked stints along the EAAF
16668352903,TRUE,2019-07-15T12:51:00Z,FALSE,2019-07-15T12:51:00Z,FALSE,FALSE,solar-geolocator-twilight,Calidris ruficollis,BQ576,036-96507,Tracking Red-necked stints along the EAAF
16668352905,TRUE,2019-07-15T19:35:25Z,TRUE,2019-07-15T19:35:25Z,FALSE,FALSE,solar-geolocator-twilight,Calidris ruficollis,BQ576,036-96507,Tracking Red-necked stints along the EAAF
16668352912,TRUE,2019-07-16T12:56:00Z,FALSE,2019-07-16T12:56:00Z,FALSE,FALSE,solar-geolocator-twilight,Calidris ruficollis,BQ576,036-96507,Tracking Red-necked stints along the EAAF
16668352913,TRUE,2019-07-16T19:39:30Z,TRUE,2019-07-16T19:39:30Z,FALSE,FALSE,solar-geolocator-twilight,Calidris ruficollis,BQ576,036-96507,Tracking Red-necked stints along the EAAF
16668352920,TRUE,2019-07-17T12:49:14Z,FALSE,2019-07-17T12:49:14Z,FALSE,FALSE,solar-geolocator-twilight,Calidris ruficollis,BQ576,036-96507,Tracking Red-necked stints along the EAAF
16668352921,TRUE,2019-07-17T19:39:11Z,TRUE,2019-07-17T19:39:11Z,FALSE,FALSE,solar-geolocator-twilight,Calidris ruficollis,BQ576,036-96507,Tracking Red-necked stints along the EAAF
16668352928,TRUE,2019-07-18T12:51:00Z,FALSE,2019-07-18T12:51:00Z,FALSE,FALSE,solar-geolocator-twilight,Calidris ruficollis,BQ576,036-96507,Tracking Red-necked stints along the EAAF
16668352929,TRUE,2019-07-18T19:52:11Z,TRUE,2019-07-18T19:52:11Z,FALSE,FALSE,solar-geolocator-twilight,Calidris ruficollis,BQ576,036-96507,Tracking Red-necked stints along the EAAF
16668352936,TRUE,2019-07-19T12:32:14Z,FALSE,2019-07-19T12:32:14Z,FALSE,FALSE,solar-geolocator-twilight,Calidris ruficollis,BQ576,036-96507,Tracking Red-necked stints along the EAAF
16668352939,TRUE,2019-07-19T19:47:11Z,TRUE,2019-07-19T19:47:11Z,FALSE,FALSE,solar-geolocator-twilight,Calidris ruficollis,BQ576,036-96507,Tracking Red-necked stints along the EAAF
16668352946,TRUE,2019-07-20T12:27:29Z,FALSE,2019-07-20T12:27:29Z,FALSE,FALSE,solar-geolocator-twilight,Calidris ruficollis,BQ576,036-96507,Tracking Red-necked stints along the EAAF
16668352949,TRUE,2019-07-20T20:05:25Z,TRUE,2019-07-20T20:05:25Z,FALSE,FALSE,solar-geolocator-twilight,Calidris ruficollis,BQ576,036-96507,Tracking Red-necked stints along the EAAF
16668352954,TRUE,2019-07-21T11:39:14Z,FALSE,2019-07-21T11:39:14Z,FALSE,FALSE,solar-geolocator-twilight,Calidris ruficollis,BQ576,036-96507,Tracking Red-necked stints along the EAAF
16668352961,TRUE,2019-07-21T20:24:30Z,TRUE,2019-07-21T20:24:30Z,FALSE,FALSE,solar-geolocator-twilight,Calidris ruficollis,BQ576,036-96507,Tracking Red-necked stints along the EAAF
16668352969,TRUE,2019-07-22T11:51:55Z,FALSE,2019-07-22T11:51:55Z,FALSE,FALSE,solar-geolocator-twilight,Calidris ruficollis,BQ576,036-96507,Tracking Red-necked stints along the EAAF
16668352973,TRUE,2019-07-22T20:26:59Z,TRUE,2019-07-22T20:52:11Z,FALSE,FALSE,solar-geolocator-twilight,Calidris ruficollis,BQ576,036-96507,Tracking Red-necked stints along the EAAF
16668352980,TRUE,2019-07-23T11:57:39Z,FALSE,2019-07-23T11:57:39Z,FALSE,FALSE,solar-geolocator-twilight,Calidris ruficollis,BQ576,036-96507,Tracking Red-necked stints along the EAAF
16668352987,TRUE,2019-07-23T20:30:25Z,TRUE,2019-07-23T20:30:25Z,FALSE,FALSE,solar-geolocator-twilight,Calidris ruficollis,BQ576,036-96507,Tracking Red-necked stints along the EAAF
16668352995,TRUE,2019-07-24T11:55:04Z,FALSE,2019-07-24T11:55:04Z,FALSE,FALSE,solar-geolocator-twilight,Calidris ruficollis,BQ576,036-96507,Tracking Red-necked stints along the EAAF
16668353003,TRUE,2019-07-24T20:29:28Z,TRUE,2019-07-24T20:46:21Z,FALSE,FALSE,solar-geolocator-twilight,Calidris ruficollis,BQ576,036-96507,Tracking Red-necked stints along the EAAF
16668353011,TRUE,2019-07-25T12:01:00Z,FALSE,2019-07-25T12:01:00Z,FALSE,FALSE,solar-geolocator-twilight,Calidris ruficollis,BQ576,036-96507,Tracking Red-necked stints along the EAAF
16668353018,TRUE,2019-07-25T20:29:30Z,TRUE,2019-07-25T20:29:30Z,FALSE,FALSE,solar-geolocator-twilight,Calidris ruficollis,BQ576,036-96507,Tracking Red-necked stints along the EAAF
16668353026,TRUE,2019-07-26T11:57:14Z,FALSE,2019-07-26T11:57:14Z,FALSE,FALSE,solar-geolocator-twilight,Calidris ruficollis,BQ576,036-96507,Tracking Red-necked stints along the EAAF
16668353035,TRUE,2019-07-26T20:34:02Z,TRUE,2019-07-26T20:34:02Z,FALSE,FALSE,solar-geolocator-twilight,Calidris ruficollis,BQ576,036-96507,Tracking Red-necked stints along the EAAF
16668353043,TRUE,2019-07-27T11:57:23Z,FALSE,2019-07-27T11:57:23Z,FALSE,FALSE,solar-geolocator-twilight,Calidris ruficollis,BQ576,036-96507,Tracking Red-necked stints along the EAAF
16668353050,TRUE,2019-07-27T20:32:11Z,TRUE,2019-07-27T20:32:11Z,FALSE,FALSE,solar-geolocator-twilight,Calidris ruficollis,BQ576,036-96507,Tracking Red-necked stints along the EAAF
16668353059,TRUE,2019-07-28T11:54:14Z,FALSE,2019-07-28T11:54:14Z,FALSE,FALSE,solar-geolocator-twilight,Calidris ruficollis,BQ576,036-96507,Tracking Red-necked stints along the EAAF
16668353067,TRUE,2019-07-28T20:46:21Z,TRUE,2019-07-28T20:46:21Z,FALSE,FALSE,solar-geolocator-twilight,Calidris ruficollis,BQ576,036-96507,Tracking Red-necked stints along the EAAF
16668353076,TRUE,2019-07-29T11:53:23Z,FALSE,2019-07-29T11:32:23Z,FALSE,FALSE,solar-geolocator-twilight,Calidris ruficollis,BQ576,036-96507,Tracking Red-necked stints along the EAAF
16668353081,TRUE,2019-07-29T20:35:25Z,TRUE,2019-07-29T20:35:25Z,FALSE,FALSE,solar-geolocator-twilight,Calidris ruficollis,BQ576,036-96507,Tracking Red-necked stints along the EAAF
16668353092,TRUE,2019-07-30T11:52:23Z,FALSE,2019-07-30T11:52:23Z,FALSE,FALSE,solar-geolocator-twilight,Calidris ruficollis,BQ576,036-96507,Tracking Red-necked stints along the EAAF
16668353097,TRUE,2019-07-30T20:32:11Z,TRUE,2019-07-30T20:32:11Z,FALSE,FALSE,solar-geolocator-twilight,Calidris ruficollis,BQ576,036-96507,Tracking Red-necked stints along the EAAF
16668353107,TRUE,2019-07-31T11:51:00Z,FALSE,2019-07-31T11:51:00Z,FALSE,FALSE,solar-geolocator-twilight,Calidris ruficollis,BQ576,036-96507,Tracking Red-necked stints along the EAAF
16668353113,TRUE,2019-07-31T20:37:11Z,TRUE,2019-07-31T20:37:11Z,FALSE,FALSE,solar-geolocator-twilight,Calidris ruficollis,BQ576,036-96507,Tracking Red-necked stints along the EAAF
16668353124,TRUE,2019-08-01T11:46:55Z,FALSE,2019-08-01T11:46:55Z,FALSE,FALSE,solar-geolocator-twilight,Calidris ruficollis,BQ576,036-96507,Tracking Red-necked stints along the EAAF
16668353132,TRUE,2019-08-01T21:15:25Z,TRUE,2019-08-01T21:15:25Z,FALSE,FALSE,solar-geolocator-twilight,Calidris ruficollis,BQ576,036-96507,Tracking Red-necked stints along the EAAF
16668353139,TRUE,2019-08-02T11:44:38Z,FALSE,2019-08-02T11:26:00Z,FALSE,FALSE,solar-geolocator-twilight,Calidris ruficollis,BQ576,036-96507,Tracking Red-necked stints along the EAAF
16668353148,TRUE,2019-08-02T21:18:56Z,TRUE,2019-08-02T21:18:56Z,FALSE,FALSE,solar-geolocator-twilight,Calidris ruficollis,BQ576,036-96507,Tracking Red-necked stints along the EAAF
16668353156,TRUE,2019-08-03T11:41:55Z,FALSE,2019-08-03T11:41:55Z,FALSE,FALSE,solar-geolocator-twilight,Calidris ruficollis,BQ576,036-96507,Tracking Red-necked stints along the EAAF
16668353166,TRUE,2019-08-03T22:04:02Z,TRUE,2019-08-03T22:04:02Z,FALSE,FALSE,solar-geolocator-twilight,Calidris ruficollis,BQ576,036-96507,Tracking Red-necked stints along the EAAF
16668353172,TRUE,2019-08-04T11:55:30Z,FALSE,2019-08-04T11:55:30Z,FALSE,FALSE,solar-geolocator-twilight,Calidris ruficollis,BQ576,036-96507,Tracking Red-necked stints along the EAAF
16668353182,TRUE,2019-08-04T22:07:14Z,TRUE,2019-08-04T22:25:25Z,FALSE,FALSE,solar-geolocator-twilight,Calidris ruficollis,BQ576,036-96507,Tracking Red-necked stints along the EAAF
16668353188,TRUE,2019-08-05T11:55:58Z,FALSE,2019-08-05T11:55:58Z,FALSE,FALSE,solar-geolocator-twilight,Calidris ruficollis,BQ576,036-96507,Tracking Red-necked stints along the EAAF
16668353198,TRUE,2019-08-05T22:08:41Z,TRUE,2019-08-05T22:08:41Z,FALSE,FALSE,solar-geolocator-twilight,Calidris ruficollis,BQ576,036-96507,Tracking Red-necked stints along the EAAF
16668353204,TRUE,2019-08-06T11:46:00Z,FALSE,2019-08-06T11:46:00Z,FALSE,FALSE,solar-geolocator-twilight,Calidris ruficollis,BQ576,036-96507,Tracking Red-necked stints along the EAAF
16668353214,TRUE,2019-08-06T22:07:11Z,TRUE,2019-08-06T22:07:11Z,FALSE,FALSE,solar-geolocator-twilight,Calidris ruficollis,BQ576,036-96507,Tracking Red-necked stints along the EAAF
16668353221,TRUE,2019-08-07T11:52:29Z,FALSE,2019-08-07T11:52:29Z,FALSE,FALSE,solar-geolocator-twilight,Calidris ruficollis,BQ576,036-96507,Tracking Red-necked stints along the EAAF
16668353230,TRUE,2019-08-07T22:10:55Z,TRUE,2019-08-07T22:10:55Z,FALSE,FALSE,solar-geolocator-twilight,Calidris ruficollis,BQ576,036-96507,Tracking Red-necked stints along the EAAF
16668353238,TRUE,2019-08-08T11:49:14Z,FALSE,2019-08-08T11:49:14Z,FALSE,FALSE,solar-geolocator-twilight,Calidris ruficollis,BQ576,036-96507,Tracking Red-necked stints along the EAAF
16668353246,TRUE,2019-08-08T22:10:55Z,TRUE,2019-08-08T22:10:55Z,FALSE,FALSE,solar-geolocator-twilight,Calidris ruficollis,BQ576,036-96507,Tracking Red-necked stints along the EAAF
16668353254,TRUE,2019-08-09T11:39:14Z,FALSE,2019-08-09T11:39:14Z,FALSE,FALSE,solar-geolocator-twilight,Calidris ruficollis,BQ576,036-96507,Tracking Red-necked stints along the EAAF
16668353262,TRUE,2019-08-09T22:09:02Z,TRUE,2019-08-09T22:09:02Z,FALSE,FALSE,solar-geolocator-twilight,Calidris ruficollis,BQ576,036-96507,Tracking Red-necked stints along the EAAF
16668353270,TRUE,2019-08-10T11:45:30Z,FALSE,2019-08-10T11:45:30Z,FALSE,FALSE,solar-geolocator-twilight,Calidris ruficollis,BQ576,036-96507,Tracking Red-necked stints along the EAAF
16668353278,TRUE,2019-08-10T22:06:21Z,TRUE,2019-08-10T22:06:21Z,FALSE,FALSE,solar-geolocator-twilight,Calidris ruficollis,BQ576,036-96507,Tracking Red-necked stints along the EAAF
16668353286,TRUE,2019-08-11T11:36:00Z,FALSE,2019-08-11T11:36:00Z,FALSE,FALSE,solar-geolocator-twilight,Calidris ruficollis,BQ576,036-96507,Tracking Red-necked stints along the EAAF
16668353292,TRUE,2019-08-11T21:59:30Z,TRUE,2019-08-11T21:59:30Z,FALSE,FALSE,solar-geolocator-twilight,Calidris ruficollis,BQ576,036-96507,Tracking Red-necked stints along the EAAF
16668353301,TRUE,2019-08-12T11:29:38Z,FALSE,2019-08-12T11:11:55Z,FALSE,FALSE,solar-geolocator-twilight,Calidris ruficollis,BQ576,036-96507,Tracking Red-necked stints along the EAAF
16668353309,TRUE,2019-08-12T22:07:11Z,TRUE,2019-08-12T22:07:11Z,FALSE,FALSE,solar-geolocator-twilight,Calidris ruficollis,BQ576,036-96507,Tracking Red-necked stints along the EAAF
16668353316,TRUE,2019-08-13T11:27:34Z,FALSE,2019-08-13T11:27:34Z,FALSE,FALSE,solar-geolocator-twilight,Calidris ruficollis,BQ576,036-96507,Tracking Red-necked stints along the EAAF
16668353325,TRUE,2019-08-13T22:02:11Z,TRUE,2019-08-13T22:02:11Z,FALSE,FALSE,solar-geolocator-twilight,Calidris ruficollis,BQ576,036-96507,Tracking Red-necked stints along the EAAF
16668353333,TRUE,2019-08-14T11:31:00Z,FALSE,2019-08-14T11:31:00Z,FALSE,FALSE,solar-geolocator-twilight,Calidris ruficollis,BQ576,036-96507,Tracking Red-necked stints along the EAAF
16668353341,TRUE,2019-08-14T22:03:56Z,TRUE,2019-08-14T22:03:56Z,FALSE,FALSE,solar-geolocator-twilight,Calidris ruficollis,BQ576,036-96507,Tracking Red-necked stints along the EAAF
16668353349,TRUE,2019-08-15T11:29:14Z,FALSE,2019-08-15T11:29:14Z,FALSE,FALSE,solar-geolocator-twilight,Calidris ruficollis,BQ576,036-96507,Tracking Red-necked stints along the EAAF
16668353356,TRUE,2019-08-15T22:05:25Z,TRUE,2019-08-15T22:05:25Z,FALSE,FALSE,solar-geolocator-twilight,Calidris ruficollis,BQ576,036-96507,Tracking Red-necked stints along the EAAF
16668353365,TRUE,2019-08-16T11:25:30Z,FALSE,2019-08-16T11:25:30Z,FALSE,FALSE,solar-geolocator-twilight,Calidris ruficollis,BQ576,036-96507,Tracking Red-necked stints along the EAAF
16668353372,TRUE,2019-08-16T22:03:56Z,TRUE,2019-08-16T22:03:56Z,FALSE,FALSE,solar-geolocator-twilight,Calidris ruficollis,BQ576,036-96507,Tracking Red-necked stints along the EAAF
16668353382,TRUE,2019-08-17T11:29:14Z,FALSE,2019-08-17T11:29:14Z,FALSE,FALSE,solar-geolocator-twilight,Calidris ruficollis,BQ576,036-96507,Tracking Red-necked stints along the EAAF
16668353388,TRUE,2019-08-17T22:05:39Z,TRUE,2019-08-17T22:05:39Z,FALSE,FALSE,solar-geolocator-twilight,Calidris ruficollis,BQ576,036-96507,Tracking Red-necked stints along the EAAF
16668353398,TRUE,2019-08-18T11:25:04Z,FALSE,2019-08-18T11:25:04Z,FALSE,FALSE,solar-geolocator-twilight,Calidris ruficollis,BQ576,036-96507,Tracking Red-necked stints along the EAAF
16668353404,TRUE,2019-08-18T22:03:46Z,TRUE,2019-08-18T22:03:46Z,FALSE,FALSE,solar-geolocator-twilight,Calidris ruficollis,BQ576,036-96507,Tracking Red-necked stints along the EAAF
16668353413,TRUE,2019-08-19T11:05:04Z,FALSE,2019-08-19T11:05:04Z,FALSE,FALSE,solar-geolocator-twilight,Calidris ruficollis,BQ576,036-96507,Tracking Red-necked stints along the EAAF
16668353420,TRUE,2019-08-19T22:17:11Z,TRUE,2019-08-19T22:17:11Z,FALSE,FALSE,solar-geolocator-twilight,Calidris ruficollis,BQ576,036-96507,Tracking Red-necked stints along the EAAF
16668353429,TRUE,2019-08-20T11:07:29Z,FALSE,2019-08-20T11:07:29Z,FALSE,FALSE,solar-geolocator-twilight,Calidris ruficollis,BQ576,036-96507,Tracking Red-necked stints along the EAAF
16668353436,TRUE,2019-08-20T22:11:21Z,TRUE,2019-08-20T22:11:21Z,FALSE,FALSE,solar-geolocator-twilight,Calidris ruficollis,BQ576,036-96507,Tracking Red-necked stints along the EAAF
16668353445,TRUE,2019-08-21T10:59:14Z,FALSE,2019-08-21T10:59:14Z,FALSE,FALSE,solar-geolocator-twilight,Calidris ruficollis,BQ576,036-96507,Tracking Red-necked stints along the EAAF
16668353452,TRUE,2019-08-21T22:18:56Z,TRUE,2019-08-21T22:18:56Z,FALSE,FALSE,solar-geolocator-twilight,Calidris ruficollis,BQ576,036-96507,Tracking Red-necked stints along the EAAF
16668353461,TRUE,2019-08-22T10:59:38Z,FALSE,2019-08-22T10:42:23Z,FALSE,FALSE,solar-geolocator-twilight,Calidris ruficollis,BQ576,036-96507,Tracking Red-necked stints along the EAAF
16668353468,TRUE,2019-08-22T22:27:11Z,TRUE,2019-08-22T22:27:11Z,FALSE,FALSE,solar-geolocator-twilight,Calidris ruficollis,BQ576,036-96507,Tracking Red-necked stints along the EAAF
16668353477,TRUE,2019-08-23T11:00:30Z,FALSE,2019-08-23T11:00:30Z,FALSE,FALSE,solar-geolocator-twilight,Calidris ruficollis,BQ576,036-96507,Tracking Red-necked stints along the EAAF
16668353485,TRUE,2019-08-23T22:31:40Z,TRUE,2019-08-23T17:02:11Z,FALSE,FALSE,solar-geolocator-twilight,Calidris ruficollis,BQ576,036-96507,Tracking Red-necked stints along the EAAF
16668353493,TRUE,2019-08-24T11:09:14Z,FALSE,2019-08-24T11:09:14Z,FALSE,FALSE,solar-geolocator-twilight,Calidris ruficollis,BQ576,036-96507,Tracking Red-necked stints along the EAAF
16668353501,TRUE,2019-08-24T22:26:21Z,TRUE,2019-08-24T22:26:21Z,FALSE,FALSE,solar-geolocator-twilight,Calidris ruficollis,BQ576,036-96507,Tracking Red-necked stints along the EAAF
16668353509,TRUE,2019-08-25T11:05:30Z,FALSE,2019-08-25T11:05:30Z,FALSE,FALSE,solar-geolocator-twilight,Calidris ruficollis,BQ576,036-96507,Tracking Red-necked stints along the EAAF
16668353517,TRUE,2019-08-25T22:30:55Z,TRUE,2019-08-25T22:30:55Z,FALSE,FALSE,solar-geolocator-twilight,Calidris ruficollis,BQ576,036-96507,Tracking Red-necked stints along the EAAF
16668353526,TRUE,2019-08-26T11:09:14Z,FALSE,2019-08-26T11:09:14Z,FALSE,FALSE,solar-geolocator-twilight,Calidris ruficollis,BQ576,036-96507,Tracking Red-necked stints along the EAAF
16668353533,TRUE,2019-08-26T22:28:43Z,TRUE,2019-08-26T22:28:43Z,FALSE,FALSE,solar-geolocator-twilight,Calidris ruficollis,BQ576,036-96507,Tracking Red-necked stints along the EAAF
16668353541,TRUE,2019-08-27T11:07:14Z,FALSE,2019-08-27T11:07:14Z,FALSE,FALSE,solar-geolocator-twilight,Calidris ruficollis,BQ576,036-96507,Tracking Red-necked stints along the EAAF
16668353549,TRUE,2019-08-27T22:30:25Z,TRUE,2019-08-27T22:30:25Z,FALSE,FALSE,solar-geolocator-twilight,Calidris ruficollis,BQ576,036-96507,Tracking Red-necked stints along the EAAF
16668353558,TRUE,2019-08-28T11:07:14Z,FALSE,2019-08-28T11:07:14Z,FALSE,FALSE,solar-geolocator-twilight,Calidris ruficollis,BQ576,036-96507,Tracking Red-necked stints along the EAAF
16668353565,TRUE,2019-08-28T22:27:11Z,TRUE,2019-08-28T22:27:11Z,FALSE,FALSE,solar-geolocator-twilight,Calidris ruficollis,BQ576,036-96507,Tracking Red-necked stints along the EAAF
16668353572,TRUE,2019-08-29T11:04:14Z,FALSE,2019-08-29T11:04:14Z,FALSE,FALSE,solar-geolocator-twilight,Calidris ruficollis,BQ576,036-96507,Tracking Red-necked stints along the EAAF
16668353581,TRUE,2019-08-29T22:25:18Z,TRUE,2019-08-29T22:25:18Z,FALSE,FALSE,solar-geolocator-twilight,Calidris ruficollis,BQ576,036-96507,Tracking Red-necked stints along the EAAF
16668353588,TRUE,2019-08-30T11:09:14Z,FALSE,2019-08-30T11:09:14Z,FALSE,FALSE,solar-geolocator-twilight,Calidris ruficollis,BQ576,036-96507,Tracking Red-necked stints along the EAAF
16668353597,TRUE,2019-08-30T22:24:02Z,TRUE,2019-08-30T22:24:02Z,FALSE,FALSE,solar-geolocator-twilight,Calidris ruficollis,BQ576,036-96507,Tracking Red-necked stints along the EAAF
16668353604,TRUE,2019-08-31T11:07:23Z,FALSE,2019-08-31T11:07:23Z,FALSE,FALSE,solar-geolocator-twilight,Calidris ruficollis,BQ576,036-96507,Tracking Red-necked stints along the EAAF
16668353614,TRUE,2019-08-31T22:26:21Z,TRUE,2019-08-31T22:26:21Z,FALSE,FALSE,solar-geolocator-twilight,Calidris ruficollis,BQ576,036-96507,Tracking Red-necked stints along the EAAF
16668353621,TRUE,2019-09-01T11:10:04Z,FALSE,2019-09-01T11:10:04Z,FALSE,FALSE,solar-geolocator-twilight,Calidris ruficollis,BQ576,036-96507,Tracking Red-necked stints along the EAAF
16668353630,TRUE,2019-09-01T22:23:41Z,TRUE,2019-09-01T22:23:41Z,FALSE,FALSE,solar-geolocator-twilight,Calidris ruficollis,BQ576,036-96507,Tracking Red-necked stints along the EAAF
16668353637,TRUE,2019-09-02T11:02:51Z,FALSE,2019-09-02T11:02:51Z,FALSE,FALSE,solar-geolocator-twilight,Calidris ruficollis,BQ576,036-96507,Tracking Red-necked stints along the EAAF
16668353646,TRUE,2019-09-02T22:24:30Z,TRUE,2019-09-02T22:24:30Z,FALSE,FALSE,solar-geolocator-twilight,Calidris ruficollis,BQ576,036-96507,Tracking Red-necked stints along the EAAF
16668353653,TRUE,2019-09-03T11:05:58Z,FALSE,2019-09-03T11:05:58Z,FALSE,FALSE,solar-geolocator-twilight,Calidris ruficollis,BQ576,036-96507,Tracking Red-necked stints along the EAAF
16668353662,TRUE,2019-09-03T22:25:27Z,TRUE,2019-09-03T22:25:27Z,FALSE,FALSE,solar-geolocator-twilight,Calidris ruficollis,BQ576,036-96507,Tracking Red-necked stints along the EAAF
16668353669,TRUE,2019-09-04T11:07:29Z,FALSE,2019-09-04T11:07:29Z,FALSE,FALSE,solar-geolocator-twilight,Calidris ruficollis,BQ576,036-96507,Tracking Red-necked stints along the EAAF
16668353676,TRUE,2019-09-04T22:07:11Z,TRUE,2019-09-04T22:07:11Z,FALSE,FALSE,solar-geolocator-twilight,Calidris ruficollis,BQ576,036-96507,Tracking Red-necked stints along the EAAF
16668353685,TRUE,2019-09-05T10:57:14Z,FALSE,2019-09-05T10:57:14Z,FALSE,FALSE,solar-geolocator-twilight,Calidris ruficollis,BQ576,036-96507,Tracking Red-necked stints along the EAAF
16668353691,TRUE,2019-09-05T21:57:11Z,TRUE,2019-09-05T21:57:11Z,FALSE,FALSE,solar-geolocator-twilight,Calidris ruficollis,BQ576,036-96507,Tracking Red-necked stints along the EAAF
16668353699,TRUE,2019-09-06T10:30:30Z,FALSE,2019-09-06T10:30:30Z,FALSE,FALSE,solar-geolocator-twilight,Calidris ruficollis,BQ576,036-96507,Tracking Red-necked stints along the EAAF
16668353707,TRUE,2019-09-06T21:44:02Z,TRUE,2019-09-06T21:44:02Z,FALSE,FALSE,solar-geolocator-twilight,Calidris ruficollis,BQ576,036-96507,Tracking Red-necked stints along the EAAF
16668353714,TRUE,2019-09-07T09:44:14Z,FALSE,2019-09-07T09:44:14Z,FALSE,FALSE,solar-geolocator-twilight,Calidris ruficollis,BQ576,036-96507,Tracking Red-necked stints along the EAAF
16668353722,TRUE,2019-09-07T20:45:39Z,TRUE,2019-09-07T20:45:39Z,FALSE,FALSE,solar-geolocator-twilight,Calidris ruficollis,BQ576,036-96507,Tracking Red-necked stints along the EAAF
16668353730,TRUE,2019-09-08T09:02:37Z,FALSE,2019-09-08T09:02:37Z,FALSE,FALSE,solar-geolocator-twilight,Calidris ruficollis,BQ576,036-96507,Tracking Red-necked stints along the EAAF
16668353738,TRUE,2019-09-08T20:31:21Z,TRUE,2019-09-08T20:31:21Z,FALSE,FALSE,solar-geolocator-twilight,Calidris ruficollis,BQ576,036-96507,Tracking Red-necked stints along the EAAF
16668353746,TRUE,2019-09-09T09:05:30Z,FALSE,2019-09-09T09:05:30Z,FALSE,FALSE,solar-geolocator-twilight,Calidris ruficollis,BQ576,036-96507,Tracking Red-necked stints along the EAAF
16668353754,TRUE,2019-09-09T20:26:21Z,TRUE,2019-09-09T20:26:21Z,FALSE,FALSE,solar-geolocator-twilight,Calidris ruficollis,BQ576,036-96507,Tracking Red-necked stints along the EAAF
16668353762,TRUE,2019-09-10T09:01:55Z,FALSE,2019-09-10T09:01:55Z,FALSE,FALSE,solar-geolocator-twilight,Calidris ruficollis,BQ576,036-96507,Tracking Red-necked stints along the EAAF
16668353770,TRUE,2019-09-10T20:20:25Z,TRUE,2019-09-10T20:20:25Z,FALSE,FALSE,solar-geolocator-twilight,Calidris ruficollis,BQ576,036-96507,Tracking Red-necked stints along the EAAF
16668353778,TRUE,2019-09-11T09:02:29Z,FALSE,2019-09-11T09:02:29Z,FALSE,FALSE,solar-geolocator-twilight,Calidris ruficollis,BQ576,036-96507,Tracking Red-necked stints along the EAAF
16668353786,TRUE,2019-09-11T20:34:11Z,TRUE,2019-09-11T20:34:11Z,FALSE,FALSE,solar-geolocator-twilight,Calidris ruficollis,BQ576,036-96507,Tracking Red-necked stints along the EAAF
16668353794,TRUE,2019-09-12T09:04:14Z,FALSE,2019-09-12T09:04:14Z,FALSE,FALSE,solar-geolocator-twilight,Calidris ruficollis,BQ576,036-96507,Tracking Red-necked stints along the EAAF
16668353802,TRUE,2019-09-12T20:19:30Z,TRUE,2019-09-12T20:19:30Z,FALSE,FALSE,solar-geolocator-twilight,Calidris ruficollis,BQ576,036-96507,Tracking Red-necked stints along the EAAF
16668353810,TRUE,2019-09-13T09:09:14Z,FALSE,2019-09-13T09:09:14Z,FALSE,FALSE,solar-geolocator-twilight,Calidris ruficollis,BQ576,036-96507,Tracking Red-necked stints along the EAAF
16668353818,TRUE,2019-09-13T20:19:30Z,TRUE,2019-09-13T20:19:30Z,FALSE,FALSE,solar-geolocator-twilight,Calidris ruficollis,BQ576,036-96507,Tracking Red-necked stints along the EAAF
16668353826,TRUE,2019-09-14T09:10:04Z,FALSE,2019-09-14T09:10:04Z,FALSE,FALSE,solar-geolocator-twilight,Calidris ruficollis,BQ576,036-96507,Tracking Red-necked stints along the EAAF
16668353836,TRUE,2019-09-14T20:25:55Z,TRUE,2019-09-14T20:25:55Z,FALSE,FALSE,solar-geolocator-twilight,Calidris ruficollis,BQ576,036-96507,Tracking Red-necked stints along the EAAF
16668353845,TRUE,2019-09-15T09:02:34Z,FALSE,2019-09-15T09:02:34Z,FALSE,FALSE,solar-geolocator-twilight,Calidris ruficollis,BQ576,036-96507,Tracking Red-necked stints along the EAAF
16668353855,TRUE,2019-09-15T20:39:30Z,TRUE,2019-09-15T20:39:30Z,FALSE,FALSE,solar-geolocator-twilight,Calidris ruficollis,BQ576,036-96507,Tracking Red-necked stints along the EAAF
16668353863,TRUE,2019-09-16T09:09:14Z,FALSE,2019-09-16T09:09:14Z,FALSE,FALSE,solar-geolocator-twilight,Calidris ruficollis,BQ576,036-96507,Tracking Red-necked stints along the EAAF
16668353873,TRUE,2019-09-16T20:14:02Z,TRUE,2019-09-16T20:14:02Z,FALSE,FALSE,solar-geolocator-twilight,Calidris ruficollis,BQ576,036-96507,Tracking Red-necked stints along the EAAF
16668353881,TRUE,2019-09-17T09:11:55Z,FALSE,2019-09-17T09:11:55Z,FALSE,FALSE,solar-geolocator-twilight,Calidris ruficollis,BQ576,036-96507,Tracking Red-necked stints along the EAAF
16668353891,TRUE,2019-09-17T20:12:11Z,TRUE,2019-09-17T20:12:11Z,FALSE,FALSE,solar-geolocator-twilight,Calidris ruficollis,BQ576,036-96507,Tracking Red-necked stints along the EAAF
16668353899,TRUE,2019-09-18T09:14:14Z,FALSE,2019-09-18T09:14:14Z,FALSE,FALSE,solar-geolocator-twilight,Calidris ruficollis,BQ576,036-96507,Tracking Red-necked stints along the EAAF
16668353909,TRUE,2019-09-18T20:16:21Z,TRUE,2019-09-18T20:16:21Z,FALSE,FALSE,solar-geolocator-twilight,Calidris ruficollis,BQ576,036-96507,Tracking Red-necked stints along the EAAF
16668353917,TRUE,2019-09-19T09:05:30Z,FALSE,2019-09-19T09:05:30Z,FALSE,FALSE,solar-geolocator-twilight,Calidris ruficollis,BQ576,036-96507,Tracking Red-necked stints along the EAAF
16668353925,TRUE,2019-09-19T20:00:55Z,TRUE,2019-09-19T20:00:55Z,FALSE,FALSE,solar-geolocator-twilight,Calidris ruficollis,BQ576,036-96507,Tracking Red-necked stints along the EAAF
16668353935,TRUE,2019-09-20T08:46:00Z,FALSE,2019-09-20T08:46:00Z,FALSE,FALSE,solar-geolocator-twilight,Calidris ruficollis,BQ576,036-96507,Tracking Red-necked stints along the EAAF
16668353939,TRUE,2019-09-20T19:52:11Z,TRUE,2019-09-20T19:52:11Z,FALSE,FALSE,solar-geolocator-twilight,Calidris ruficollis,BQ576,036-96507,Tracking Red-necked stints along the EAAF
16668353949,TRUE,2019-09-21T08:30:04Z,FALSE,2019-09-21T08:30:04Z,FALSE,FALSE,solar-geolocator-twilight,Calidris ruficollis,BQ576,036-96507,Tracking Red-necked stints along the EAAF
16668353957,TRUE,2019-09-21T19:40:55Z,TRUE,2019-09-21T19:40:55Z,FALSE,FALSE,solar-geolocator-twilight,Calidris ruficollis,BQ576,036-96507,Tracking Red-necked stints along the EAAF
16668353969,TRUE,2019-09-22T08:41:00Z,FALSE,2019-09-22T08:41:00Z,FALSE,FALSE,solar-geolocator-twilight,Calidris ruficollis,BQ576,036-96507,Tracking Red-necked stints along the EAAF
16668353976,TRUE,2019-09-22T19:49:30Z,TRUE,2019-09-22T19:49:30Z,FALSE,FALSE,solar-geolocator-twilight,Calidris ruficollis,BQ576,036-96507,Tracking Red-necked stints along the EAAF
16668353985,TRUE,2019-09-23T08:32:49Z,FALSE,2019-09-23T08:32:49Z,FALSE,FALSE,solar-geolocator-twilight,Calidris ruficollis,BQ576,036-96507,Tracking Red-necked stints along the EAAF
16668353995,TRUE,2019-09-23T19:37:11Z,TRUE,2019-09-23T19:37:11Z,FALSE,FALSE,solar-geolocator-twilight,Calidris ruficollis,BQ576,036-96507,Tracking Red-necked stints along the EAAF
16668354008,TRUE,2019-09-24T08:34:14Z,FALSE,2019-09-24T08:34:14Z,FALSE,FALSE,solar-geolocator-twilight,Calidris ruficollis,BQ576,036-96507,Tracking Red-necked stints along the EAAF
16668354016,TRUE,2019-09-24T19:40:25Z,TRUE,2019-09-24T19:40:25Z,FALSE,FALSE,solar-geolocator-twilight,Calidris ruficollis,BQ576,036-96507,Tracking Red-necked stints along the EAAF
16668354028,TRUE,2019-09-25T08:40:04Z,FALSE,2019-09-25T08:40:04Z,FALSE,FALSE,solar-geolocator-twilight,Calidris ruficollis,BQ576,036-96507,Tracking Red-necked stints along the EAAF
16668354034,TRUE,2019-09-25T19:40:25Z,TRUE,2019-09-25T19:40:25Z,FALSE,FALSE,solar-geolocator-twilight,Calidris ruficollis,BQ576,036-96507,Tracking Red-necked stints along the EAAF
16668354046,TRUE,2019-09-26T08:47:39Z,FALSE,2019-09-26T08:47:39Z,FALSE,FALSE,solar-geolocator-twilight,Calidris ruficollis,BQ576,036-96507,Tracking Red-necked stints along the EAAF
16668354054,TRUE,2019-09-26T19:38:51Z,TRUE,2019-09-26T19:38:51Z,FALSE,FALSE,solar-geolocator-twilight,Calidris ruficollis,BQ576,036-96507,Tracking Red-necked stints along the EAAF
16668354065,TRUE,2019-09-27T08:45:04Z,FALSE,2019-09-27T08:45:04Z,FALSE,FALSE,solar-geolocator-twilight,Calidris ruficollis,BQ576,036-96507,Tracking Red-necked stints along the EAAF
16668354072,TRUE,2019-09-27T19:31:21Z,TRUE,2019-09-27T19:31:21Z,FALSE,FALSE,solar-geolocator-twilight,Calidris ruficollis,BQ576,036-96507,Tracking Red-necked stints along the EAAF
16668354084,TRUE,2019-09-28T08:46:00Z,FALSE,2019-09-28T08:46:00Z,FALSE,FALSE,solar-geolocator-twilight,Calidris ruficollis,BQ576,036-96507,Tracking Red-necked stints along the EAAF
16668354090,TRUE,2019-09-28T19:39:30Z,TRUE,2019-09-28T19:39:30Z,FALSE,FALSE,solar-geolocator-twilight,Calidris ruficollis,BQ576,036-96507,Tracking Red-necked stints along the EAAF
16668354102,TRUE,2019-09-29T08:46:00Z,FALSE,2019-09-29T08:46:00Z,FALSE,FALSE,solar-geolocator-twilight,Calidris ruficollis,BQ576,036-96507,Tracking Red-necked stints along the EAAF
16668354108,TRUE,2019-09-29T19:35:25Z,TRUE,2019-09-29T19:35:25Z,FALSE,FALSE,solar-geolocator-twilight,Calidris ruficollis,BQ576,036-96507,Tracking Red-necked stints along the EAAF
16668354120,TRUE,2019-09-30T08:50:04Z,FALSE,2019-09-30T08:50:04Z,FALSE,FALSE,solar-geolocator-twilight,Calidris ruficollis,BQ576,036-96507,Tracking Red-necked stints along the EAAF
16668354123,TRUE,2019-09-30T19:20:25Z,TRUE,2019-09-30T19:20:25Z,FALSE,FALSE,solar-geolocator-twilight,Calidris ruficollis,BQ576,036-96507,Tracking Red-necked stints along the EAAF
16668354136,TRUE,2019-10-01T08:56:55Z,FALSE,2019-10-01T08:56:55Z,FALSE,FALSE,solar-geolocator-twilight,Calidris ruficollis,BQ576,036-96507,Tracking Red-necked stints along the EAAF
16668354141,TRUE,2019-10-01T19:27:11Z,TRUE,2019-10-01T19:27:11Z,FALSE,FALSE,solar-geolocator-twilight,Calidris ruficollis,BQ576,036-96507,Tracking Red-necked stints along the EAAF
16668354149,TRUE,2019-10-02T08:42:23Z,FALSE,2019-10-02T08:42:23Z,FALSE,FALSE,solar-geolocator-twilight,Calidris ruficollis,BQ576,036-96507,Tracking Red-necked stints along the EAAF
16668354157,TRUE,2019-10-02T19:24:02Z,TRUE,2019-10-02T19:24:02Z,FALSE,FALSE,solar-geolocator-twilight,Calidris ruficollis,BQ576,036-96507,Tracking Red-necked stints along the EAAF
16668354168,TRUE,2019-10-03T08:56:00Z,FALSE,2019-10-03T08:56:00Z,FALSE,FALSE,solar-geolocator-twilight,Calidris ruficollis,BQ576,036-96507,Tracking Red-necked stints along the EAAF
16668354172,TRUE,2019-10-03T19:27:11Z,TRUE,2019-10-03T19:27:11Z,FALSE,FALSE,solar-geolocator-twilight,Calidris ruficollis,BQ576,036-96507,Tracking Red-necked stints along the EAAF
16668354184,TRUE,2019-10-04T08:41:00Z,FALSE,2019-10-04T08:41:00Z,FALSE,FALSE,solar-geolocator-twilight,Calidris ruficollis,BQ576,036-96507,Tracking Red-necked stints along the EAAF
16668354188,TRUE,2019-10-04T19:20:39Z,TRUE,2019-10-04T19:20:39Z,FALSE,FALSE,solar-geolocator-twilight,Calidris ruficollis,BQ576,036-96507,Tracking Red-necked stints along the EAAF
16668354199,TRUE,2019-10-05T08:44:14Z,FALSE,2019-10-05T08:44:14Z,FALSE,FALSE,solar-geolocator-twilight,Calidris ruficollis,BQ576,036-96507,Tracking Red-necked stints along the EAAF
16668354203,TRUE,2019-10-05T19:27:11Z,TRUE,2019-10-05T19:27:11Z,FALSE,FALSE,solar-geolocator-twilight,Calidris ruficollis,BQ576,036-96507,Tracking Red-necked stints along the EAAF
16668354216,TRUE,2019-10-06T08:49:14Z,FALSE,2019-10-06T08:49:14Z,FALSE,FALSE,solar-geolocator-twilight,Calidris ruficollis,BQ576,036-96507,Tracking Red-necked stints along the EAAF
16668354222,TRUE,2019-10-06T19:27:11Z,TRUE,2019-10-06T19:27:11Z,FALSE,FALSE,solar-geolocator-twilight,Calidris ruficollis,BQ576,036-96507,Tracking Red-necked stints along the EAAF
16668354234,TRUE,2019-10-07T08:50:04Z,FALSE,2019-10-07T08:50:04Z,FALSE,FALSE,solar-geolocator-twilight,Calidris ruficollis,BQ576,036-96507,Tracking Red-necked stints along the EAAF
16668354238,TRUE,2019-10-07T19:22:11Z,TRUE,2019-10-07T19:22:11Z,FALSE,FALSE,solar-geolocator-twilight,Calidris ruficollis,BQ576,036-96507,Tracking Red-necked stints along the EAAF
16668354248,TRUE,2019-10-08T08:51:00Z,FALSE,2019-10-08T08:51:00Z,FALSE,FALSE,solar-geolocator-twilight,Calidris ruficollis,BQ576,036-96507,Tracking Red-necked stints along the EAAF
16668354254,TRUE,2019-10-08T19:17:11Z,TRUE,2019-10-08T19:17:11Z,FALSE,FALSE,solar-geolocator-twilight,Calidris ruficollis,BQ576,036-96507,Tracking Red-necked stints along the EAAF
16668354265,TRUE,2019-10-09T08:51:13Z,FALSE,2019-10-09T08:51:13Z,FALSE,FALSE,solar-geolocator-twilight,Calidris ruficollis,BQ576,036-96507,Tracking Red-necked stints along the EAAF
16668354269,TRUE,2019-10-09T19:17:11Z,TRUE,2019-10-09T19:17:11Z,FALSE,FALSE,solar-geolocator-twilight,Calidris ruficollis,BQ576,036-96507,Tracking Red-necked stints along the EAAF
16668354280,TRUE,2019-10-10T08:54:14Z,FALSE,2019-10-10T08:54:14Z,FALSE,FALSE,solar-geolocator-twilight,Calidris ruficollis,BQ576,036-96507,Tracking Red-necked stints along the EAAF
16668354287,TRUE,2019-10-10T19:11:21Z,TRUE,2019-10-10T19:11:21Z,FALSE,FALSE,solar-geolocator-twilight,Calidris ruficollis,BQ576,036-96507,Tracking Red-necked stints along the EAAF
16668354299,TRUE,2019-10-11T09:06:00Z,FALSE,2019-10-11T09:06:00Z,FALSE,FALSE,solar-geolocator-twilight,Calidris ruficollis,BQ576,036-96507,Tracking Red-necked stints along the EAAF
16668354302,TRUE,2019-10-11T19:12:11Z,TRUE,2019-10-11T19:12:11Z,FALSE,FALSE,solar-geolocator-twilight,Calidris ruficollis,BQ576,036-96507,Tracking Red-necked stints along the EAAF
16668354314,TRUE,2019-10-12T09:07:14Z,FALSE,2019-10-12T09:07:14Z,FALSE,FALSE,solar-geolocator-twilight,Calidris ruficollis,BQ576,036-96507,Tracking Red-necked stints along the EAAF
16668354318,TRUE,2019-10-12T19:05:25Z,TRUE,2019-10-12T19:05:25Z,FALSE,FALSE,solar-geolocator-twilight,Calidris ruficollis,BQ576,036-96507,Tracking Red-necked stints along the EAAF
16668354329,TRUE,2019-10-13T09:02:41Z,FALSE,2019-10-13T09:02:41Z,FALSE,FALSE,solar-geolocator-twilight,Calidris ruficollis,BQ576,036-96507,Tracking Red-necked stints along the EAAF
16668354335,TRUE,2019-10-13T19:18:41Z,TRUE,2019-10-13T19:18:41Z,FALSE,FALSE,solar-geolocator-twilight,Calidris ruficollis,BQ576,036-96507,Tracking Red-necked stints along the EAAF
16668354346,TRUE,2019-10-14T09:00:04Z,FALSE,2019-10-14T09:00:04Z,FALSE,FALSE,solar-geolocator-twilight,Calidris ruficollis,BQ576,036-96507,Tracking Red-necked stints along the EAAF
16668354350,TRUE,2019-10-14T19:09:30Z,TRUE,2019-10-14T19:09:30Z,FALSE,FALSE,solar-geolocator-twilight,Calidris ruficollis,BQ576,036-96507,Tracking Red-necked stints along the EAAF
16668354363,TRUE,2019-10-15T08:57:29Z,FALSE,2019-10-15T08:57:29Z,FALSE,FALSE,solar-geolocator-twilight,Calidris ruficollis,BQ576,036-96507,Tracking Red-necked stints along the EAAF
16668354367,TRUE,2019-10-15T19:16:21Z,TRUE,2019-10-15T19:16:21Z,FALSE,FALSE,solar-geolocator-twilight,Calidris ruficollis,BQ576,036-96507,Tracking Red-necked stints along the EAAF
16668354379,TRUE,2019-10-16T09:07:23Z,FALSE,2019-10-16T09:07:23Z,FALSE,FALSE,solar-geolocator-twilight,Calidris ruficollis,BQ576,036-96507,Tracking Red-necked stints along the EAAF
16668354382,TRUE,2019-10-16T19:12:11Z,TRUE,2019-10-16T19:12:11Z,FALSE,FALSE,solar-geolocator-twilight,Calidris ruficollis,BQ576,036-96507,Tracking Red-necked stints along the EAAF
16668354394,TRUE,2019-10-17T09:02:23Z,FALSE,2019-10-17T09:02:23Z,FALSE,FALSE,solar-geolocator-twilight,Calidris ruficollis,BQ576,036-96507,Tracking Red-necked stints along the EAAF
16668354398,TRUE,2019-10-17T19:10:25Z,TRUE,2019-10-17T19:10:25Z,FALSE,FALSE,solar-geolocator-twilight,Calidris ruficollis,BQ576,036-96507,Tracking Red-necked stints along the EAAF
16668354411,TRUE,2019-10-18T08:59:14Z,FALSE,2019-10-18T08:59:14Z,FALSE,FALSE,solar-geolocator-twilight,Calidris ruficollis,BQ576,036-96507,Tracking Red-necked stints along the EAAF
16668354414,TRUE,2019-10-18T18:59:30Z,TRUE,2019-10-18T18:59:30Z,FALSE,FALSE,solar-geolocator-twilight,Calidris ruficollis,BQ576,036-96507,Tracking Red-necked stints along the EAAF
16668354423,TRUE,2019-10-19T09:00:04Z,FALSE,2019-10-19T09:00:04Z,FALSE,FALSE,solar-geolocator-twilight,Calidris ruficollis,BQ576,036-96507,Tracking Red-necked stints along the EAAF
16668354430,TRUE,2019-10-19T19:02:11Z,TRUE,2019-10-19T19:02:11Z,FALSE,FALSE,solar-geolocator-twilight,Calidris ruficollis,BQ576,036-96507,Tracking Red-necked stints along the EAAF
16668354443,TRUE,2019-10-20T09:01:55Z,FALSE,2019-10-20T09:01:55Z,FALSE,FALSE,solar-geolocator-twilight,Calidris ruficollis,BQ576,036-96507,Tracking Red-necked stints along the EAAF
16668354446,TRUE,2019-10-20T19:07:11Z,TRUE,2019-10-20T19:07:11Z,FALSE,FALSE,solar-geolocator-twilight,Calidris ruficollis,BQ576,036-96507,Tracking Red-necked stints along the EAAF
16668354458,TRUE,2019-10-21T09:09:14Z,FALSE,2019-10-21T09:09:14Z,FALSE,FALSE,solar-geolocator-twilight,Calidris ruficollis,BQ576,036-96507,Tracking Red-necked stints along the EAAF
16668354460,TRUE,2019-10-21T19:04:02Z,TRUE,2019-10-21T19:04:02Z,FALSE,FALSE,solar-geolocator-twilight,Calidris ruficollis,BQ576,036-96507,Tracking Red-necked stints along the EAAF
16668354469,TRUE,2019-10-22T09:02:14Z,FALSE,2019-10-22T09:02:14Z,FALSE,FALSE,solar-geolocator-twilight,Calidris ruficollis,BQ576,036-96507,Tracking Red-necked stints along the EAAF
16668354475,TRUE,2019-10-22T18:54:11Z,TRUE,2019-10-22T18:54:11Z,FALSE,FALSE,solar-geolocator-twilight,Calidris ruficollis,BQ576,036-96507,Tracking Red-necked stints along the EAAF
16668354483,TRUE,2019-10-23T09:02:14Z,FALSE,2019-10-23T09:02:14Z,FALSE,FALSE,solar-geolocator-twilight,Calidris ruficollis,BQ576,036-96507,Tracking Red-necked stints along the EAAF
16668354488,TRUE,2019-10-23T18:53:48Z,TRUE,2019-10-23T18:53:48Z,FALSE,FALSE,solar-geolocator-twilight,Calidris ruficollis,BQ576,036-96507,Tracking Red-necked stints along the EAAF
16668354501,TRUE,2019-10-24T09:15:58Z,FALSE,2019-10-24T09:15:58Z,FALSE,FALSE,solar-geolocator-twilight,Calidris ruficollis,BQ576,036-96507,Tracking Red-necked stints along the EAAF
16668354502,TRUE,2019-10-24T18:57:11Z,TRUE,2019-10-24T18:57:11Z,FALSE,FALSE,solar-geolocator-twilight,Calidris ruficollis,BQ576,036-96507,Tracking Red-necked stints along the EAAF
16668354515,TRUE,2019-10-25T09:07:39Z,FALSE,2019-10-25T09:07:39Z,FALSE,FALSE,solar-geolocator-twilight,Calidris ruficollis,BQ576,036-96507,Tracking Red-necked stints along the EAAF
16668354516,TRUE,2019-10-25T18:57:11Z,TRUE,2019-10-25T18:57:11Z,FALSE,FALSE,solar-geolocator-twilight,Calidris ruficollis,BQ576,036-96507,Tracking Red-necked stints along the EAAF
16668354529,TRUE,2019-10-26T09:15:04Z,FALSE,2019-10-26T09:15:04Z,FALSE,FALSE,solar-geolocator-twilight,Calidris ruficollis,BQ576,036-96507,Tracking Red-necked stints along the EAAF
16668354530,TRUE,2019-10-26T18:48:56Z,TRUE,2019-10-26T18:48:56Z,FALSE,FALSE,solar-geolocator-twilight,Calidris ruficollis,BQ576,036-96507,Tracking Red-necked stints along the EAAF
16668354543,TRUE,2019-10-27T09:16:55Z,FALSE,2019-10-27T09:16:55Z,FALSE,FALSE,solar-geolocator-twilight,Calidris ruficollis,BQ576,036-96507,Tracking Red-necked stints along the EAAF
16668354544,TRUE,2019-10-27T18:40:25Z,TRUE,2019-10-27T18:40:25Z,FALSE,FALSE,solar-geolocator-twilight,Calidris ruficollis,BQ576,036-96507,Tracking Red-necked stints along the EAAF
16668354556,TRUE,2019-10-28T09:21:55Z,FALSE,2019-10-28T09:21:55Z,FALSE,FALSE,solar-geolocator-twilight,Calidris ruficollis,BQ576,036-96507,Tracking Red-necked stints along the EAAF
16668354558,TRUE,2019-10-28T18:40:25Z,TRUE,2019-10-28T18:40:25Z,FALSE,FALSE,solar-geolocator-twilight,Calidris ruficollis,BQ576,036-96507,Tracking Red-necked stints along the EAAF
16668354571,TRUE,2019-10-29T09:25:04Z,FALSE,2019-10-29T09:25:04Z,FALSE,FALSE,solar-geolocator-twilight,Calidris ruficollis,BQ576,036-96507,Tracking Red-necked stints along the EAAF
16668354575,TRUE,2019-10-29T18:54:11Z,TRUE,2019-10-29T18:54:11Z,FALSE,FALSE,solar-geolocator-twilight,Calidris ruficollis,BQ576,036-96507,Tracking Red-necked stints along the EAAF
16668354585,TRUE,2019-10-30T09:26:00Z,FALSE,2019-10-30T09:26:00Z,FALSE,FALSE,solar-geolocator-twilight,Calidris ruficollis,BQ576,036-96507,Tracking Red-necked stints along the EAAF
16668354586,TRUE,2019-10-30T18:39:11Z,TRUE,2019-10-30T18:39:11Z,FALSE,FALSE,solar-geolocator-twilight,Calidris ruficollis,BQ576,036-96507,Tracking Red-necked stints along the EAAF
16668354593,TRUE,2019-10-31T09:11:07Z,FALSE,2019-10-31T09:11:07Z,FALSE,FALSE,solar-geolocator-twilight,Calidris ruficollis,BQ576,036-96507,Tracking Red-necked stints along the EAAF
16668354602,TRUE,2019-10-31T18:47:11Z,TRUE,2019-10-31T18:47:11Z,FALSE,FALSE,solar-geolocator-twilight,Calidris ruficollis,BQ576,036-96507,Tracking Red-necked stints along the EAAF
16668354608,TRUE,2019-11-01T09:06:55Z,FALSE,2019-11-01T09:06:55Z,FALSE,FALSE,solar-geolocator-twilight,Calidris ruficollis,BQ576,036-96507,Tracking Red-necked stints along the EAAF
16668354615,TRUE,2019-11-01T18:59:02Z,TRUE,2019-11-01T18:59:02Z,FALSE,FALSE,solar-geolocator-twilight,Calidris ruficollis,BQ576,036-96507,Tracking Red-necked stints along the EAAF
16668354621,TRUE,2019-11-02T09:11:07Z,FALSE,2019-11-02T09:11:07Z,FALSE,FALSE,solar-geolocator-twilight,Calidris ruficollis,BQ576,036-96507,Tracking Red-necked stints along the EAAF
16668354631,TRUE,2019-11-02T18:52:11Z,TRUE,2019-11-02T18:52:11Z,FALSE,FALSE,solar-geolocator-twilight,Calidris ruficollis,BQ576,036-96507,Tracking Red-necked stints along the EAAF
16668354639,TRUE,2019-11-03T09:04:14Z,FALSE,2019-11-03T09:04:14Z,FALSE,FALSE,solar-geolocator-twilight,Calidris ruficollis,BQ576,036-96507,Tracking Red-necked stints along the EAAF
16668354642,TRUE,2019-11-03T18:39:02Z,TRUE,2019-11-03T18:39:02Z,FALSE,FALSE,solar-geolocator-twilight,Calidris ruficollis,BQ576,036-96507,Tracking Red-necked stints along the EAAF
16668354655,TRUE,2019-11-04T09:21:55Z,FALSE,2019-11-04T09:21:55Z,FALSE,FALSE,solar-geolocator-twilight,Calidris ruficollis,BQ576,036-96507,Tracking Red-necked stints along the EAAF
16668354657,TRUE,2019-11-04T18:43:43Z,TRUE,2019-11-04T18:43:43Z,FALSE,FALSE,solar-geolocator-twilight,Calidris ruficollis,BQ576,036-96507,Tracking Red-necked stints along the EAAF
16668354669,TRUE,2019-11-05T09:30:04Z,FALSE,2019-11-05T09:30:04Z,FALSE,FALSE,solar-geolocator-twilight,Calidris ruficollis,BQ576,036-96507,Tracking Red-necked stints along the EAAF
16668354670,TRUE,2019-11-05T18:39:02Z,TRUE,2019-11-05T18:39:02Z,FALSE,FALSE,solar-geolocator-twilight,Calidris ruficollis,BQ576,036-96507,Tracking Red-necked stints along the EAAF
16668354678,TRUE,2019-11-06T09:07:14Z,FALSE,2019-11-06T09:07:14Z,FALSE,FALSE,solar-geolocator-twilight,Calidris ruficollis,BQ576,036-96507,Tracking Red-necked stints along the EAAF
16668354688,TRUE,2019-11-06T18:44:30Z,TRUE,2019-11-06T18:44:30Z,FALSE,FALSE,solar-geolocator-twilight,Calidris ruficollis,BQ576,036-96507,Tracking Red-necked stints along the EAAF
16668354692,TRUE,2019-11-07T09:09:14Z,FALSE,2019-11-07T09:09:14Z,FALSE,FALSE,solar-geolocator-twilight,Calidris ruficollis,BQ576,036-96507,Tracking Red-necked stints along the EAAF
16668354698,TRUE,2019-11-07T18:35:25Z,TRUE,2019-11-07T18:35:25Z,FALSE,FALSE,solar-geolocator-twilight,Calidris ruficollis,BQ576,036-96507,Tracking Red-necked stints along the EAAF
16668354707,TRUE,2019-11-08T09:17:41Z,FALSE,2019-11-08T09:17:41Z,FALSE,FALSE,solar-geolocator-twilight,Calidris ruficollis,BQ576,036-96507,Tracking Red-necked stints along the EAAF
16668354712,TRUE,2019-11-08T18:34:30Z,TRUE,2019-11-08T18:34:30Z,FALSE,FALSE,solar-geolocator-twilight,Calidris ruficollis,BQ576,036-96507,Tracking Red-necked stints along the EAAF
16668354724,TRUE,2019-11-09T09:15:23Z,FALSE,2019-11-09T10:44:14Z,FALSE,FALSE,solar-geolocator-twilight,Calidris ruficollis,BQ576,036-96507,Tracking Red-necked stints along the EAAF
16668354726,TRUE,2019-11-09T18:41:21Z,TRUE,2019-11-09T18:41:21Z,FALSE,FALSE,solar-geolocator-twilight,Calidris ruficollis,BQ576,036-96507,Tracking Red-necked stints along the EAAF
16668354739,TRUE,2019-11-10T09:22:44Z,FALSE,2019-11-10T09:22:44Z,FALSE,FALSE,solar-geolocator-twilight,Calidris ruficollis,BQ576,036-96507,Tracking Red-necked stints along the EAAF
16668354740,TRUE,2019-11-10T18:22:11Z,TRUE,2019-11-10T18:22:11Z,FALSE,FALSE,solar-geolocator-twilight,Calidris ruficollis,BQ576,036-96507,Tracking Red-necked stints along the EAAF
16668354752,TRUE,2019-11-11T09:31:00Z,FALSE,2019-11-11T09:31:00Z,FALSE,FALSE,solar-geolocator-twilight,Calidris ruficollis,BQ576,036-96507,Tracking Red-necked stints along the EAAF
16668354754,TRUE,2019-11-11T18:42:11Z,TRUE,2019-11-11T18:42:11Z,FALSE,FALSE,solar-geolocator-twilight,Calidris ruficollis,BQ576,036-96507,Tracking Red-necked stints along the EAAF
16668354763,TRUE,2019-11-12T09:29:14Z,FALSE,2019-11-12T09:29:14Z,FALSE,FALSE,solar-geolocator-twilight,Calidris ruficollis,BQ576,036-96507,Tracking Red-necked stints along the EAAF
16668354771,TRUE,2019-11-12T18:41:21Z,TRUE,2019-11-12T18:41:21Z,FALSE,FALSE,solar-geolocator-twilight,Calidris ruficollis,BQ576,036-96507,Tracking Red-necked stints along the EAAF
16668354778,TRUE,2019-11-13T09:29:14Z,FALSE,2019-11-13T09:29:14Z,FALSE,FALSE,solar-geolocator-twilight,Calidris ruficollis,BQ576,036-96507,Tracking Red-necked stints along the EAAF
16668354784,TRUE,2019-11-13T18:39:30Z,TRUE,2019-11-13T18:39:30Z,FALSE,FALSE,solar-geolocator-twilight,Calidris ruficollis,BQ576,036-96507,Tracking Red-necked stints along the EAAF
16668354794,TRUE,2019-11-14T09:36:55Z,FALSE,2019-11-14T09:36:55Z,FALSE,FALSE,solar-geolocator-twilight,Calidris ruficollis,BQ576,036-96507,Tracking Red-necked stints along the EAAF
16668354796,TRUE,2019-11-14T18:37:11Z,TRUE,2019-11-14T18:37:11Z,FALSE,FALSE,solar-geolocator-twilight,Calidris ruficollis,BQ576,036-96507,Tracking Red-necked stints along the EAAF
16668354809,TRUE,2019-11-15T09:37:34Z,FALSE,2019-11-15T09:37:34Z,FALSE,FALSE,solar-geolocator-twilight,Calidris ruficollis,BQ576,036-96507,Tracking Red-necked stints along the EAAF
16668354812,TRUE,2019-11-15T18:35:39Z,TRUE,2019-11-15T18:35:39Z,FALSE,FALSE,solar-geolocator-twilight,Calidris ruficollis,BQ576,036-96507,Tracking Red-necked stints along the EAAF
16668354821,TRUE,2019-11-16T09:31:00Z,FALSE,2019-11-16T09:31:00Z,FALSE,FALSE,solar-geolocator-twilight,Calidris ruficollis,BQ576,036-96507,Tracking Red-necked stints along the EAAF
16668354825,TRUE,2019-11-16T18:35:25Z,TRUE,2019-11-16T18:35:25Z,FALSE,FALSE,solar-geolocator-twilight,Calidris ruficollis,BQ576,036-96507,Tracking Red-necked stints along the EAAF
16668354837,TRUE,2019-11-17T09:44:14Z,FALSE,2019-11-17T09:44:14Z,FALSE,FALSE,solar-geolocator-twilight,Calidris ruficollis,BQ576,036-96507,Tracking Red-necked stints along the EAAF
16668354838,TRUE,2019-11-17T18:24:30Z,TRUE,2019-11-17T18:24:30Z,FALSE,FALSE,solar-geolocator-twilight,Calidris ruficollis,BQ576,036-96507,Tracking Red-necked stints along the EAAF
16668354851,TRUE,2019-11-18T09:46:00Z,FALSE,2019-11-18T09:46:00Z,FALSE,FALSE,solar-geolocator-twilight,Calidris ruficollis,BQ576,036-96507,Tracking Red-necked stints along the EAAF
16668354852,TRUE,2019-11-18T18:30:25Z,TRUE,2019-11-18T18:30:25Z,FALSE,FALSE,solar-geolocator-twilight,Calidris ruficollis,BQ576,036-96507,Tracking Red-necked stints along the EAAF
16668354865,TRUE,2019-11-19T09:51:00Z,FALSE,2019-11-19T09:51:00Z,FALSE,FALSE,solar-geolocator-twilight,Calidris ruficollis,BQ576,036-96507,Tracking Red-necked stints along the EAAF
16668354866,TRUE,2019-11-19T18:22:11Z,TRUE,2019-11-19T18:22:11Z,FALSE,FALSE,solar-geolocator-twilight,Calidris ruficollis,BQ576,036-96507,Tracking Red-necked stints along the EAAF
16668354879,TRUE,2019-11-20T09:47:14Z,FALSE,2019-11-20T09:47:14Z,FALSE,FALSE,solar-geolocator-twilight,Calidris ruficollis,BQ576,036-96507,Tracking Red-necked stints along the EAAF
16668354880,TRUE,2019-11-20T18:20:25Z,TRUE,2019-11-20T18:20:25Z,FALSE,FALSE,solar-geolocator-twilight,Calidris ruficollis,BQ576,036-96507,Tracking Red-necked stints along the EAAF
16668354889,TRUE,2019-11-21T09:26:55Z,FALSE,2019-11-21T09:26:55Z,FALSE,FALSE,solar-geolocator-twilight,Calidris ruficollis,BQ576,036-96507,Tracking Red-necked stints along the EAAF
16668354896,TRUE,2019-11-21T18:30:25Z,TRUE,2019-11-21T18:30:25Z,FALSE,FALSE,solar-geolocator-twilight,Calidris ruficollis,BQ576,036-96507,Tracking Red-necked stints along the EAAF
16668354904,TRUE,2019-11-22T09:37:14Z,FALSE,2019-11-22T09:37:14Z,FALSE,FALSE,solar-geolocator-twilight,Calidris ruficollis,BQ576,036-96507,Tracking Red-necked stints along the EAAF
16668354909,TRUE,2019-11-22T18:21:21Z,TRUE,2019-11-22T18:21:21Z,FALSE,FALSE,solar-geolocator-twilight,Calidris ruficollis,BQ576,036-96507,Tracking Red-necked stints along the EAAF
16668354917,TRUE,2019-11-23T09:44:14Z,FALSE,2019-11-23T09:44:14Z,FALSE,FALSE,solar-geolocator-twilight,Calidris ruficollis,BQ576,036-96507,Tracking Red-necked stints along the EAAF
16668354922,TRUE,2019-11-23T18:16:21Z,TRUE,2019-11-23T18:16:21Z,FALSE,FALSE,solar-geolocator-twilight,Calidris ruficollis,BQ576,036-96507,Tracking Red-necked stints along the EAAF
16668354933,TRUE,2019-11-24T09:45:04Z,FALSE,2019-11-24T09:45:04Z,FALSE,FALSE,solar-geolocator-twilight,Calidris ruficollis,BQ576,036-96507,Tracking Red-necked stints along the EAAF
16668354939,TRUE,2019-11-24T18:18:44Z,TRUE,2019-11-24T18:18:44Z,FALSE,FALSE,solar-geolocator-twilight,Calidris ruficollis,BQ576,036-96507,Tracking Red-necked stints along the EAAF
16668354947,TRUE,2019-11-25T09:36:00Z,FALSE,2019-11-25T09:36:00Z,FALSE,FALSE,solar-geolocator-twilight,Calidris ruficollis,BQ576,036-96507,Tracking Red-necked stints along the EAAF
16668354950,TRUE,2019-11-25T18:37:11Z,TRUE,2019-11-25T18:37:11Z,FALSE,FALSE,solar-geolocator-twilight,Calidris ruficollis,BQ576,036-96507,Tracking Red-necked stints along the EAAF
16668354960,TRUE,2019-11-26T09:44:14Z,FALSE,2019-11-26T09:44:14Z,FALSE,FALSE,solar-geolocator-twilight,Calidris ruficollis,BQ576,036-96507,Tracking Red-necked stints along the EAAF
16668354964,TRUE,2019-11-26T18:12:11Z,TRUE,2019-11-26T18:12:11Z,FALSE,FALSE,solar-geolocator-twilight,Calidris ruficollis,BQ576,036-96507,Tracking Red-necked stints along the EAAF
16668354973,TRUE,2019-11-27T09:49:14Z,FALSE,2019-11-27T09:49:14Z,FALSE,FALSE,solar-geolocator-twilight,Calidris ruficollis,BQ576,036-96507,Tracking Red-necked stints along the EAAF
16668354980,TRUE,2019-11-27T18:24:30Z,TRUE,2019-11-27T18:24:30Z,FALSE,FALSE,solar-geolocator-twilight,Calidris ruficollis,BQ576,036-96507,Tracking Red-necked stints along the EAAF
16668354989,TRUE,2019-11-28T09:49:14Z,FALSE,2019-11-28T09:49:14Z,FALSE,FALSE,solar-geolocator-twilight,Calidris ruficollis,BQ576,036-96507,Tracking Red-necked stints along the EAAF
16668354992,TRUE,2019-11-28T18:17:11Z,TRUE,2019-11-28T18:17:11Z,FALSE,FALSE,solar-geolocator-twilight,Calidris ruficollis,BQ576,036-96507,Tracking Red-necked stints along the EAAF
16668355004,TRUE,2019-11-29T09:41:55Z,FALSE,2019-11-29T09:41:55Z,FALSE,FALSE,solar-geolocator-twilight,Calidris ruficollis,BQ576,036-96507,Tracking Red-necked stints along the EAAF
16668355007,TRUE,2019-11-29T18:22:11Z,TRUE,2019-11-29T18:22:11Z,FALSE,FALSE,solar-geolocator-twilight,Calidris ruficollis,BQ576,036-96507,Tracking Red-necked stints along the EAAF
16668355019,TRUE,2019-11-30T10:00:04Z,FALSE,2019-11-30T10:00:04Z,FALSE,FALSE,solar-geolocator-twilight,Calidris ruficollis,BQ576,036-96507,Tracking Red-necked stints along the EAAF
16668355020,TRUE,2019-11-30T18:27:11Z,TRUE,2019-11-30T18:27:11Z,FALSE,FALSE,solar-geolocator-twilight,Calidris ruficollis,BQ576,036-96507,Tracking Red-necked stints along the EAAF
16668355033,TRUE,2019-12-01T09:54:14Z,FALSE,2019-12-01T09:54:14Z,FALSE,FALSE,solar-geolocator-twilight,Calidris ruficollis,BQ576,036-96507,Tracking Red-necked stints along the EAAF
16668355034,TRUE,2019-12-01T18:25:25Z,TRUE,2019-12-01T18:25:25Z,FALSE,FALSE,solar-geolocator-twilight,Calidris ruficollis,BQ576,036-96507,Tracking Red-necked stints along the EAAF
16668355046,TRUE,2019-12-02T10:00:04Z,FALSE,2019-12-02T10:00:04Z,FALSE,FALSE,solar-geolocator-twilight,Calidris ruficollis,BQ576,036-96507,Tracking Red-necked stints along the EAAF
16668355049,TRUE,2019-12-02T18:27:11Z,TRUE,2019-12-02T18:27:11Z,FALSE,FALSE,solar-geolocator-twilight,Calidris ruficollis,BQ576,036-96507,Tracking Red-necked stints along the EAAF
16668355060,TRUE,2019-12-03T09:50:04Z,FALSE,2019-12-03T09:50:04Z,FALSE,FALSE,solar-geolocator-twilight,Calidris ruficollis,BQ576,036-96507,Tracking Red-necked stints along the EAAF
16668355066,TRUE,2019-12-03T18:33:56Z,TRUE,2019-12-03T18:33:56Z,FALSE,FALSE,solar-geolocator-twilight,Calidris ruficollis,BQ576,036-96507,Tracking Red-necked stints along the EAAF
16668355069,TRUE,2019-12-04T09:44:14Z,FALSE,2019-12-04T09:44:14Z,FALSE,FALSE,solar-geolocator-twilight,Calidris ruficollis,BQ576,036-96507,Tracking Red-necked stints along the EAAF
16668355076,TRUE,2019-12-04T18:20:25Z,TRUE,2019-12-04T18:20:25Z,FALSE,FALSE,solar-geolocator-twilight,Calidris ruficollis,BQ576,036-96507,Tracking Red-necked stints along the EAAF
16668355089,TRUE,2019-12-05T10:00:04Z,FALSE,2019-12-05T10:00:04Z,FALSE,FALSE,solar-geolocator-twilight,Calidris ruficollis,BQ576,036-96507,Tracking Red-necked stints along the EAAF
16668355090,TRUE,2019-12-05T18:25:25Z,TRUE,2019-12-05T18:25:25Z,FALSE,FALSE,solar-geolocator-twilight,Calidris ruficollis,BQ576,036-96507,Tracking Red-necked stints along the EAAF
16668355102,TRUE,2019-12-06T09:56:55Z,FALSE,2019-12-06T09:56:55Z,FALSE,FALSE,solar-geolocator-twilight,Calidris ruficollis,BQ576,036-96507,Tracking Red-necked stints along the EAAF
16668355104,TRUE,2019-12-06T18:24:30Z,TRUE,2019-12-06T18:24:30Z,FALSE,FALSE,solar-geolocator-twilight,Calidris ruficollis,BQ576,036-96507,Tracking Red-necked stints along the EAAF
16668355114,TRUE,2019-12-07T09:49:14Z,FALSE,2019-12-07T09:49:14Z,FALSE,FALSE,solar-geolocator-twilight,Calidris ruficollis,BQ576,036-96507,Tracking Red-necked stints along the EAAF
16668355118,TRUE,2019-12-07T18:24:11Z,TRUE,2019-12-07T18:24:11Z,FALSE,FALSE,solar-geolocator-twilight,Calidris ruficollis,BQ576,036-96507,Tracking Red-necked stints along the EAAF
16668355131,TRUE,2019-12-08T10:11:00Z,FALSE,2019-12-08T10:11:00Z,FALSE,FALSE,solar-geolocator-twilight,Calidris ruficollis,BQ576,036-96507,Tracking Red-necked stints along the EAAF
16668355132,TRUE,2019-12-08T18:15:39Z,TRUE,2019-12-08T18:15:39Z,FALSE,FALSE,solar-geolocator-twilight,Calidris ruficollis,BQ576,036-96507,Tracking Red-necked stints along the EAAF
16668355145,TRUE,2019-12-09T10:02:14Z,FALSE,2019-12-09T10:02:14Z,FALSE,FALSE,solar-geolocator-twilight,Calidris ruficollis,BQ576,036-96507,Tracking Red-necked stints along the EAAF
16668355146,TRUE,2019-12-09T18:23:56Z,TRUE,2019-12-09T18:23:56Z,FALSE,FALSE,solar-geolocator-twilight,Calidris ruficollis,BQ576,036-96507,Tracking Red-necked stints along the EAAF
16668355159,TRUE,2019-12-10T10:01:00Z,FALSE,2019-12-10T10:01:00Z,FALSE,FALSE,solar-geolocator-twilight,Calidris ruficollis,BQ576,036-96507,Tracking Red-necked stints along the EAAF
16668355160,TRUE,2019-12-10T18:27:11Z,TRUE,2019-12-10T18:27:11Z,FALSE,FALSE,solar-geolocator-twilight,Calidris ruficollis,BQ576,036-96507,Tracking Red-necked stints along the EAAF
16668355172,TRUE,2019-12-11T10:02:14Z,FALSE,2019-12-11T10:02:14Z,FALSE,FALSE,solar-geolocator-twilight,Calidris ruficollis,BQ576,036-96507,Tracking Red-necked stints along the EAAF
16668355174,TRUE,2019-12-11T18:25:25Z,TRUE,2019-12-11T18:25:25Z,FALSE,FALSE,solar-geolocator-twilight,Calidris ruficollis,BQ576,036-96507,Tracking Red-necked stints along the EAAF
16668355187,TRUE,2019-12-12T10:02:34Z,FALSE,2019-12-12T10:02:34Z,FALSE,FALSE,solar-geolocator-twilight,Calidris ruficollis,BQ576,036-96507,Tracking Red-necked stints along the EAAF
16668355188,TRUE,2019-12-12T18:25:25Z,TRUE,2019-12-12T18:25:25Z,FALSE,FALSE,solar-geolocator-twilight,Calidris ruficollis,BQ576,036-96507,Tracking Red-necked stints along the EAAF
16668355201,TRUE,2019-12-13T09:55:04Z,FALSE,2019-12-13T09:55:04Z,FALSE,FALSE,solar-geolocator-twilight,Calidris ruficollis,BQ576,036-96507,Tracking Red-necked stints along the EAAF
16668355203,TRUE,2019-12-13T18:29:02Z,TRUE,2019-12-13T18:29:02Z,FALSE,FALSE,solar-geolocator-twilight,Calidris ruficollis,BQ576,036-96507,Tracking Red-necked stints along the EAAF
16668355215,TRUE,2019-12-14T09:59:14Z,FALSE,2019-12-14T09:59:14Z,FALSE,FALSE,solar-geolocator-twilight,Calidris ruficollis,BQ576,036-96507,Tracking Red-necked stints along the EAAF
16668355216,TRUE,2019-12-14T18:29:30Z,TRUE,2019-12-14T18:29:30Z,FALSE,FALSE,solar-geolocator-twilight,Calidris ruficollis,BQ576,036-96507,Tracking Red-necked stints along the EAAF
16668355227,TRUE,2019-12-15T10:05:04Z,FALSE,2019-12-15T10:05:04Z,FALSE,FALSE,solar-geolocator-twilight,Calidris ruficollis,BQ576,036-96507,Tracking Red-necked stints along the EAAF
16668355231,TRUE,2019-12-15T18:26:21Z,TRUE,2019-12-15T18:26:21Z,FALSE,FALSE,solar-geolocator-twilight,Calidris ruficollis,BQ576,036-96507,Tracking Red-necked stints along the EAAF
16668355243,TRUE,2019-12-16T10:15:04Z,FALSE,2019-12-16T10:15:04Z,FALSE,FALSE,solar-geolocator-twilight,Calidris ruficollis,BQ576,036-96507,Tracking Red-necked stints along the EAAF
16668355244,TRUE,2019-12-16T18:15:55Z,TRUE,2019-12-16T18:15:55Z,FALSE,FALSE,solar-geolocator-twilight,Calidris ruficollis,BQ576,036-96507,Tracking Red-necked stints along the EAAF
16668355257,TRUE,2019-12-17T10:09:14Z,FALSE,2019-12-17T10:09:14Z,FALSE,FALSE,solar-geolocator-twilight,Calidris ruficollis,BQ576,036-96507,Tracking Red-necked stints along the EAAF
16668355260,TRUE,2019-12-17T18:24:02Z,TRUE,2019-12-17T18:24:02Z,FALSE,FALSE,solar-geolocator-twilight,Calidris ruficollis,BQ576,036-96507,Tracking Red-necked stints along the EAAF
16668355271,TRUE,2019-12-18T10:01:55Z,FALSE,2019-12-18T10:01:55Z,FALSE,FALSE,solar-geolocator-twilight,Calidris ruficollis,BQ576,036-96507,Tracking Red-necked stints along the EAAF
16668355273,TRUE,2019-12-18T18:24:30Z,TRUE,2019-12-18T18:24:30Z,FALSE,FALSE,solar-geolocator-twilight,Calidris ruficollis,BQ576,036-96507,Tracking Red-necked stints along the EAAF
16668355281,TRUE,2019-12-19T09:52:39Z,FALSE,2019-12-19T09:52:39Z,FALSE,FALSE,solar-geolocator-twilight,Calidris ruficollis,BQ576,036-96507,Tracking Red-necked stints along the EAAF
16668355287,TRUE,2019-12-19T18:20:27Z,TRUE,2019-12-19T18:20:27Z,FALSE,FALSE,solar-geolocator-twilight,Calidris ruficollis,BQ576,036-96507,Tracking Red-necked stints along the EAAF
16668355299,TRUE,2019-12-20T10:02:14Z,FALSE,2019-12-20T10:02:14Z,FALSE,FALSE,solar-geolocator-twilight,Calidris ruficollis,BQ576,036-96507,Tracking Red-necked stints along the EAAF
16668355303,TRUE,2019-12-20T18:39:30Z,TRUE,2019-12-20T18:39:30Z,FALSE,FALSE,solar-geolocator-twilight,Calidris ruficollis,BQ576,036-96507,Tracking Red-necked stints along the EAAF
16668355313,TRUE,2019-12-21T10:05:04Z,FALSE,2019-12-21T10:05:04Z,FALSE,FALSE,solar-geolocator-twilight,Calidris ruficollis,BQ576,036-96507,Tracking Red-necked stints along the EAAF
16668355314,TRUE,2019-12-21T18:26:21Z,TRUE,2019-12-21T18:26:21Z,FALSE,FALSE,solar-geolocator-twilight,Calidris ruficollis,BQ576,036-96507,Tracking Red-necked stints along the EAAF
16668355324,TRUE,2019-12-22T10:06:55Z,FALSE,2019-12-22T10:06:55Z,FALSE,FALSE,solar-geolocator-twilight,Calidris ruficollis,BQ576,036-96507,Tracking Red-necked stints along the EAAF
16668355328,TRUE,2019-12-22T18:22:11Z,TRUE,2019-12-22T18:22:11Z,FALSE,FALSE,solar-geolocator-twilight,Calidris ruficollis,BQ576,036-96507,Tracking Red-necked stints along the EAAF
16668355341,TRUE,2019-12-23T10:06:00Z,FALSE,2019-12-23T10:06:00Z,FALSE,FALSE,solar-geolocator-twilight,Calidris ruficollis,BQ576,036-96507,Tracking Red-necked stints along the EAAF
16668355342,TRUE,2019-12-23T18:17:11Z,TRUE,2019-12-23T18:17:11Z,FALSE,FALSE,solar-geolocator-twilight,Calidris ruficollis,BQ576,036-96507,Tracking Red-necked stints along the EAAF
16668355354,TRUE,2019-12-24T10:20:04Z,FALSE,2019-12-24T10:20:04Z,FALSE,FALSE,solar-geolocator-twilight,Calidris ruficollis,BQ576,036-96507,Tracking Red-necked stints along the EAAF
16668355357,TRUE,2019-12-24T18:25:55Z,TRUE,2019-12-24T18:25:55Z,FALSE,FALSE,solar-geolocator-twilight,Calidris ruficollis,BQ576,036-96507,Tracking Red-necked stints along the EAAF
16668355366,TRUE,2019-12-25T10:16:00Z,FALSE,2019-12-25T10:16:00Z,FALSE,FALSE,solar-geolocator-twilight,Calidris ruficollis,BQ576,036-96507,Tracking Red-necked stints along the EAAF
16668355370,TRUE,2019-12-25T18:24:30Z,TRUE,2019-12-25T18:24:30Z,FALSE,FALSE,solar-geolocator-twilight,Calidris ruficollis,BQ576,036-96507,Tracking Red-necked stints along the EAAF
16668355381,TRUE,2019-12-26T10:20:30Z,FALSE,2019-12-26T10:20:30Z,FALSE,FALSE,solar-geolocator-twilight,Calidris ruficollis,BQ576,036-96507,Tracking Red-necked stints along the EAAF
16668355384,TRUE,2019-12-26T18:22:11Z,TRUE,2019-12-26T18:22:11Z,FALSE,FALSE,solar-geolocator-twilight,Calidris ruficollis,BQ576,036-96507,Tracking Red-necked stints along the EAAF
16668355396,TRUE,2019-12-27T10:15:30Z,FALSE,2019-12-27T10:15:30Z,FALSE,FALSE,solar-geolocator-twilight,Calidris ruficollis,BQ576,036-96507,Tracking Red-necked stints along the EAAF
16668355398,TRUE,2019-12-27T18:32:11Z,TRUE,2019-12-27T18:32:11Z,FALSE,FALSE,solar-geolocator-twilight,Calidris ruficollis,BQ576,036-96507,Tracking Red-necked stints along the EAAF
16668355410,TRUE,2019-12-28T10:12:39Z,FALSE,2019-12-28T10:12:39Z,FALSE,FALSE,solar-geolocator-twilight,Calidris ruficollis,BQ576,036-96507,Tracking Red-necked stints along the EAAF
16668355413,TRUE,2019-12-28T18:25:12Z,TRUE,2019-12-28T18:25:12Z,FALSE,FALSE,solar-geolocator-twilight,Calidris ruficollis,BQ576,036-96507,Tracking Red-necked stints along the EAAF
16668355423,TRUE,2019-12-29T10:12:41Z,FALSE,2019-12-29T10:12:41Z,FALSE,FALSE,solar-geolocator-twilight,Calidris ruficollis,BQ576,036-96507,Tracking Red-necked stints along the EAAF
16668355426,TRUE,2019-12-29T18:22:11Z,TRUE,2019-12-29T18:22:11Z,FALSE,FALSE,solar-geolocator-twilight,Calidris ruficollis,BQ576,036-96507,Tracking Red-necked stints along the EAAF
16668355436,TRUE,2019-12-30T10:02:23Z,FALSE,2019-12-30T10:02:23Z,FALSE,FALSE,solar-geolocator-twilight,Calidris ruficollis,BQ576,036-96507,Tracking Red-necked stints along the EAAF
16668355440,TRUE,2019-12-30T18:37:11Z,TRUE,2019-12-30T18:37:11Z,FALSE,FALSE,solar-geolocator-twilight,Calidris ruficollis,BQ576,036-96507,Tracking Red-necked stints along the EAAF
16668355452,TRUE,2019-12-31T10:21:55Z,FALSE,2019-12-31T10:21:55Z,FALSE,FALSE,solar-geolocator-twilight,Calidris ruficollis,BQ576,036-96507,Tracking Red-necked stints along the EAAF
16668355454,TRUE,2019-12-31T18:22:11Z,TRUE,2019-12-31T18:22:11Z,FALSE,FALSE,solar-geolocator-twilight,Calidris ruficollis,BQ576,036-96507,Tracking Red-necked stints along the EAAF
16668355464,TRUE,2020-01-01T10:15:30Z,FALSE,2020-01-01T10:15:30Z,FALSE,FALSE,solar-geolocator-twilight,Calidris ruficollis,BQ576,036-96507,Tracking Red-necked stints along the EAAF
16668355469,TRUE,2020-01-01T18:25:55Z,TRUE,2020-01-01T18:25:55Z,FALSE,FALSE,solar-geolocator-twilight,Calidris ruficollis,BQ576,036-96507,Tracking Red-necked stints along the EAAF
16668355478,TRUE,2020-01-02T10:15:04Z,FALSE,2020-01-02T10:15:04Z,FALSE,FALSE,solar-geolocator-twilight,Calidris ruficollis,BQ576,036-96507,Tracking Red-necked stints along the EAAF
16668355483,TRUE,2020-01-02T18:34:30Z,TRUE,2020-01-02T18:34:30Z,FALSE,FALSE,solar-geolocator-twilight,Calidris ruficollis,BQ576,036-96507,Tracking Red-necked stints along the EAAF
16668355493,TRUE,2020-01-03T10:09:14Z,FALSE,2020-01-03T10:09:14Z,FALSE,FALSE,solar-geolocator-twilight,Calidris ruficollis,BQ576,036-96507,Tracking Red-necked stints along the EAAF
16668355496,TRUE,2020-01-03T18:26:21Z,TRUE,2020-01-03T18:26:21Z,FALSE,FALSE,solar-geolocator-twilight,Calidris ruficollis,BQ576,036-96507,Tracking Red-necked stints along the EAAF
16668355509,TRUE,2020-01-04T10:11:00Z,FALSE,2020-01-04T10:11:00Z,FALSE,FALSE,solar-geolocator-twilight,Calidris ruficollis,BQ576,036-96507,Tracking Red-necked stints along the EAAF
16668355510,TRUE,2020-01-04T18:37:11Z,TRUE,2020-01-04T18:37:11Z,FALSE,FALSE,solar-geolocator-twilight,Calidris ruficollis,BQ576,036-96507,Tracking Red-necked stints along the EAAF
16668355523,TRUE,2020-01-05T10:04:14Z,FALSE,2020-01-05T10:04:14Z,FALSE,FALSE,solar-geolocator-twilight,Calidris ruficollis,BQ576,036-96507,Tracking Red-necked stints along the EAAF
16668355525,TRUE,2020-01-05T18:58:44Z,TRUE,2020-01-05T18:58:44Z,FALSE,FALSE,solar-geolocator-twilight,Calidris ruficollis,BQ576,036-96507,Tracking Red-necked stints along the EAAF
16668355537,TRUE,2020-01-06T10:04:14Z,FALSE,2020-01-06T10:04:14Z,FALSE,FALSE,solar-geolocator-twilight,Calidris ruficollis,BQ576,036-96507,Tracking Red-necked stints along the EAAF
16668355538,TRUE,2020-01-06T18:45:55Z,TRUE,2020-01-06T18:45:55Z,FALSE,FALSE,solar-geolocator-twilight,Calidris ruficollis,BQ576,036-96507,Tracking Red-necked stints along the EAAF
16668355551,TRUE,2020-01-07T10:07:37Z,FALSE,2020-01-07T10:07:37Z,FALSE,FALSE,solar-geolocator-twilight,Calidris ruficollis,BQ576,036-96507,Tracking Red-necked stints along the EAAF
16668355552,TRUE,2020-01-07T18:39:11Z,TRUE,2020-01-07T18:39:11Z,FALSE,FALSE,solar-geolocator-twilight,Calidris ruficollis,BQ576,036-96507,Tracking Red-necked stints along the EAAF
16668355565,TRUE,2020-01-08T10:20:46Z,FALSE,2020-01-08T10:20:46Z,FALSE,FALSE,solar-geolocator-twilight,Calidris ruficollis,BQ576,036-96507,Tracking Red-necked stints along the EAAF
16668355566,TRUE,2020-01-08T18:32:11Z,TRUE,2020-01-08T18:32:11Z,FALSE,FALSE,solar-geolocator-twilight,Calidris ruficollis,BQ576,036-96507,Tracking Red-necked stints along the EAAF
16668355579,TRUE,2020-01-09T10:16:00Z,FALSE,2020-01-09T10:16:00Z,FALSE,FALSE,solar-geolocator-twilight,Calidris ruficollis,BQ576,036-96507,Tracking Red-necked stints along the EAAF
16668355580,TRUE,2020-01-09T18:42:11Z,TRUE,2020-01-09T18:42:11Z,FALSE,FALSE,solar-geolocator-twilight,Calidris ruficollis,BQ576,036-96507,Tracking Red-necked stints along the EAAF
16668355593,TRUE,2020-01-10T10:14:14Z,FALSE,2020-01-10T10:14:14Z,FALSE,FALSE,solar-geolocator-twilight,Calidris ruficollis,BQ576,036-96507,Tracking Red-necked stints along the EAAF
16668355599,TRUE,2020-01-10T18:55:06Z,TRUE,2020-01-10T18:55:06Z,FALSE,FALSE,solar-geolocator-twilight,Calidris ruficollis,BQ576,036-96507,Tracking Red-necked stints along the EAAF
16668355607,TRUE,2020-01-11T10:14:14Z,FALSE,2020-01-11T10:14:14Z,FALSE,FALSE,solar-geolocator-twilight,Calidris ruficollis,BQ576,036-96507,Tracking Red-necked stints along the EAAF
16668355609,TRUE,2020-01-11T18:42:11Z,TRUE,2020-01-11T18:42:11Z,FALSE,FALSE,solar-geolocator-twilight,Calidris ruficollis,BQ576,036-96507,Tracking Red-necked stints along the EAAF
16668355621,TRUE,2020-01-12T10:24:14Z,FALSE,2020-01-12T10:24:14Z,FALSE,FALSE,solar-geolocator-twilight,Calidris ruficollis,BQ576,036-96507,Tracking Red-necked stints along the EAAF
16668355623,TRUE,2020-01-12T18:45:27Z,TRUE,2020-01-12T18:45:27Z,FALSE,FALSE,solar-geolocator-twilight,Calidris ruficollis,BQ576,036-96507,Tracking Red-necked stints along the EAAF
16668355633,TRUE,2020-01-13T10:07:41Z,FALSE,2020-01-13T10:07:41Z,FALSE,FALSE,solar-geolocator-twilight,Calidris ruficollis,BQ576,036-96507,Tracking Red-necked stints along the EAAF
16668355638,TRUE,2020-01-13T18:52:11Z,TRUE,2020-01-13T18:52:11Z,FALSE,FALSE,solar-geolocator-twilight,Calidris ruficollis,BQ576,036-96507,Tracking Red-necked stints along the EAAF
16668355645,TRUE,2020-01-14T10:05:04Z,FALSE,2020-01-14T10:05:04Z,FALSE,FALSE,solar-geolocator-twilight,Calidris ruficollis,BQ576,036-96507,Tracking Red-necked stints along the EAAF
16668355650,TRUE,2020-01-14T18:50:55Z,TRUE,2020-01-14T18:50:55Z,FALSE,FALSE,solar-geolocator-twilight,Calidris ruficollis,BQ576,036-96507,Tracking Red-necked stints along the EAAF
16668355660,TRUE,2020-01-15T09:55:46Z,FALSE,2020-01-15T09:55:46Z,FALSE,FALSE,solar-geolocator-twilight,Calidris ruficollis,BQ576,036-96507,Tracking Red-necked stints along the EAAF
16668355661,TRUE,2020-01-15T19:02:11Z,TRUE,2020-01-15T19:02:11Z,FALSE,FALSE,solar-geolocator-twilight,Calidris ruficollis,BQ576,036-96507,Tracking Red-necked stints along the EAAF
16668355668,TRUE,2020-01-16T10:07:49Z,FALSE,2020-01-16T10:07:49Z,FALSE,FALSE,solar-geolocator-twilight,Calidris ruficollis,BQ576,036-96507,Tracking Red-necked stints along the EAAF
16668355671,TRUE,2020-01-16T18:53:56Z,TRUE,2020-01-16T18:53:56Z,FALSE,FALSE,solar-geolocator-twilight,Calidris ruficollis,BQ576,036-96507,Tracking Red-necked stints along the EAAF
16668355676,TRUE,2020-01-17T10:09:14Z,FALSE,2020-01-17T10:09:14Z,FALSE,FALSE,solar-geolocator-twilight,Calidris ruficollis,BQ576,036-96507,Tracking Red-necked stints along the EAAF
16668355677,TRUE,2020-01-17T18:50:25Z,TRUE,2020-01-17T18:50:25Z,FALSE,FALSE,solar-geolocator-twilight,Calidris ruficollis,BQ576,036-96507,Tracking Red-necked stints along the EAAF
16668355680,TRUE,2020-01-18T10:10:04Z,FALSE,2020-01-18T10:10:04Z,FALSE,FALSE,solar-geolocator-twilight,Calidris ruficollis,BQ576,036-96507,Tracking Red-necked stints along the EAAF
16668355681,TRUE,2020-01-18T18:50:25Z,TRUE,2020-01-18T18:50:25Z,FALSE,FALSE,solar-geolocator-twilight,Calidris ruficollis,BQ576,036-96507,Tracking Red-necked stints along the EAAF
16668355683,TRUE,2020-01-19T09:54:14Z,FALSE,2020-01-19T09:54:14Z,FALSE,FALSE,solar-geolocator-twilight,Calidris ruficollis,BQ576,036-96507,Tracking Red-necked stints along the EAAF
16668355685,TRUE,2020-01-19T19:05:55Z,TRUE,2020-01-19T19:05:55Z,FALSE,FALSE,solar-geolocator-twilight,Calidris ruficollis,BQ576,036-96507,Tracking Red-necked stints along the EAAF
16668355688,TRUE,2020-01-20T09:54:14Z,FALSE,2020-01-20T09:54:14Z,FALSE,FALSE,solar-geolocator-twilight,Calidris ruficollis,BQ576,036-96507,Tracking Red-necked stints along the EAAF
16668355689,TRUE,2020-01-20T18:58:48Z,TRUE,2020-01-20T18:58:48Z,FALSE,FALSE,solar-geolocator-twilight,Calidris ruficollis,BQ576,036-96507,Tracking Red-necked stints along the EAAF
16668355691,TRUE,2020-01-21T10:01:19Z,FALSE,2020-01-21T10:01:19Z,FALSE,FALSE,solar-geolocator-twilight,Calidris ruficollis,BQ576,036-96507,Tracking Red-necked stints along the EAAF
16668355694,TRUE,2020-01-21T18:56:21Z,TRUE,2020-01-21T18:56:21Z,FALSE,FALSE,solar-geolocator-twilight,Calidris ruficollis,BQ576,036-96507,Tracking Red-necked stints along the EAAF
16668355696,TRUE,2020-01-22T10:04:14Z,FALSE,2020-01-22T10:04:14Z,FALSE,FALSE,solar-geolocator-twilight,Calidris ruficollis,BQ576,036-96507,Tracking Red-necked stints along the EAAF
16668355698,TRUE,2020-01-22T19:10:55Z,TRUE,2020-01-22T19:10:55Z,FALSE,FALSE,solar-geolocator-twilight,Calidris ruficollis,BQ576,036-96507,Tracking Red-necked stints along the EAAF
16668355700,TRUE,2020-01-23T10:10:04Z,FALSE,2020-01-23T10:10:04Z,FALSE,FALSE,solar-geolocator-twilight,Calidris ruficollis,BQ576,036-96507,Tracking Red-necked stints along the EAAF
16668355701,TRUE,2020-01-23T18:55:55Z,TRUE,2020-01-23T18:55:55Z,FALSE,FALSE,solar-geolocator-twilight,Calidris ruficollis,BQ576,036-96507,Tracking Red-necked stints along the EAAF
16668355704,TRUE,2020-01-24T10:11:55Z,FALSE,2020-01-24T10:11:55Z,FALSE,FALSE,solar-geolocator-twilight,Calidris ruficollis,BQ576,036-96507,Tracking Red-necked stints along the EAAF
16668355705,TRUE,2020-01-24T18:50:39Z,TRUE,2020-01-24T18:50:39Z,FALSE,FALSE,solar-geolocator-twilight,Calidris ruficollis,BQ576,036-96507,Tracking Red-necked stints along the EAAF
16668355707,TRUE,2020-01-25T09:56:55Z,FALSE,2020-01-25T09:56:55Z,FALSE,FALSE,solar-geolocator-twilight,Calidris ruficollis,BQ576,036-96507,Tracking Red-necked stints along the EAAF
16668355709,TRUE,2020-01-25T18:52:11Z,TRUE,2020-01-25T18:52:11Z,FALSE,FALSE,solar-geolocator-twilight,Calidris ruficollis,BQ576,036-96507,Tracking Red-necked stints along the EAAF
16668355711,TRUE,2020-01-26T09:57:41Z,FALSE,2020-01-26T09:57:41Z,FALSE,FALSE,solar-geolocator-twilight,Calidris ruficollis,BQ576,036-96507,Tracking Red-necked stints along the EAAF
16668355714,TRUE,2020-01-26T19:03:39Z,TRUE,2020-01-26T19:03:39Z,FALSE,FALSE,solar-geolocator-twilight,Calidris ruficollis,BQ576,036-96507,Tracking Red-necked stints along the EAAF
16668355715,TRUE,2020-01-27T10:02:14Z,FALSE,2020-01-27T10:02:14Z,FALSE,FALSE,solar-geolocator-twilight,Calidris ruficollis,BQ576,036-96507,Tracking Red-necked stints along the EAAF
16668355718,TRUE,2020-01-27T19:08:44Z,TRUE,2020-01-27T19:08:44Z,FALSE,FALSE,solar-geolocator-twilight,Calidris ruficollis,BQ576,036-96507,Tracking Red-necked stints along the EAAF
16668355719,TRUE,2020-01-28T09:59:14Z,FALSE,2020-01-28T09:59:14Z,FALSE,FALSE,solar-geolocator-twilight,Calidris ruficollis,BQ576,036-96507,Tracking Red-necked stints along the EAAF
16668355722,TRUE,2020-01-28T19:04:30Z,TRUE,2020-01-28T19:04:30Z,FALSE,FALSE,solar-geolocator-twilight,Calidris ruficollis,BQ576,036-96507,Tracking Red-necked stints along the EAAF
16668355723,TRUE,2020-01-29T10:00:46Z,FALSE,2020-01-29T10:00:46Z,FALSE,FALSE,solar-geolocator-twilight,Calidris ruficollis,BQ576,036-96507,Tracking Red-necked stints along the EAAF
16668355726,TRUE,2020-01-29T18:58:44Z,TRUE,2020-01-29T18:58:44Z,FALSE,FALSE,solar-geolocator-twilight,Calidris ruficollis,BQ576,036-96507,Tracking Red-necked stints along the EAAF
16668355728,TRUE,2020-01-30T10:11:00Z,FALSE,2020-01-30T10:11:00Z,FALSE,FALSE,solar-geolocator-twilight,Calidris ruficollis,BQ576,036-96507,Tracking Red-necked stints along the EAAF
16668355729,TRUE,2020-01-30T18:56:21Z,TRUE,2020-01-30T18:56:21Z,FALSE,FALSE,solar-geolocator-twilight,Calidris ruficollis,BQ576,036-96507,Tracking Red-necked stints along the EAAF
16668355732,TRUE,2020-01-31T09:47:37Z,FALSE,2020-01-31T09:47:37Z,FALSE,FALSE,solar-geolocator-twilight,Calidris ruficollis,BQ576,036-96507,Tracking Red-necked stints along the EAAF
16668355734,TRUE,2020-01-31T19:18:46Z,TRUE,2020-01-31T19:18:46Z,FALSE,FALSE,solar-geolocator-twilight,Calidris ruficollis,BQ576,036-96507,Tracking Red-necked stints along the EAAF
16668355736,TRUE,2020-02-01T09:47:29Z,FALSE,2020-02-01T09:47:29Z,FALSE,FALSE,solar-geolocator-twilight,Calidris ruficollis,BQ576,036-96507,Tracking Red-necked stints along the EAAF
16668355737,TRUE,2020-02-01T19:12:11Z,TRUE,2020-02-01T19:12:11Z,FALSE,FALSE,solar-geolocator-twilight,Calidris ruficollis,BQ576,036-96507,Tracking Red-necked stints along the EAAF
16668355740,TRUE,2020-02-02T09:59:14Z,FALSE,2020-02-02T09:59:14Z,FALSE,FALSE,solar-geolocator-twilight,Calidris ruficollis,BQ576,036-96507,Tracking Red-necked stints along the EAAF
16668355741,TRUE,2020-02-02T19:04:02Z,TRUE,2020-02-02T19:04:02Z,FALSE,FALSE,solar-geolocator-twilight,Calidris ruficollis,BQ576,036-96507,Tracking Red-necked stints along the EAAF
16668355743,TRUE,2020-02-03T09:51:55Z,FALSE,2020-02-03T09:51:55Z,FALSE,FALSE,solar-geolocator-twilight,Calidris ruficollis,BQ576,036-96507,Tracking Red-necked stints along the EAAF
16668355746,TRUE,2020-02-03T19:09:37Z,TRUE,2020-02-03T19:09:37Z,FALSE,FALSE,solar-geolocator-twilight,Calidris ruficollis,BQ576,036-96507,Tracking Red-necked stints along the EAAF
16668355748,TRUE,2020-02-04T10:01:30Z,FALSE,2020-02-04T10:01:30Z,FALSE,FALSE,solar-geolocator-twilight,Calidris ruficollis,BQ576,036-96507,Tracking Red-necked stints along the EAAF
16668355749,TRUE,2020-02-04T19:03:44Z,TRUE,2020-02-04T19:03:44Z,FALSE,FALSE,solar-geolocator-twilight,Calidris ruficollis,BQ576,036-96507,Tracking Red-necked stints along the EAAF
16668355751,TRUE,2020-02-05T09:49:14Z,FALSE,2020-02-05T09:49:14Z,FALSE,FALSE,solar-geolocator-twilight,Calidris ruficollis,BQ576,036-96507,Tracking Red-necked stints along the EAAF
16668355753,TRUE,2020-02-05T19:10:18Z,TRUE,2020-02-05T19:10:18Z,FALSE,FALSE,solar-geolocator-twilight,Calidris ruficollis,BQ576,036-96507,Tracking Red-necked stints along the EAAF
16668355756,TRUE,2020-02-06T09:47:29Z,FALSE,2020-02-06T09:47:29Z,FALSE,FALSE,solar-geolocator-twilight,Calidris ruficollis,BQ576,036-96507,Tracking Red-necked stints along the EAAF
16668355757,TRUE,2020-02-06T19:13:51Z,TRUE,2020-02-06T19:13:51Z,FALSE,FALSE,solar-geolocator-twilight,Calidris ruficollis,BQ576,036-96507,Tracking Red-necked stints along the EAAF
16668355760,TRUE,2020-02-07T09:55:04Z,FALSE,2020-02-07T09:55:04Z,FALSE,FALSE,solar-geolocator-twilight,Calidris ruficollis,BQ576,036-96507,Tracking Red-necked stints along the EAAF
16668355761,TRUE,2020-02-07T19:13:56Z,TRUE,2020-02-07T19:13:56Z,FALSE,FALSE,solar-geolocator-twilight,Calidris ruficollis,BQ576,036-96507,Tracking Red-necked stints along the EAAF
16668355764,TRUE,2020-02-08T09:57:23Z,FALSE,2020-02-08T09:57:23Z,FALSE,FALSE,solar-geolocator-twilight,Calidris ruficollis,BQ576,036-96507,Tracking Red-necked stints along the EAAF
16668355765,TRUE,2020-02-08T19:16:21Z,TRUE,2020-02-08T19:16:21Z,FALSE,FALSE,solar-geolocator-twilight,Calidris ruficollis,BQ576,036-96507,Tracking Red-necked stints along the EAAF
16668355767,TRUE,2020-02-09T09:41:07Z,FALSE,2020-02-09T09:41:07Z,FALSE,FALSE,solar-geolocator-twilight,Calidris ruficollis,BQ576,036-96507,Tracking Red-necked stints along the EAAF
16668355769,TRUE,2020-02-09T19:23:48Z,TRUE,2020-02-09T19:23:48Z,FALSE,FALSE,solar-geolocator-twilight,Calidris ruficollis,BQ576,036-96507,Tracking Red-necked stints along the EAAF
16668355772,TRUE,2020-02-10T09:45:04Z,FALSE,2020-02-10T09:45:04Z,FALSE,FALSE,solar-geolocator-twilight,Calidris ruficollis,BQ576,036-96507,Tracking Red-necked stints along the EAAF
16668355773,TRUE,2020-02-10T19:25:25Z,TRUE,2020-02-10T19:25:25Z,FALSE,FALSE,solar-geolocator-twilight,Calidris ruficollis,BQ576,036-96507,Tracking Red-necked stints along the EAAF
16668355776,TRUE,2020-02-11T09:45:04Z,FALSE,2020-02-11T09:45:04Z,FALSE,FALSE,solar-geolocator-twilight,Calidris ruficollis,BQ576,036-96507,Tracking Red-necked stints along the EAAF
16668355777,TRUE,2020-02-11T19:26:21Z,TRUE,2020-02-11T19:26:21Z,FALSE,FALSE,solar-geolocator-twilight,Calidris ruficollis,BQ576,036-96507,Tracking Red-necked stints along the EAAF
16668355779,TRUE,2020-02-12T09:52:39Z,FALSE,2020-02-12T09:52:39Z,FALSE,FALSE,solar-geolocator-twilight,Calidris ruficollis,BQ576,036-96507,Tracking Red-necked stints along the EAAF
16668355781,TRUE,2020-02-12T19:15:39Z,TRUE,2020-02-12T19:15:39Z,FALSE,FALSE,solar-geolocator-twilight,Calidris ruficollis,BQ576,036-96507,Tracking Red-necked stints along the EAAF
16668355784,TRUE,2020-02-13T09:52:14Z,FALSE,2020-02-13T09:52:14Z,FALSE,FALSE,solar-geolocator-twilight,Calidris ruficollis,BQ576,036-96507,Tracking Red-necked stints along the EAAF
16668355785,TRUE,2020-02-13T19:19:11Z,TRUE,2020-02-13T19:19:11Z,FALSE,FALSE,solar-geolocator-twilight,Calidris ruficollis,BQ576,036-96507,Tracking Red-necked stints along the EAAF
16668355787,TRUE,2020-02-14T09:26:55Z,FALSE,2020-02-14T09:26:55Z,FALSE,FALSE,solar-geolocator-twilight,Calidris ruficollis,BQ576,036-96507,Tracking Red-necked stints along the EAAF
16668355789,TRUE,2020-02-14T19:34:30Z,TRUE,2020-02-14T19:34:30Z,FALSE,FALSE,solar-geolocator-twilight,Calidris ruficollis,BQ576,036-96507,Tracking Red-necked stints along the EAAF
16668355792,TRUE,2020-02-15T09:30:04Z,FALSE,2020-02-15T09:30:04Z,FALSE,FALSE,solar-geolocator-twilight,Calidris ruficollis,BQ576,036-96507,Tracking Red-necked stints along the EAAF
16668355793,TRUE,2020-02-15T19:21:21Z,TRUE,2020-02-15T19:21:21Z,FALSE,FALSE,solar-geolocator-twilight,Calidris ruficollis,BQ576,036-96507,Tracking Red-necked stints along the EAAF
16668355796,TRUE,2020-02-16T09:49:14Z,FALSE,2020-02-16T09:49:14Z,FALSE,FALSE,solar-geolocator-twilight,Calidris ruficollis,BQ576,036-96507,Tracking Red-necked stints along the EAAF
16668355798,TRUE,2020-02-16T19:26:21Z,TRUE,2020-02-16T19:26:21Z,FALSE,FALSE,solar-geolocator-twilight,Calidris ruficollis,BQ576,036-96507,Tracking Red-necked stints along the EAAF
16668355800,TRUE,2020-02-17T09:45:04Z,FALSE,2020-02-17T09:45:04Z,FALSE,FALSE,solar-geolocator-twilight,Calidris ruficollis,BQ576,036-96507,Tracking Red-necked stints along the EAAF
16668355801,TRUE,2020-02-17T19:30:12Z,TRUE,2020-02-17T19:30:12Z,FALSE,FALSE,solar-geolocator-twilight,Calidris ruficollis,BQ576,036-96507,Tracking Red-necked stints along the EAAF
16668355803,TRUE,2020-02-18T09:29:14Z,FALSE,2020-02-18T09:29:14Z,FALSE,FALSE,solar-geolocator-twilight,Calidris ruficollis,BQ576,036-96507,Tracking Red-necked stints along the EAAF
16668355805,TRUE,2020-02-18T19:34:58Z,TRUE,2020-02-18T19:34:58Z,FALSE,FALSE,solar-geolocator-twilight,Calidris ruficollis,BQ576,036-96507,Tracking Red-necked stints along the EAAF
16668355807,TRUE,2020-02-19T09:37:29Z,FALSE,2020-02-19T09:37:29Z,FALSE,FALSE,solar-geolocator-twilight,Calidris ruficollis,BQ576,036-96507,Tracking Red-necked stints along the EAAF
16668355810,TRUE,2020-02-19T19:28:51Z,TRUE,2020-02-19T19:28:51Z,FALSE,FALSE,solar-geolocator-twilight,Calidris ruficollis,BQ576,036-96507,Tracking Red-necked stints along the EAAF
16668355812,TRUE,2020-02-20T09:39:14Z,FALSE,2020-02-20T09:39:14Z,FALSE,FALSE,solar-geolocator-twilight,Calidris ruficollis,BQ576,036-96507,Tracking Red-necked stints along the EAAF
16668355813,TRUE,2020-02-20T19:35:06Z,TRUE,2020-02-20T19:35:06Z,FALSE,FALSE,solar-geolocator-twilight,Calidris ruficollis,BQ576,036-96507,Tracking Red-necked stints along the EAAF
16668355816,TRUE,2020-02-21T09:40:58Z,FALSE,2020-02-21T09:40:58Z,FALSE,FALSE,solar-geolocator-twilight,Calidris ruficollis,BQ576,036-96507,Tracking Red-necked stints along the EAAF
16668355817,TRUE,2020-02-21T19:20:25Z,TRUE,2020-02-21T19:20:25Z,FALSE,FALSE,solar-geolocator-twilight,Calidris ruficollis,BQ576,036-96507,Tracking Red-necked stints along the EAAF
16668355820,TRUE,2020-02-22T09:41:00Z,FALSE,2020-02-22T09:41:00Z,FALSE,FALSE,solar-geolocator-twilight,Calidris ruficollis,BQ576,036-96507,Tracking Red-necked stints along the EAAF
16668355821,TRUE,2020-02-22T19:23:51Z,TRUE,2020-02-22T19:23:51Z,FALSE,FALSE,solar-geolocator-twilight,Calidris ruficollis,BQ576,036-96507,Tracking Red-necked stints along the EAAF
16668355823,TRUE,2020-02-23T09:30:04Z,FALSE,2020-02-23T09:30:04Z,FALSE,FALSE,solar-geolocator-twilight,Calidris ruficollis,BQ576,036-96507,Tracking Red-necked stints along the EAAF
16668355825,TRUE,2020-02-23T19:36:21Z,TRUE,2020-02-23T19:36:21Z,FALSE,FALSE,solar-geolocator-twilight,Calidris ruficollis,BQ576,036-96507,Tracking Red-necked stints along the EAAF
16668355828,TRUE,2020-02-24T09:30:04Z,FALSE,2020-02-24T09:30:04Z,FALSE,FALSE,solar-geolocator-twilight,Calidris ruficollis,BQ576,036-96507,Tracking Red-necked stints along the EAAF
16668355830,TRUE,2020-02-24T19:37:11Z,TRUE,2020-02-24T19:37:11Z,FALSE,FALSE,solar-geolocator-twilight,Calidris ruficollis,BQ576,036-96507,Tracking Red-necked stints along the EAAF
16668355832,TRUE,2020-02-25T09:30:30Z,FALSE,2020-02-25T09:30:30Z,FALSE,FALSE,solar-geolocator-twilight,Calidris ruficollis,BQ576,036-96507,Tracking Red-necked stints along the EAAF
16668355834,TRUE,2020-02-25T19:35:27Z,TRUE,2020-02-25T19:35:27Z,FALSE,FALSE,solar-geolocator-twilight,Calidris ruficollis,BQ576,036-96507,Tracking Red-necked stints along the EAAF
16668355836,TRUE,2020-02-26T09:35:30Z,FALSE,2020-02-26T09:35:30Z,FALSE,FALSE,solar-geolocator-twilight,Calidris ruficollis,BQ576,036-96507,Tracking Red-necked stints along the EAAF
16668355838,TRUE,2020-02-26T19:42:11Z,TRUE,2020-02-26T19:42:11Z,FALSE,FALSE,solar-geolocator-twilight,Calidris ruficollis,BQ576,036-96507,Tracking Red-necked stints along the EAAF
16668355840,TRUE,2020-02-27T09:22:39Z,FALSE,2020-02-27T09:22:39Z,FALSE,FALSE,solar-geolocator-twilight,Calidris ruficollis,BQ576,036-96507,Tracking Red-necked stints along the EAAF
16668355842,TRUE,2020-02-27T19:44:11Z,TRUE,2020-02-27T19:44:11Z,FALSE,FALSE,solar-geolocator-twilight,Calidris ruficollis,BQ576,036-96507,Tracking Red-necked stints along the EAAF
16668355843,TRUE,2020-02-28T09:25:46Z,FALSE,2020-02-28T09:25:46Z,FALSE,FALSE,solar-geolocator-twilight,Calidris ruficollis,BQ576,036-96507,Tracking Red-necked stints along the EAAF
16668355846,TRUE,2020-02-28T19:44:30Z,TRUE,2020-02-28T19:44:30Z,FALSE,FALSE,solar-geolocator-twilight,Calidris ruficollis,BQ576,036-96507,Tracking Red-necked stints along the EAAF
16668355848,TRUE,2020-02-29T09:27:39Z,FALSE,2020-02-29T09:27:39Z,FALSE,FALSE,solar-geolocator-twilight,Calidris ruficollis,BQ576,036-96507,Tracking Red-necked stints along the EAAF
16668355850,TRUE,2020-02-29T19:41:21Z,TRUE,2020-02-29T19:41:21Z,FALSE,FALSE,solar-geolocator-twilight,Calidris ruficollis,BQ576,036-96507,Tracking Red-necked stints along the EAAF
16668355851,TRUE,2020-03-01T09:15:30Z,FALSE,2020-03-01T09:15:30Z,FALSE,FALSE,solar-geolocator-twilight,Calidris ruficollis,BQ576,036-96507,Tracking Red-necked stints along the EAAF
16668355854,TRUE,2020-03-01T19:45:55Z,TRUE,2020-03-01T19:45:55Z,FALSE,FALSE,solar-geolocator-twilight,Calidris ruficollis,BQ576,036-96507,Tracking Red-necked stints along the EAAF
16668355856,TRUE,2020-03-02T09:20:04Z,FALSE,2020-03-02T09:20:04Z,FALSE,FALSE,solar-geolocator-twilight,Calidris ruficollis,BQ576,036-96507,Tracking Red-necked stints along the EAAF
16668355858,TRUE,2020-03-02T19:47:11Z,TRUE,2020-03-02T19:47:11Z,FALSE,FALSE,solar-geolocator-twilight,Calidris ruficollis,BQ576,036-96507,Tracking Red-necked stints along the EAAF
16668355859,TRUE,2020-03-03T09:12:34Z,FALSE,2020-03-03T09:12:34Z,FALSE,FALSE,solar-geolocator-twilight,Calidris ruficollis,BQ576,036-96507,Tracking Red-necked stints along the EAAF
16668355861,TRUE,2020-03-03T19:42:11Z,TRUE,2020-03-03T19:42:11Z,FALSE,FALSE,solar-geolocator-twilight,Calidris ruficollis,BQ576,036-96507,Tracking Red-necked stints along the EAAF
16668355864,TRUE,2020-03-04T09:10:04Z,FALSE,2020-03-04T09:10:04Z,FALSE,FALSE,solar-geolocator-twilight,Calidris ruficollis,BQ576,036-96507,Tracking Red-necked stints along the EAAF
16668355866,TRUE,2020-03-04T19:56:21Z,TRUE,2020-03-04T19:56:21Z,FALSE,FALSE,solar-geolocator-twilight,Calidris ruficollis,BQ576,036-96507,Tracking Red-necked stints along the EAAF
16668355867,TRUE,2020-03-05T09:11:07Z,FALSE,2020-03-05T09:11:07Z,FALSE,FALSE,solar-geolocator-twilight,Calidris ruficollis,BQ576,036-96507,Tracking Red-necked stints along the EAAF
16668355869,TRUE,2020-03-05T19:47:11Z,TRUE,2020-03-05T19:47:11Z,FALSE,FALSE,solar-geolocator-twilight,Calidris ruficollis,BQ576,036-96507,Tracking Red-necked stints along the EAAF
16668355871,TRUE,2020-03-06T09:15:30Z,FALSE,2020-03-06T09:15:30Z,FALSE,FALSE,solar-geolocator-twilight,Calidris ruficollis,BQ576,036-96507,Tracking Red-necked stints along the EAAF
16668355874,TRUE,2020-03-06T19:51:21Z,TRUE,2020-03-06T19:51:21Z,FALSE,FALSE,solar-geolocator-twilight,Calidris ruficollis,BQ576,036-96507,Tracking Red-necked stints along the EAAF
16668355876,TRUE,2020-03-07T09:15:04Z,FALSE,2020-03-07T09:15:04Z,FALSE,FALSE,solar-geolocator-twilight,Calidris ruficollis,BQ576,036-96507,Tracking Red-necked stints along the EAAF
16668355878,TRUE,2020-03-07T19:43:44Z,TRUE,2020-03-07T19:43:44Z,FALSE,FALSE,solar-geolocator-twilight,Calidris ruficollis,BQ576,036-96507,Tracking Red-necked stints along the EAAF
