event-id,visible,Twilight,Rise,Twilight3,Deleted,Inserted,sensor-type,individual-taxon-canonical-name,ID,individual-local-identifier,study-name
16668351346,TRUE,2019-03-11T09:03:35Z,FALSE,2019-03-11T09:03:35Z,FALSE,FALSE,solar-geolocator-twilight,Calidris ruficollis,BQ590,036-94832,Tracking Red-necked stints along the EAAF
16668351353,TRUE,2019-03-11T19:58:00Z,TRUE,2019-03-11T19:58:00Z,FALSE,FALSE,solar-geolocator-twilight,Calidris ruficollis,BQ590,036-94832,Tracking Red-necked stints along the EAAF
16668351358,TRUE,2019-03-12T08:54:30Z,FALSE,2019-03-12T08:54:30Z,FALSE,FALSE,solar-geolocator-twilight,Calidris ruficollis,BQ590,036-94832,Tracking Red-necked stints along the EAAF
16668351370,TRUE,2019-03-12T20:08:00Z,TRUE,2019-03-12T20:08:00Z,FALSE,FALSE,solar-geolocator-twilight,Calidris ruficollis,BQ590,036-94832,Tracking Red-necked stints along the EAAF
16668351371,TRUE,2019-03-13T08:43:35Z,FALSE,2019-03-13T08:43:35Z,FALSE,FALSE,solar-geolocator-twilight,Calidris ruficollis,BQ590,036-94832,Tracking Red-necked stints along the EAAF
16668351386,TRUE,2019-03-13T20:17:53Z,TRUE,2019-03-13T20:17:53Z,FALSE,FALSE,solar-geolocator-twilight,Calidris ruficollis,BQ590,036-94832,Tracking Red-necked stints along the EAAF
16668351388,TRUE,2019-03-14T08:48:35Z,FALSE,2019-03-14T08:48:35Z,FALSE,FALSE,solar-geolocator-twilight,Calidris ruficollis,BQ590,036-94832,Tracking Red-necked stints along the EAAF
16668351402,TRUE,2019-03-14T20:03:00Z,TRUE,2019-03-14T20:03:00Z,FALSE,FALSE,solar-geolocator-twilight,Calidris ruficollis,BQ590,036-94832,Tracking Red-necked stints along the EAAF
16668351404,TRUE,2019-03-15T08:38:35Z,FALSE,2019-03-15T08:38:35Z,FALSE,FALSE,solar-geolocator-twilight,Calidris ruficollis,BQ590,036-94832,Tracking Red-necked stints along the EAAF
16668351417,TRUE,2019-03-15T20:01:18Z,TRUE,2019-03-15T20:01:18Z,FALSE,FALSE,solar-geolocator-twilight,Calidris ruficollis,BQ590,036-94832,Tracking Red-necked stints along the EAAF
16668351419,TRUE,2019-03-16T08:39:30Z,FALSE,2019-03-16T08:39:30Z,FALSE,FALSE,solar-geolocator-twilight,Calidris ruficollis,BQ590,036-94832,Tracking Red-necked stints along the EAAF
16668351433,TRUE,2019-03-16T20:03:00Z,TRUE,2019-03-16T20:03:00Z,FALSE,FALSE,solar-geolocator-twilight,Calidris ruficollis,BQ590,036-94832,Tracking Red-necked stints along the EAAF
16668351438,TRUE,2019-03-17T09:04:49Z,FALSE,2019-03-17T09:04:49Z,FALSE,FALSE,solar-geolocator-twilight,Calidris ruficollis,BQ590,036-94832,Tracking Red-necked stints along the EAAF
16668351450,TRUE,2019-03-17T20:04:46Z,TRUE,2019-03-17T20:04:46Z,FALSE,FALSE,solar-geolocator-twilight,Calidris ruficollis,BQ590,036-94832,Tracking Red-necked stints along the EAAF
16668351451,TRUE,2019-03-18T08:59:30Z,FALSE,2019-03-18T08:59:30Z,FALSE,FALSE,solar-geolocator-twilight,Calidris ruficollis,BQ590,036-94832,Tracking Red-necked stints along the EAAF
16668351465,TRUE,2019-03-18T19:58:01Z,TRUE,2019-03-18T19:58:01Z,FALSE,FALSE,solar-geolocator-twilight,Calidris ruficollis,BQ590,036-94832,Tracking Red-necked stints along the EAAF
16668351468,TRUE,2019-03-19T08:50:22Z,FALSE,2019-03-19T08:50:22Z,FALSE,FALSE,solar-geolocator-twilight,Calidris ruficollis,BQ590,036-94832,Tracking Red-necked stints along the EAAF
16668351478,TRUE,2019-03-19T20:03:01Z,TRUE,2019-03-19T20:03:01Z,FALSE,FALSE,solar-geolocator-twilight,Calidris ruficollis,BQ590,036-94832,Tracking Red-necked stints along the EAAF
16668351488,TRUE,2019-03-20T08:58:36Z,FALSE,2019-03-20T08:58:36Z,FALSE,FALSE,solar-geolocator-twilight,Calidris ruficollis,BQ590,036-94832,Tracking Red-necked stints along the EAAF
16668351492,TRUE,2019-03-20T20:02:06Z,TRUE,2019-03-20T20:02:06Z,FALSE,FALSE,solar-geolocator-twilight,Calidris ruficollis,BQ590,036-94832,Tracking Red-necked stints along the EAAF
16668351506,TRUE,2019-03-21T09:03:36Z,FALSE,2019-03-21T09:03:36Z,FALSE,FALSE,solar-geolocator-twilight,Calidris ruficollis,BQ590,036-94832,Tracking Red-necked stints along the EAAF
16668351513,TRUE,2019-03-21T20:06:32Z,TRUE,2019-03-21T20:06:32Z,FALSE,FALSE,solar-geolocator-twilight,Calidris ruficollis,BQ590,036-94832,Tracking Red-necked stints along the EAAF
16668351515,TRUE,2019-03-22T08:48:36Z,FALSE,2019-03-22T08:48:36Z,FALSE,FALSE,solar-geolocator-twilight,Calidris ruficollis,BQ590,036-94832,Tracking Red-necked stints along the EAAF
16668351528,TRUE,2019-03-22T20:08:01Z,TRUE,2019-03-22T20:08:01Z,FALSE,FALSE,solar-geolocator-twilight,Calidris ruficollis,BQ590,036-94832,Tracking Red-necked stints along the EAAF
16668351532,TRUE,2019-03-23T08:26:50Z,FALSE,2019-03-23T08:26:50Z,FALSE,FALSE,solar-geolocator-twilight,Calidris ruficollis,BQ590,036-94832,Tracking Red-necked stints along the EAAF
16668351545,TRUE,2019-03-23T20:04:47Z,TRUE,2019-03-23T20:04:47Z,FALSE,FALSE,solar-geolocator-twilight,Calidris ruficollis,BQ590,036-94832,Tracking Red-necked stints along the EAAF
16668351547,TRUE,2019-03-24T08:33:36Z,FALSE,2019-03-24T08:33:36Z,FALSE,FALSE,solar-geolocator-twilight,Calidris ruficollis,BQ590,036-94832,Tracking Red-necked stints along the EAAF
16668351560,TRUE,2019-03-24T20:27:06Z,TRUE,2019-03-24T20:27:06Z,FALSE,FALSE,solar-geolocator-twilight,Calidris ruficollis,BQ590,036-94832,Tracking Red-necked stints along the EAAF
16668351563,TRUE,2019-03-25T08:28:06Z,FALSE,2019-03-25T08:28:06Z,FALSE,FALSE,solar-geolocator-twilight,Calidris ruficollis,BQ590,036-94832,Tracking Red-necked stints along the EAAF
16668351571,TRUE,2019-03-25T20:03:01Z,TRUE,2019-03-25T20:03:01Z,FALSE,FALSE,solar-geolocator-twilight,Calidris ruficollis,BQ590,036-94832,Tracking Red-necked stints along the EAAF
16668351579,TRUE,2019-03-26T08:23:37Z,FALSE,2019-03-26T08:23:37Z,FALSE,FALSE,solar-geolocator-twilight,Calidris ruficollis,BQ590,036-94832,Tracking Red-necked stints along the EAAF
16668351587,TRUE,2019-03-26T20:06:48Z,TRUE,2019-03-26T20:06:48Z,FALSE,FALSE,solar-geolocator-twilight,Calidris ruficollis,BQ590,036-94832,Tracking Red-necked stints along the EAAF
16668351595,TRUE,2019-03-27T08:31:51Z,FALSE,2019-03-27T08:31:51Z,FALSE,FALSE,solar-geolocator-twilight,Calidris ruficollis,BQ590,036-94832,Tracking Red-necked stints along the EAAF
16668351604,TRUE,2019-03-27T20:06:48Z,TRUE,2019-03-27T20:06:48Z,FALSE,FALSE,solar-geolocator-twilight,Calidris ruficollis,BQ590,036-94832,Tracking Red-necked stints along the EAAF
16668351612,TRUE,2019-03-28T08:22:41Z,FALSE,2019-03-28T08:22:41Z,FALSE,FALSE,solar-geolocator-twilight,Calidris ruficollis,BQ590,036-94832,Tracking Red-necked stints along the EAAF
16668351624,TRUE,2019-03-28T20:32:55Z,TRUE,2019-03-28T20:32:55Z,FALSE,FALSE,solar-geolocator-twilight,Calidris ruficollis,BQ590,036-94832,Tracking Red-necked stints along the EAAF
16668351627,TRUE,2019-03-29T08:05:16Z,FALSE,2019-03-29T08:05:16Z,FALSE,FALSE,solar-geolocator-twilight,Calidris ruficollis,BQ590,036-94832,Tracking Red-necked stints along the EAAF
16668351639,TRUE,2019-03-29T20:21:48Z,TRUE,2019-03-29T20:21:48Z,FALSE,FALSE,solar-geolocator-twilight,Calidris ruficollis,BQ590,036-94832,Tracking Red-necked stints along the EAAF
16668351648,TRUE,2019-03-30T08:38:37Z,FALSE,2019-03-30T08:38:37Z,FALSE,FALSE,solar-geolocator-twilight,Calidris ruficollis,BQ590,036-94832,Tracking Red-necked stints along the EAAF
16668351654,TRUE,2019-03-30T20:13:02Z,TRUE,2019-03-30T20:13:02Z,FALSE,FALSE,solar-geolocator-twilight,Calidris ruficollis,BQ590,036-94832,Tracking Red-necked stints along the EAAF
16668351659,TRUE,2019-03-31T08:30:19Z,FALSE,2019-03-31T08:30:19Z,FALSE,FALSE,solar-geolocator-twilight,Calidris ruficollis,BQ590,036-94832,Tracking Red-necked stints along the EAAF
16668351669,TRUE,2019-03-31T20:13:02Z,TRUE,2019-03-31T20:13:02Z,FALSE,FALSE,solar-geolocator-twilight,Calidris ruficollis,BQ590,036-94832,Tracking Red-necked stints along the EAAF
16668351677,TRUE,2019-04-01T08:35:06Z,FALSE,2019-04-01T08:35:06Z,FALSE,FALSE,solar-geolocator-twilight,Calidris ruficollis,BQ590,036-94832,Tracking Red-necked stints along the EAAF
16668351686,TRUE,2019-04-01T20:03:02Z,TRUE,2019-04-01T20:03:02Z,FALSE,FALSE,solar-geolocator-twilight,Calidris ruficollis,BQ590,036-94832,Tracking Red-necked stints along the EAAF
16668351692,TRUE,2019-04-02T08:31:51Z,FALSE,2019-04-02T08:31:51Z,FALSE,FALSE,solar-geolocator-twilight,Calidris ruficollis,BQ590,036-94832,Tracking Red-necked stints along the EAAF
16668351706,TRUE,2019-04-02T20:14:49Z,TRUE,2019-04-02T20:14:49Z,FALSE,FALSE,solar-geolocator-twilight,Calidris ruficollis,BQ590,036-94832,Tracking Red-necked stints along the EAAF
16668351709,TRUE,2019-04-03T08:24:33Z,FALSE,2019-04-03T08:24:33Z,FALSE,FALSE,solar-geolocator-twilight,Calidris ruficollis,BQ590,036-94832,Tracking Red-necked stints along the EAAF
16668351719,TRUE,2019-04-03T20:08:03Z,TRUE,2019-04-03T20:08:03Z,FALSE,FALSE,solar-geolocator-twilight,Calidris ruficollis,BQ590,036-94832,Tracking Red-necked stints along the EAAF
16668351726,TRUE,2019-04-04T08:40:07Z,FALSE,2019-04-04T08:40:07Z,FALSE,FALSE,solar-geolocator-twilight,Calidris ruficollis,BQ590,036-94832,Tracking Red-necked stints along the EAAF
16668351733,TRUE,2019-04-04T20:07:08Z,TRUE,2019-04-04T20:07:08Z,FALSE,FALSE,solar-geolocator-twilight,Calidris ruficollis,BQ590,036-94832,Tracking Red-necked stints along the EAAF
16668351739,TRUE,2019-04-05T08:08:51Z,FALSE,2019-04-05T08:08:51Z,FALSE,FALSE,solar-geolocator-twilight,Calidris ruficollis,BQ590,036-94832,Tracking Red-necked stints along the EAAF
16668351751,TRUE,2019-04-05T20:19:49Z,TRUE,2019-04-05T20:19:49Z,FALSE,FALSE,solar-geolocator-twilight,Calidris ruficollis,BQ590,036-94832,Tracking Red-necked stints along the EAAF
16668351757,TRUE,2019-04-06T08:34:33Z,FALSE,2019-04-06T08:34:33Z,FALSE,FALSE,solar-geolocator-twilight,Calidris ruficollis,BQ590,036-94832,Tracking Red-necked stints along the EAAF
16668351768,TRUE,2019-04-06T20:09:49Z,TRUE,2019-04-06T20:09:49Z,FALSE,FALSE,solar-geolocator-twilight,Calidris ruficollis,BQ590,036-94832,Tracking Red-necked stints along the EAAF
16668351771,TRUE,2019-04-07T08:19:52Z,FALSE,2019-04-07T08:19:52Z,FALSE,FALSE,solar-geolocator-twilight,Calidris ruficollis,BQ590,036-94832,Tracking Red-necked stints along the EAAF
16668351784,TRUE,2019-04-07T20:22:08Z,TRUE,2019-04-07T20:22:08Z,FALSE,FALSE,solar-geolocator-twilight,Calidris ruficollis,BQ590,036-94832,Tracking Red-necked stints along the EAAF
16668351788,TRUE,2019-04-08T08:19:33Z,FALSE,2019-04-08T08:19:33Z,FALSE,FALSE,solar-geolocator-twilight,Calidris ruficollis,BQ590,036-94832,Tracking Red-necked stints along the EAAF
16668351798,TRUE,2019-04-08T20:23:03Z,TRUE,2019-04-08T20:23:03Z,FALSE,FALSE,solar-geolocator-twilight,Calidris ruficollis,BQ590,036-94832,Tracking Red-necked stints along the EAAF
16668351806,TRUE,2019-04-09T08:25:15Z,FALSE,2019-04-09T08:25:15Z,FALSE,FALSE,solar-geolocator-twilight,Calidris ruficollis,BQ590,036-94832,Tracking Red-necked stints along the EAAF
16668351813,TRUE,2019-04-09T20:18:03Z,TRUE,2019-04-09T20:18:03Z,FALSE,FALSE,solar-geolocator-twilight,Calidris ruficollis,BQ590,036-94832,Tracking Red-necked stints along the EAAF
16668351819,TRUE,2019-04-10T08:13:09Z,FALSE,2019-04-10T08:13:09Z,FALSE,FALSE,solar-geolocator-twilight,Calidris ruficollis,BQ590,036-94832,Tracking Red-necked stints along the EAAF
16668351832,TRUE,2019-04-10T20:38:18Z,TRUE,2019-04-10T20:38:18Z,FALSE,FALSE,solar-geolocator-twilight,Calidris ruficollis,BQ590,036-94832,Tracking Red-necked stints along the EAAF
16668351838,TRUE,2019-04-11T08:23:39Z,FALSE,2019-04-11T08:23:39Z,FALSE,FALSE,solar-geolocator-twilight,Calidris ruficollis,BQ590,036-94832,Tracking Red-necked stints along the EAAF
16668351847,TRUE,2019-04-11T20:22:09Z,TRUE,2019-04-11T20:22:09Z,FALSE,FALSE,solar-geolocator-twilight,Calidris ruficollis,BQ590,036-94832,Tracking Red-necked stints along the EAAF
16668351855,TRUE,2019-04-12T08:28:39Z,FALSE,2019-04-12T08:28:39Z,FALSE,FALSE,solar-geolocator-twilight,Calidris ruficollis,BQ590,036-94832,Tracking Red-necked stints along the EAAF
16668351862,TRUE,2019-04-12T20:33:04Z,TRUE,2019-04-12T20:33:04Z,FALSE,FALSE,solar-geolocator-twilight,Calidris ruficollis,BQ590,036-94832,Tracking Red-necked stints along the EAAF
16668351871,TRUE,2019-04-13T08:19:34Z,FALSE,2019-04-13T08:19:34Z,FALSE,FALSE,solar-geolocator-twilight,Calidris ruficollis,BQ590,036-94832,Tracking Red-necked stints along the EAAF
16668351879,TRUE,2019-04-13T20:32:09Z,TRUE,2019-04-13T20:32:09Z,FALSE,FALSE,solar-geolocator-twilight,Calidris ruficollis,BQ590,036-94832,Tracking Red-necked stints along the EAAF
16668351888,TRUE,2019-04-14T08:19:53Z,FALSE,2019-04-14T08:19:53Z,FALSE,FALSE,solar-geolocator-twilight,Calidris ruficollis,BQ590,036-94832,Tracking Red-necked stints along the EAAF
16668351897,TRUE,2019-04-14T20:43:06Z,TRUE,2019-04-14T20:43:06Z,FALSE,FALSE,solar-geolocator-twilight,Calidris ruficollis,BQ590,036-94832,Tracking Red-necked stints along the EAAF
16668351899,TRUE,2019-04-15T08:08:39Z,FALSE,2019-04-15T08:08:39Z,FALSE,FALSE,solar-geolocator-twilight,Calidris ruficollis,BQ590,036-94832,Tracking Red-necked stints along the EAAF
16668351911,TRUE,2019-04-15T20:31:19Z,TRUE,2019-04-15T20:31:19Z,FALSE,FALSE,solar-geolocator-twilight,Calidris ruficollis,BQ590,036-94832,Tracking Red-necked stints along the EAAF
16668351920,TRUE,2019-04-16T08:23:39Z,FALSE,2019-04-16T08:23:39Z,FALSE,FALSE,solar-geolocator-twilight,Calidris ruficollis,BQ590,036-94832,Tracking Red-necked stints along the EAAF
16668351928,TRUE,2019-04-16T20:38:34Z,TRUE,2019-04-16T20:38:34Z,FALSE,FALSE,solar-geolocator-twilight,Calidris ruficollis,BQ590,036-94832,Tracking Red-necked stints along the EAAF
16668351933,TRUE,2019-04-17T08:06:53Z,FALSE,2019-04-17T08:06:53Z,FALSE,FALSE,solar-geolocator-twilight,Calidris ruficollis,BQ590,036-94832,Tracking Red-necked stints along the EAAF
16668351944,TRUE,2019-04-17T20:39:51Z,TRUE,2019-04-17T20:39:51Z,FALSE,FALSE,solar-geolocator-twilight,Calidris ruficollis,BQ590,036-94832,Tracking Red-necked stints along the EAAF
16668351948,TRUE,2019-04-18T08:10:03Z,FALSE,2019-04-18T08:10:03Z,FALSE,FALSE,solar-geolocator-twilight,Calidris ruficollis,BQ590,036-94832,Tracking Red-necked stints along the EAAF
16668351960,TRUE,2019-04-18T20:24:51Z,TRUE,2019-04-18T20:24:51Z,FALSE,FALSE,solar-geolocator-twilight,Calidris ruficollis,BQ590,036-94832,Tracking Red-necked stints along the EAAF
16668351963,TRUE,2019-04-19T08:10:22Z,FALSE,2019-04-19T08:10:22Z,FALSE,FALSE,solar-geolocator-twilight,Calidris ruficollis,BQ590,036-94832,Tracking Red-necked stints along the EAAF
16668351973,TRUE,2019-04-19T20:22:10Z,TRUE,2019-04-19T20:22:10Z,FALSE,FALSE,solar-geolocator-twilight,Calidris ruficollis,BQ590,036-94832,Tracking Red-necked stints along the EAAF
16668351979,TRUE,2019-04-20T07:49:54Z,FALSE,2019-04-20T07:49:54Z,FALSE,FALSE,solar-geolocator-twilight,Calidris ruficollis,BQ590,036-94832,Tracking Red-necked stints along the EAAF
16668351991,TRUE,2019-04-20T20:36:42Z,TRUE,2019-04-20T20:36:42Z,FALSE,FALSE,solar-geolocator-twilight,Calidris ruficollis,BQ590,036-94832,Tracking Red-necked stints along the EAAF
16668351999,TRUE,2019-04-21T08:13:40Z,FALSE,2019-04-21T08:13:40Z,FALSE,FALSE,solar-geolocator-twilight,Calidris ruficollis,BQ590,036-94832,Tracking Red-necked stints along the EAAF
16668352007,TRUE,2019-04-21T20:38:05Z,TRUE,2019-04-21T20:38:05Z,FALSE,FALSE,solar-geolocator-twilight,Calidris ruficollis,BQ590,036-94832,Tracking Red-necked stints along the EAAF
16668352015,TRUE,2019-04-22T08:13:40Z,FALSE,2019-04-22T08:13:40Z,FALSE,FALSE,solar-geolocator-twilight,Calidris ruficollis,BQ590,036-94832,Tracking Red-necked stints along the EAAF
16668352022,TRUE,2019-04-22T20:37:10Z,TRUE,2019-04-22T20:37:10Z,FALSE,FALSE,solar-geolocator-twilight,Calidris ruficollis,BQ590,036-94832,Tracking Red-necked stints along the EAAF
16668352030,TRUE,2019-04-23T08:14:54Z,FALSE,2019-04-23T08:14:54Z,FALSE,FALSE,solar-geolocator-twilight,Calidris ruficollis,BQ590,036-94832,Tracking Red-necked stints along the EAAF
16668352038,TRUE,2019-04-23T20:46:28Z,TRUE,2019-04-23T20:46:28Z,FALSE,FALSE,solar-geolocator-twilight,Calidris ruficollis,BQ590,036-94832,Tracking Red-necked stints along the EAAF
16668352045,TRUE,2019-04-24T08:15:03Z,FALSE,2019-04-24T08:15:03Z,FALSE,FALSE,solar-geolocator-twilight,Calidris ruficollis,BQ590,036-94832,Tracking Red-necked stints along the EAAF
16668352054,TRUE,2019-04-24T20:41:36Z,TRUE,2019-04-24T20:41:36Z,FALSE,FALSE,solar-geolocator-twilight,Calidris ruficollis,BQ590,036-94832,Tracking Red-necked stints along the EAAF
16668352061,TRUE,2019-04-25T08:16:55Z,FALSE,2019-04-25T08:16:55Z,FALSE,FALSE,solar-geolocator-twilight,Calidris ruficollis,BQ590,036-94832,Tracking Red-necked stints along the EAAF
16668352069,TRUE,2019-04-25T20:43:06Z,TRUE,2019-04-25T20:43:06Z,FALSE,FALSE,solar-geolocator-twilight,Calidris ruficollis,BQ590,036-94832,Tracking Red-necked stints along the EAAF
16668352076,TRUE,2019-04-26T08:04:55Z,FALSE,2019-04-26T08:04:55Z,FALSE,FALSE,solar-geolocator-twilight,Calidris ruficollis,BQ590,036-94832,Tracking Red-necked stints along the EAAF
16668352085,TRUE,2019-04-26T20:43:08Z,TRUE,2019-04-26T20:43:08Z,FALSE,FALSE,solar-geolocator-twilight,Calidris ruficollis,BQ590,036-94832,Tracking Red-necked stints along the EAAF
16668352095,TRUE,2019-04-27T09:03:41Z,FALSE,2019-04-27T09:03:41Z,FALSE,FALSE,solar-geolocator-twilight,Calidris ruficollis,BQ590,036-94832,Tracking Red-necked stints along the EAAF
16668352103,TRUE,2019-04-27T21:36:52Z,TRUE,2019-04-27T21:36:52Z,FALSE,FALSE,solar-geolocator-twilight,Calidris ruficollis,BQ590,036-94832,Tracking Red-necked stints along the EAAF
16668352111,TRUE,2019-04-28T09:53:54Z,FALSE,2019-04-28T09:53:54Z,FALSE,FALSE,solar-geolocator-twilight,Calidris ruficollis,BQ590,036-94832,Tracking Red-necked stints along the EAAF
16668352121,TRUE,2019-04-28T21:43:06Z,TRUE,2019-04-28T21:43:06Z,FALSE,FALSE,solar-geolocator-twilight,Calidris ruficollis,BQ590,036-94832,Tracking Red-necked stints along the EAAF
16668352127,TRUE,2019-04-29T09:53:41Z,FALSE,2019-04-29T09:53:41Z,FALSE,FALSE,solar-geolocator-twilight,Calidris ruficollis,BQ590,036-94832,Tracking Red-necked stints along the EAAF
16668352137,TRUE,2019-04-29T21:41:21Z,TRUE,2019-04-29T21:41:21Z,FALSE,FALSE,solar-geolocator-twilight,Calidris ruficollis,BQ590,036-94832,Tracking Red-necked stints along the EAAF
16668352145,TRUE,2019-04-30T09:56:55Z,FALSE,2019-04-30T09:56:55Z,FALSE,FALSE,solar-geolocator-twilight,Calidris ruficollis,BQ590,036-94832,Tracking Red-necked stints along the EAAF
16668352152,TRUE,2019-04-30T21:38:06Z,TRUE,2019-04-30T21:38:06Z,FALSE,FALSE,solar-geolocator-twilight,Calidris ruficollis,BQ590,036-94832,Tracking Red-necked stints along the EAAF
16668352159,TRUE,2019-05-01T09:39:14Z,FALSE,2019-05-01T09:39:14Z,FALSE,FALSE,solar-geolocator-twilight,Calidris ruficollis,BQ590,036-94832,Tracking Red-necked stints along the EAAF
16668352168,TRUE,2019-05-01T21:38:36Z,TRUE,2019-05-01T21:38:36Z,FALSE,FALSE,solar-geolocator-twilight,Calidris ruficollis,BQ590,036-94832,Tracking Red-necked stints along the EAAF
16668352177,TRUE,2019-05-02T09:56:55Z,FALSE,2019-05-02T09:56:55Z,FALSE,FALSE,solar-geolocator-twilight,Calidris ruficollis,BQ590,036-94832,Tracking Red-necked stints along the EAAF
16668352183,TRUE,2019-05-02T21:33:07Z,TRUE,2019-05-02T21:33:07Z,FALSE,FALSE,solar-geolocator-twilight,Calidris ruficollis,BQ590,036-94832,Tracking Red-necked stints along the EAAF
16668352191,TRUE,2019-05-03T09:39:37Z,FALSE,2019-05-03T09:39:37Z,FALSE,FALSE,solar-geolocator-twilight,Calidris ruficollis,BQ590,036-94832,Tracking Red-necked stints along the EAAF
16668352200,TRUE,2019-05-03T21:39:53Z,TRUE,2019-05-03T21:39:53Z,FALSE,FALSE,solar-geolocator-twilight,Calidris ruficollis,BQ590,036-94832,Tracking Red-necked stints along the EAAF
16668352207,TRUE,2019-05-04T09:48:12Z,FALSE,2019-05-04T09:48:12Z,FALSE,FALSE,solar-geolocator-twilight,Calidris ruficollis,BQ590,036-94832,Tracking Red-necked stints along the EAAF
16668352217,TRUE,2019-05-04T22:03:07Z,TRUE,2019-05-04T22:03:07Z,FALSE,FALSE,solar-geolocator-twilight,Calidris ruficollis,BQ590,036-94832,Tracking Red-necked stints along the EAAF
16668352225,TRUE,2019-05-05T10:37:46Z,FALSE,2019-05-05T10:37:46Z,FALSE,FALSE,solar-geolocator-twilight,Calidris ruficollis,BQ590,036-94832,Tracking Red-necked stints along the EAAF
16668352234,TRUE,2019-05-05T22:19:53Z,TRUE,2019-05-05T22:19:53Z,FALSE,FALSE,solar-geolocator-twilight,Calidris ruficollis,BQ590,036-94832,Tracking Red-necked stints along the EAAF
16668352240,TRUE,2019-05-06T10:33:42Z,FALSE,2019-05-06T10:33:42Z,FALSE,FALSE,solar-geolocator-twilight,Calidris ruficollis,BQ590,036-94832,Tracking Red-necked stints along the EAAF
16668352250,TRUE,2019-05-06T22:16:44Z,TRUE,2019-05-06T22:16:44Z,FALSE,FALSE,solar-geolocator-twilight,Calidris ruficollis,BQ590,036-94832,Tracking Red-necked stints along the EAAF
16668352255,TRUE,2019-05-07T10:29:37Z,FALSE,2019-05-07T10:29:37Z,FALSE,FALSE,solar-geolocator-twilight,Calidris ruficollis,BQ590,036-94832,Tracking Red-necked stints along the EAAF
16668352265,TRUE,2019-05-07T22:14:53Z,TRUE,2019-05-07T22:14:53Z,FALSE,FALSE,solar-geolocator-twilight,Calidris ruficollis,BQ590,036-94832,Tracking Red-necked stints along the EAAF
16668352270,TRUE,2019-05-08T10:19:37Z,FALSE,2019-05-08T10:19:37Z,FALSE,FALSE,solar-geolocator-twilight,Calidris ruficollis,BQ590,036-94832,Tracking Red-necked stints along the EAAF
16668352282,TRUE,2019-05-08T22:22:12Z,TRUE,2019-05-08T22:22:12Z,FALSE,FALSE,solar-geolocator-twilight,Calidris ruficollis,BQ590,036-94832,Tracking Red-necked stints along the EAAF
16668352286,TRUE,2019-05-09T10:23:42Z,FALSE,2019-05-09T10:23:42Z,FALSE,FALSE,solar-geolocator-twilight,Calidris ruficollis,BQ590,036-94832,Tracking Red-necked stints along the EAAF
16668352298,TRUE,2019-05-09T22:18:07Z,TRUE,2019-05-09T22:18:07Z,FALSE,FALSE,solar-geolocator-twilight,Calidris ruficollis,BQ590,036-94832,Tracking Red-necked stints along the EAAF
16668352304,TRUE,2019-05-10T10:36:57Z,FALSE,2019-05-10T10:36:57Z,FALSE,FALSE,solar-geolocator-twilight,Calidris ruficollis,BQ590,036-94832,Tracking Red-necked stints along the EAAF
16668352314,TRUE,2019-05-10T22:17:13Z,TRUE,2019-05-10T22:17:13Z,FALSE,FALSE,solar-geolocator-twilight,Calidris ruficollis,BQ590,036-94832,Tracking Red-necked stints along the EAAF
16668352318,TRUE,2019-05-11T10:36:57Z,FALSE,2019-05-11T10:36:57Z,FALSE,FALSE,solar-geolocator-twilight,Calidris ruficollis,BQ590,036-94832,Tracking Red-necked stints along the EAAF
16668352329,TRUE,2019-05-11T22:19:54Z,TRUE,2019-05-11T22:19:54Z,FALSE,FALSE,solar-geolocator-twilight,Calidris ruficollis,BQ590,036-94832,Tracking Red-necked stints along the EAAF
16668352334,TRUE,2019-05-12T10:36:57Z,FALSE,2019-05-12T10:36:57Z,FALSE,FALSE,solar-geolocator-twilight,Calidris ruficollis,BQ590,036-94832,Tracking Red-necked stints along the EAAF
16668352346,TRUE,2019-05-12T22:18:08Z,TRUE,2019-05-12T22:18:08Z,FALSE,FALSE,solar-geolocator-twilight,Calidris ruficollis,BQ590,036-94832,Tracking Red-necked stints along the EAAF
16668352350,TRUE,2019-05-13T10:39:38Z,FALSE,2019-05-13T10:39:38Z,FALSE,FALSE,solar-geolocator-twilight,Calidris ruficollis,BQ590,036-94832,Tracking Red-necked stints along the EAAF
16668352361,TRUE,2019-05-13T22:16:54Z,TRUE,2019-05-13T22:16:54Z,FALSE,FALSE,solar-geolocator-twilight,Calidris ruficollis,BQ590,036-94832,Tracking Red-necked stints along the EAAF
16668352366,TRUE,2019-05-14T10:38:43Z,FALSE,2019-05-14T10:38:43Z,FALSE,FALSE,solar-geolocator-twilight,Calidris ruficollis,BQ590,036-94832,Tracking Red-necked stints along the EAAF
16668352378,TRUE,2019-05-14T22:21:54Z,TRUE,2019-05-14T22:21:54Z,FALSE,FALSE,solar-geolocator-twilight,Calidris ruficollis,BQ590,036-94832,Tracking Red-necked stints along the EAAF
16668352385,TRUE,2019-05-15T11:13:13Z,FALSE,2019-05-15T11:13:13Z,FALSE,FALSE,solar-geolocator-twilight,Calidris ruficollis,BQ590,036-94832,Tracking Red-necked stints along the EAAF
16668352394,TRUE,2019-05-15T22:16:39Z,TRUE,2019-05-15T22:16:39Z,FALSE,FALSE,solar-geolocator-twilight,Calidris ruficollis,BQ590,036-94832,Tracking Red-necked stints along the EAAF
16668352401,TRUE,2019-05-16T11:19:38Z,FALSE,2019-05-16T11:19:38Z,FALSE,FALSE,solar-geolocator-twilight,Calidris ruficollis,BQ590,036-94832,Tracking Red-necked stints along the EAAF
16668352409,TRUE,2019-05-16T21:38:08Z,TRUE,2019-05-16T21:38:08Z,FALSE,FALSE,solar-geolocator-twilight,Calidris ruficollis,BQ590,036-94832,Tracking Red-necked stints along the EAAF
16668352416,TRUE,2019-05-17T11:06:57Z,FALSE,2019-05-17T11:06:57Z,FALSE,FALSE,solar-geolocator-twilight,Calidris ruficollis,BQ590,036-94832,Tracking Red-necked stints along the EAAF
16668352424,TRUE,2019-05-17T20:53:09Z,TRUE,2019-05-17T20:53:09Z,FALSE,FALSE,solar-geolocator-twilight,Calidris ruficollis,BQ590,036-94832,Tracking Red-necked stints along the EAAF
16668352429,TRUE,2019-05-18T10:56:09Z,FALSE,2019-05-18T10:50:21Z,FALSE,FALSE,solar-geolocator-twilight,Calidris ruficollis,BQ590,036-94832,Tracking Red-necked stints along the EAAF
16668352438,TRUE,2019-05-18T20:42:14Z,TRUE,2019-05-18T20:42:14Z,FALSE,FALSE,solar-geolocator-twilight,Calidris ruficollis,BQ590,036-94832,Tracking Red-necked stints along the EAAF
16668352446,TRUE,2019-05-19T11:05:07Z,FALSE,2019-05-19T11:05:07Z,FALSE,FALSE,solar-geolocator-twilight,Calidris ruficollis,BQ590,036-94832,Tracking Red-necked stints along the EAAF
16668352456,TRUE,2019-05-19T20:53:09Z,TRUE,2019-05-19T20:53:09Z,FALSE,FALSE,solar-geolocator-twilight,Calidris ruficollis,BQ590,036-94832,Tracking Red-necked stints along the EAAF
16668352462,TRUE,2019-05-20T11:07:37Z,FALSE,2019-05-20T10:41:58Z,FALSE,FALSE,solar-geolocator-twilight,Calidris ruficollis,BQ590,036-94832,Tracking Red-necked stints along the EAAF
16668352469,TRUE,2019-05-20T20:33:39Z,TRUE,2019-05-20T20:33:39Z,FALSE,FALSE,solar-geolocator-twilight,Calidris ruficollis,BQ590,036-94832,Tracking Red-necked stints along the EAAF
16668352480,TRUE,2019-05-21T11:13:44Z,FALSE,2019-05-21T11:13:44Z,FALSE,FALSE,solar-geolocator-twilight,Calidris ruficollis,BQ590,036-94832,Tracking Red-necked stints along the EAAF
16668352485,TRUE,2019-05-21T20:27:14Z,TRUE,2019-05-21T20:27:14Z,FALSE,FALSE,solar-geolocator-twilight,Calidris ruficollis,BQ590,036-94832,Tracking Red-necked stints along the EAAF
16668352496,TRUE,2019-05-22T11:43:44Z,FALSE,2019-05-22T11:43:44Z,FALSE,FALSE,solar-geolocator-twilight,Calidris ruficollis,BQ590,036-94832,Tracking Red-necked stints along the EAAF
16668352500,TRUE,2019-05-22T20:21:55Z,TRUE,2019-05-22T20:21:55Z,FALSE,FALSE,solar-geolocator-twilight,Calidris ruficollis,BQ590,036-94832,Tracking Red-necked stints along the EAAF
16668352513,TRUE,2019-05-23T11:48:44Z,FALSE,2019-05-23T11:48:44Z,FALSE,FALSE,solar-geolocator-twilight,Calidris ruficollis,BQ590,036-94832,Tracking Red-necked stints along the EAAF
16668352516,TRUE,2019-05-23T20:19:05Z,TRUE,2019-05-23T20:19:05Z,FALSE,FALSE,solar-geolocator-twilight,Calidris ruficollis,BQ590,036-94832,Tracking Red-necked stints along the EAAF
16668352529,TRUE,2019-05-24T11:49:39Z,FALSE,2019-05-24T11:49:39Z,FALSE,FALSE,solar-geolocator-twilight,Calidris ruficollis,BQ590,036-94832,Tracking Red-necked stints along the EAAF
16668352531,TRUE,2019-05-24T19:43:54Z,TRUE,2019-05-24T19:38:09Z,FALSE,FALSE,solar-geolocator-twilight,Calidris ruficollis,BQ590,036-94832,Tracking Red-necked stints along the EAAF
16668352544,TRUE,2019-05-25T11:43:45Z,FALSE,2019-05-25T11:43:45Z,FALSE,FALSE,solar-geolocator-twilight,Calidris ruficollis,BQ590,036-94832,Tracking Red-necked stints along the EAAF
16668352547,TRUE,2019-05-25T19:48:10Z,TRUE,2019-05-25T19:48:10Z,FALSE,FALSE,solar-geolocator-twilight,Calidris ruficollis,BQ590,036-94832,Tracking Red-necked stints along the EAAF
16668352557,TRUE,2019-05-26T11:33:45Z,FALSE,2019-05-26T11:33:45Z,FALSE,FALSE,solar-geolocator-twilight,Calidris ruficollis,BQ590,036-94832,Tracking Red-necked stints along the EAAF
16668352563,TRUE,2019-05-26T19:38:10Z,TRUE,2019-05-26T19:38:10Z,FALSE,FALSE,solar-geolocator-twilight,Calidris ruficollis,BQ590,036-94832,Tracking Red-necked stints along the EAAF
16668352576,TRUE,2019-05-27T11:58:45Z,FALSE,2019-05-27T11:58:45Z,FALSE,FALSE,solar-geolocator-twilight,Calidris ruficollis,BQ590,036-94832,Tracking Red-necked stints along the EAAF
16668352579,TRUE,2019-05-27T19:28:10Z,TRUE,2019-05-27T19:28:10Z,FALSE,FALSE,solar-geolocator-twilight,Calidris ruficollis,BQ590,036-94832,Tracking Red-necked stints along the EAAF
16668352590,TRUE,2019-05-28T11:45:24Z,FALSE,2019-05-28T11:45:24Z,FALSE,FALSE,solar-geolocator-twilight,Calidris ruficollis,BQ590,036-94832,Tracking Red-necked stints along the EAAF
16668352596,TRUE,2019-05-28T19:26:56Z,TRUE,2019-05-28T19:26:56Z,FALSE,FALSE,solar-geolocator-twilight,Calidris ruficollis,BQ590,036-94832,Tracking Red-necked stints along the EAAF
16668352605,TRUE,2019-05-29T11:35:08Z,FALSE,2019-05-29T11:35:08Z,FALSE,FALSE,solar-geolocator-twilight,Calidris ruficollis,BQ590,036-94832,Tracking Red-necked stints along the EAAF
16668352612,TRUE,2019-05-29T19:36:29Z,TRUE,2019-05-29T19:36:29Z,FALSE,FALSE,solar-geolocator-twilight,Calidris ruficollis,BQ590,036-94832,Tracking Red-necked stints along the EAAF
16668352621,TRUE,2019-05-30T11:44:40Z,FALSE,2019-05-30T11:44:40Z,FALSE,FALSE,solar-geolocator-twilight,Calidris ruficollis,BQ590,036-94832,Tracking Red-necked stints along the EAAF
16668352628,TRUE,2019-05-30T19:27:15Z,TRUE,2019-05-30T19:27:15Z,FALSE,FALSE,solar-geolocator-twilight,Calidris ruficollis,BQ590,036-94832,Tracking Red-necked stints along the EAAF
16668352638,TRUE,2019-05-31T11:53:45Z,FALSE,2019-05-31T11:53:45Z,FALSE,FALSE,solar-geolocator-twilight,Calidris ruficollis,BQ590,036-94832,Tracking Red-necked stints along the EAAF
16668352644,TRUE,2019-05-31T19:29:06Z,TRUE,2019-05-31T19:29:06Z,FALSE,FALSE,solar-geolocator-twilight,Calidris ruficollis,BQ590,036-94832,Tracking Red-necked stints along the EAAF
16668352653,TRUE,2019-06-01T12:03:45Z,FALSE,2019-06-01T12:03:45Z,FALSE,FALSE,solar-geolocator-twilight,Calidris ruficollis,BQ590,036-94832,Tracking Red-necked stints along the EAAF
16668352660,TRUE,2019-06-01T19:33:11Z,TRUE,2019-06-01T19:33:11Z,FALSE,FALSE,solar-geolocator-twilight,Calidris ruficollis,BQ590,036-94832,Tracking Red-necked stints along the EAAF
16668352667,TRUE,2019-06-02T11:53:46Z,FALSE,2019-06-02T11:53:46Z,FALSE,FALSE,solar-geolocator-twilight,Calidris ruficollis,BQ590,036-94832,Tracking Red-necked stints along the EAAF
16668352675,TRUE,2019-06-02T19:43:11Z,TRUE,2019-06-02T19:43:11Z,FALSE,FALSE,solar-geolocator-twilight,Calidris ruficollis,BQ590,036-94832,Tracking Red-necked stints along the EAAF
16668352685,TRUE,2019-06-03T14:18:46Z,FALSE,2019-06-03T14:18:46Z,FALSE,FALSE,solar-geolocator-twilight,Calidris ruficollis,BQ590,036-94832,Tracking Red-necked stints along the EAAF
16668352686,TRUE,2019-06-03T16:58:11Z,TRUE,2019-06-03T16:58:11Z,FALSE,FALSE,solar-geolocator-twilight,Calidris ruficollis,BQ590,036-94832,Tracking Red-necked stints along the EAAF
16668352858,TRUE,2019-07-06T12:29:45Z,FALSE,2019-07-06T12:29:45Z,FALSE,FALSE,solar-geolocator-twilight,Calidris ruficollis,BQ590,036-94832,Tracking Red-necked stints along the EAAF
16668352861,TRUE,2019-07-06T19:49:11Z,TRUE,2019-07-06T19:49:11Z,FALSE,FALSE,solar-geolocator-twilight,Calidris ruficollis,BQ590,036-94832,Tracking Red-necked stints along the EAAF
16668352864,TRUE,2019-07-07T12:50:13Z,FALSE,2019-07-07T12:50:13Z,FALSE,FALSE,solar-geolocator-twilight,Calidris ruficollis,BQ590,036-94832,Tracking Red-necked stints along the EAAF
16668352867,TRUE,2019-07-07T19:46:52Z,TRUE,2019-07-07T19:46:52Z,FALSE,FALSE,solar-geolocator-twilight,Calidris ruficollis,BQ590,036-94832,Tracking Red-necked stints along the EAAF
16668352870,TRUE,2019-07-08T13:02:04Z,FALSE,2019-07-08T13:02:04Z,FALSE,FALSE,solar-geolocator-twilight,Calidris ruficollis,BQ590,036-94832,Tracking Red-necked stints along the EAAF
16668352871,TRUE,2019-07-08T19:37:01Z,TRUE,2019-07-08T19:37:01Z,FALSE,FALSE,solar-geolocator-twilight,Calidris ruficollis,BQ590,036-94832,Tracking Red-necked stints along the EAAF
16668352874,TRUE,2019-07-09T12:59:46Z,FALSE,2019-07-09T12:59:46Z,FALSE,FALSE,solar-geolocator-twilight,Calidris ruficollis,BQ590,036-94832,Tracking Red-necked stints along the EAAF
16668352875,TRUE,2019-07-09T19:37:21Z,TRUE,2019-07-09T19:37:21Z,FALSE,FALSE,solar-geolocator-twilight,Calidris ruficollis,BQ590,036-94832,Tracking Red-necked stints along the EAAF
16668352878,TRUE,2019-07-10T12:48:51Z,FALSE,2019-07-10T12:48:51Z,FALSE,FALSE,solar-geolocator-twilight,Calidris ruficollis,BQ590,036-94832,Tracking Red-necked stints along the EAAF
16668352879,TRUE,2019-07-10T20:08:16Z,TRUE,2019-07-10T20:08:16Z,FALSE,FALSE,solar-geolocator-twilight,Calidris ruficollis,BQ590,036-94832,Tracking Red-necked stints along the EAAF
16668352882,TRUE,2019-07-11T12:05:14Z,FALSE,2019-07-11T12:05:14Z,FALSE,FALSE,solar-geolocator-twilight,Calidris ruficollis,BQ590,036-94832,Tracking Red-necked stints along the EAAF
16668352883,TRUE,2019-07-11T20:27:21Z,TRUE,2019-07-11T20:27:21Z,FALSE,FALSE,solar-geolocator-twilight,Calidris ruficollis,BQ590,036-94832,Tracking Red-necked stints along the EAAF
16668352886,TRUE,2019-07-12T11:59:46Z,FALSE,2019-07-12T11:59:46Z,FALSE,FALSE,solar-geolocator-twilight,Calidris ruficollis,BQ590,036-94832,Tracking Red-necked stints along the EAAF
16668352887,TRUE,2019-07-12T20:33:16Z,TRUE,2019-07-12T20:33:16Z,FALSE,FALSE,solar-geolocator-twilight,Calidris ruficollis,BQ590,036-94832,Tracking Red-necked stints along the EAAF
16668352890,TRUE,2019-07-13T11:53:51Z,FALSE,2019-07-13T11:53:51Z,FALSE,FALSE,solar-geolocator-twilight,Calidris ruficollis,BQ590,036-94832,Tracking Red-necked stints along the EAAF
16668352893,TRUE,2019-07-13T20:39:12Z,TRUE,2019-07-13T20:39:12Z,FALSE,FALSE,solar-geolocator-twilight,Calidris ruficollis,BQ590,036-94832,Tracking Red-necked stints along the EAAF
16668352896,TRUE,2019-07-14T11:52:05Z,FALSE,2019-07-14T11:52:05Z,FALSE,FALSE,solar-geolocator-twilight,Calidris ruficollis,BQ590,036-94832,Tracking Red-necked stints along the EAAF
16668352899,TRUE,2019-07-14T20:33:46Z,TRUE,2019-07-14T20:33:46Z,FALSE,FALSE,solar-geolocator-twilight,Calidris ruficollis,BQ590,036-94832,Tracking Red-necked stints along the EAAF
16668352902,TRUE,2019-07-15T11:52:05Z,FALSE,2019-07-15T11:52:05Z,FALSE,FALSE,solar-geolocator-twilight,Calidris ruficollis,BQ590,036-94832,Tracking Red-necked stints along the EAAF
16668352907,TRUE,2019-07-15T20:30:02Z,TRUE,2019-07-15T20:30:02Z,FALSE,FALSE,solar-geolocator-twilight,Calidris ruficollis,BQ590,036-94832,Tracking Red-necked stints along the EAAF
16668352910,TRUE,2019-07-16T11:45:05Z,FALSE,2019-07-16T11:45:05Z,FALSE,FALSE,solar-geolocator-twilight,Calidris ruficollis,BQ590,036-94832,Tracking Red-necked stints along the EAAF
16668352915,TRUE,2019-07-16T20:38:17Z,TRUE,2019-07-16T20:38:17Z,FALSE,FALSE,solar-geolocator-twilight,Calidris ruficollis,BQ590,036-94832,Tracking Red-necked stints along the EAAF
16668352918,TRUE,2019-07-17T11:52:56Z,FALSE,2019-07-17T11:52:56Z,FALSE,FALSE,solar-geolocator-twilight,Calidris ruficollis,BQ590,036-94832,Tracking Red-necked stints along the EAAF
16668352923,TRUE,2019-07-17T20:35:03Z,TRUE,2019-07-17T20:35:03Z,FALSE,FALSE,solar-geolocator-twilight,Calidris ruficollis,BQ590,036-94832,Tracking Red-necked stints along the EAAF
16668352926,TRUE,2019-07-18T11:48:52Z,FALSE,2019-07-18T11:48:52Z,FALSE,FALSE,solar-geolocator-twilight,Calidris ruficollis,BQ590,036-94832,Tracking Red-necked stints along the EAAF
16668352931,TRUE,2019-07-18T20:31:40Z,TRUE,2019-07-18T20:31:40Z,FALSE,FALSE,solar-geolocator-twilight,Calidris ruficollis,BQ590,036-94832,Tracking Red-necked stints along the EAAF
16668352934,TRUE,2019-07-19T11:53:52Z,FALSE,2019-07-19T11:53:52Z,FALSE,FALSE,solar-geolocator-twilight,Calidris ruficollis,BQ590,036-94832,Tracking Red-necked stints along the EAAF
16668352941,TRUE,2019-07-19T20:34:13Z,TRUE,2019-07-19T20:34:13Z,FALSE,FALSE,solar-geolocator-twilight,Calidris ruficollis,BQ590,036-94832,Tracking Red-necked stints along the EAAF
16668352945,TRUE,2019-07-20T11:48:52Z,FALSE,2019-07-20T11:48:52Z,FALSE,FALSE,solar-geolocator-twilight,Calidris ruficollis,BQ590,036-94832,Tracking Red-necked stints along the EAAF
16668352951,TRUE,2019-07-20T20:35:03Z,TRUE,2019-07-20T20:35:03Z,FALSE,FALSE,solar-geolocator-twilight,Calidris ruficollis,BQ590,036-94832,Tracking Red-necked stints along the EAAF
16668352955,TRUE,2019-07-21T11:47:06Z,FALSE,2019-07-21T11:47:06Z,FALSE,FALSE,solar-geolocator-twilight,Calidris ruficollis,BQ590,036-94832,Tracking Red-necked stints along the EAAF
16668352962,TRUE,2019-07-21T20:41:48Z,TRUE,2019-07-21T20:41:48Z,FALSE,FALSE,solar-geolocator-twilight,Calidris ruficollis,BQ590,036-94832,Tracking Red-necked stints along the EAAF
16668352968,TRUE,2019-07-22T11:44:47Z,FALSE,2019-07-22T11:44:47Z,FALSE,FALSE,solar-geolocator-twilight,Calidris ruficollis,BQ590,036-94832,Tracking Red-necked stints along the EAAF
16668352974,TRUE,2019-07-22T20:36:54Z,TRUE,2019-07-22T20:36:54Z,FALSE,FALSE,solar-geolocator-twilight,Calidris ruficollis,BQ590,036-94832,Tracking Red-necked stints along the EAAF
16668352978,TRUE,2019-07-23T11:44:47Z,FALSE,2019-07-23T11:44:47Z,FALSE,FALSE,solar-geolocator-twilight,Calidris ruficollis,BQ590,036-94832,Tracking Red-necked stints along the EAAF
16668352989,TRUE,2019-07-23T20:40:03Z,TRUE,2019-07-23T20:40:03Z,FALSE,FALSE,solar-geolocator-twilight,Calidris ruficollis,BQ590,036-94832,Tracking Red-necked stints along the EAAF
16668352992,TRUE,2019-07-24T11:39:48Z,FALSE,2019-07-24T11:39:48Z,FALSE,FALSE,solar-geolocator-twilight,Calidris ruficollis,BQ590,036-94832,Tracking Red-necked stints along the EAAF
16668353004,TRUE,2019-07-24T20:45:04Z,TRUE,2019-07-24T20:45:04Z,FALSE,FALSE,solar-geolocator-twilight,Calidris ruficollis,BQ590,036-94832,Tracking Red-necked stints along the EAAF
16668353009,TRUE,2019-07-25T11:28:53Z,FALSE,2019-07-25T11:28:53Z,FALSE,FALSE,solar-geolocator-twilight,Calidris ruficollis,BQ590,036-94832,Tracking Red-necked stints along the EAAF
16668353021,TRUE,2019-07-25T20:45:04Z,TRUE,2019-07-25T20:45:04Z,FALSE,FALSE,solar-geolocator-twilight,Calidris ruficollis,BQ590,036-94832,Tracking Red-necked stints along the EAAF
16668353025,TRUE,2019-07-26T11:32:57Z,FALSE,2019-07-26T11:32:57Z,FALSE,FALSE,solar-geolocator-twilight,Calidris ruficollis,BQ590,036-94832,Tracking Red-necked stints along the EAAF
16668353037,TRUE,2019-07-26T20:48:18Z,TRUE,2019-07-26T20:48:18Z,FALSE,FALSE,solar-geolocator-twilight,Calidris ruficollis,BQ590,036-94832,Tracking Red-necked stints along the EAAF
16668353041,TRUE,2019-07-27T11:32:57Z,FALSE,2019-07-27T11:32:57Z,FALSE,FALSE,solar-geolocator-twilight,Calidris ruficollis,BQ590,036-94832,Tracking Red-necked stints along the EAAF
16668353053,TRUE,2019-07-27T20:57:04Z,TRUE,2019-07-27T20:57:04Z,FALSE,FALSE,solar-geolocator-twilight,Calidris ruficollis,BQ590,036-94832,Tracking Red-necked stints along the EAAF
16668353056,TRUE,2019-07-28T11:22:57Z,FALSE,2019-07-28T11:22:57Z,FALSE,FALSE,solar-geolocator-twilight,Calidris ruficollis,BQ590,036-94832,Tracking Red-necked stints along the EAAF
16668353070,TRUE,2019-07-28T21:09:14Z,TRUE,2019-07-28T21:09:14Z,FALSE,FALSE,solar-geolocator-twilight,Calidris ruficollis,BQ590,036-94832,Tracking Red-necked stints along the EAAF
16668353072,TRUE,2019-07-29T11:10:07Z,FALSE,2019-07-29T11:10:07Z,FALSE,FALSE,solar-geolocator-twilight,Calidris ruficollis,BQ590,036-94832,Tracking Red-necked stints along the EAAF
16668353086,TRUE,2019-07-29T21:18:18Z,TRUE,2019-07-29T21:18:18Z,FALSE,FALSE,solar-geolocator-twilight,Calidris ruficollis,BQ590,036-94832,Tracking Red-necked stints along the EAAF
16668353088,TRUE,2019-07-30T11:17:07Z,FALSE,2019-07-30T11:17:07Z,FALSE,FALSE,solar-geolocator-twilight,Calidris ruficollis,BQ590,036-94832,Tracking Red-necked stints along the EAAF
16668353100,TRUE,2019-07-30T20:53:20Z,TRUE,2019-07-30T20:53:20Z,FALSE,FALSE,solar-geolocator-twilight,Calidris ruficollis,BQ590,036-94832,Tracking Red-necked stints along the EAAF
16668353104,TRUE,2019-07-31T11:02:07Z,FALSE,2019-07-31T11:02:07Z,FALSE,FALSE,solar-geolocator-twilight,Calidris ruficollis,BQ590,036-94832,Tracking Red-necked stints along the EAAF
16668353117,TRUE,2019-07-31T21:37:24Z,TRUE,2019-07-31T21:37:24Z,FALSE,FALSE,solar-geolocator-twilight,Calidris ruficollis,BQ590,036-94832,Tracking Red-necked stints along the EAAF
16668353121,TRUE,2019-08-01T11:08:54Z,FALSE,2019-08-01T11:08:54Z,FALSE,FALSE,solar-geolocator-twilight,Calidris ruficollis,BQ590,036-94832,Tracking Red-necked stints along the EAAF
16668353133,TRUE,2019-08-01T21:37:05Z,TRUE,2019-08-01T21:37:05Z,FALSE,FALSE,solar-geolocator-twilight,Calidris ruficollis,BQ590,036-94832,Tracking Red-necked stints along the EAAF
16668353136,TRUE,2019-08-02T11:10:08Z,FALSE,2019-08-02T11:10:08Z,FALSE,FALSE,solar-geolocator-twilight,Calidris ruficollis,BQ590,036-94832,Tracking Red-necked stints along the EAAF
16668353149,TRUE,2019-08-02T21:27:05Z,TRUE,2019-08-02T21:27:05Z,FALSE,FALSE,solar-geolocator-twilight,Calidris ruficollis,BQ590,036-94832,Tracking Red-necked stints along the EAAF
16668353153,TRUE,2019-08-03T11:10:23Z,FALSE,2019-08-03T11:10:23Z,FALSE,FALSE,solar-geolocator-twilight,Calidris ruficollis,BQ590,036-94832,Tracking Red-necked stints along the EAAF
16668353164,TRUE,2019-08-03T21:26:50Z,TRUE,2019-08-03T21:26:50Z,FALSE,FALSE,solar-geolocator-twilight,Calidris ruficollis,BQ590,036-94832,Tracking Red-necked stints along the EAAF
16668353169,TRUE,2019-08-04T11:14:49Z,FALSE,2019-08-04T11:14:49Z,FALSE,FALSE,solar-geolocator-twilight,Calidris ruficollis,BQ590,036-94832,Tracking Red-necked stints along the EAAF
16668353181,TRUE,2019-08-04T22:01:42Z,TRUE,2019-08-04T22:01:42Z,FALSE,FALSE,solar-geolocator-twilight,Calidris ruficollis,BQ590,036-94832,Tracking Red-necked stints along the EAAF
16668353184,TRUE,2019-08-05T11:00:38Z,FALSE,2019-08-05T11:00:38Z,FALSE,FALSE,solar-geolocator-twilight,Calidris ruficollis,BQ590,036-94832,Tracking Red-necked stints along the EAAF
16668353196,TRUE,2019-08-05T21:53:19Z,TRUE,2019-08-05T21:53:19Z,FALSE,FALSE,solar-geolocator-twilight,Calidris ruficollis,BQ590,036-94832,Tracking Red-necked stints along the EAAF
16668353200,TRUE,2019-08-06T10:40:08Z,FALSE,2019-08-06T10:40:08Z,FALSE,FALSE,solar-geolocator-twilight,Calidris ruficollis,BQ590,036-94832,Tracking Red-necked stints along the EAAF
16668353212,TRUE,2019-08-06T21:55:05Z,TRUE,2019-08-06T21:55:05Z,FALSE,FALSE,solar-geolocator-twilight,Calidris ruficollis,BQ590,036-94832,Tracking Red-necked stints along the EAAF
16668353216,TRUE,2019-08-07T10:40:23Z,FALSE,2019-08-07T10:40:23Z,FALSE,FALSE,solar-geolocator-twilight,Calidris ruficollis,BQ590,036-94832,Tracking Red-necked stints along the EAAF
16668353228,TRUE,2019-08-07T21:55:05Z,TRUE,2019-08-07T21:55:05Z,FALSE,FALSE,solar-geolocator-twilight,Calidris ruficollis,BQ590,036-94832,Tracking Red-necked stints along the EAAF
16668353232,TRUE,2019-08-08T10:37:59Z,FALSE,2019-08-08T10:37:59Z,FALSE,FALSE,solar-geolocator-twilight,Calidris ruficollis,BQ590,036-94832,Tracking Red-necked stints along the EAAF
16668353244,TRUE,2019-08-08T21:58:50Z,TRUE,2019-08-08T21:58:50Z,FALSE,FALSE,solar-geolocator-twilight,Calidris ruficollis,BQ590,036-94832,Tracking Red-necked stints along the EAAF
16668353248,TRUE,2019-08-09T10:37:09Z,FALSE,2019-08-09T10:37:09Z,FALSE,FALSE,solar-geolocator-twilight,Calidris ruficollis,BQ590,036-94832,Tracking Red-necked stints along the EAAF
16668353261,TRUE,2019-08-09T21:59:16Z,TRUE,2019-08-09T21:59:16Z,FALSE,FALSE,solar-geolocator-twilight,Calidris ruficollis,BQ590,036-94832,Tracking Red-necked stints along the EAAF
16668353264,TRUE,2019-08-10T10:37:09Z,FALSE,2019-08-10T10:37:09Z,FALSE,FALSE,solar-geolocator-twilight,Calidris ruficollis,BQ590,036-94832,Tracking Red-necked stints along the EAAF
16668353277,TRUE,2019-08-10T22:01:57Z,TRUE,2019-08-10T22:01:57Z,FALSE,FALSE,solar-geolocator-twilight,Calidris ruficollis,BQ590,036-94832,Tracking Red-necked stints along the EAAF
16668353280,TRUE,2019-08-11T10:35:18Z,FALSE,2019-08-11T10:35:18Z,FALSE,FALSE,solar-geolocator-twilight,Calidris ruficollis,BQ590,036-94832,Tracking Red-necked stints along the EAAF
16668353293,TRUE,2019-08-11T22:02:06Z,TRUE,2019-08-11T22:02:06Z,FALSE,FALSE,solar-geolocator-twilight,Calidris ruficollis,BQ590,036-94832,Tracking Red-necked stints along the EAAF
16668353296,TRUE,2019-08-12T10:24:49Z,FALSE,2019-08-12T10:24:49Z,FALSE,FALSE,solar-geolocator-twilight,Calidris ruficollis,BQ590,036-94832,Tracking Red-necked stints along the EAAF
16668353308,TRUE,2019-08-12T22:02:25Z,TRUE,2019-08-12T22:02:25Z,FALSE,FALSE,solar-geolocator-twilight,Calidris ruficollis,BQ590,036-94832,Tracking Red-necked stints along the EAAF
16668353312,TRUE,2019-08-13T10:35:45Z,FALSE,2019-08-13T10:35:45Z,FALSE,FALSE,solar-geolocator-twilight,Calidris ruficollis,BQ590,036-94832,Tracking Red-necked stints along the EAAF
16668353324,TRUE,2019-08-13T21:58:34Z,TRUE,2019-08-13T21:58:34Z,FALSE,FALSE,solar-geolocator-twilight,Calidris ruficollis,BQ590,036-94832,Tracking Red-necked stints along the EAAF
16668353328,TRUE,2019-08-14T10:29:48Z,FALSE,2019-08-14T10:08:41Z,FALSE,FALSE,solar-geolocator-twilight,Calidris ruficollis,BQ590,036-94832,Tracking Red-necked stints along the EAAF
16668353340,TRUE,2019-08-14T22:02:42Z,TRUE,2019-08-14T22:45:06Z,FALSE,FALSE,solar-geolocator-twilight,Calidris ruficollis,BQ590,036-94832,Tracking Red-necked stints along the EAAF
16668353344,TRUE,2019-08-15T10:23:55Z,FALSE,2019-08-15T10:23:55Z,FALSE,FALSE,solar-geolocator-twilight,Calidris ruficollis,BQ590,036-94832,Tracking Red-necked stints along the EAAF
16668353357,TRUE,2019-08-15T22:10:07Z,TRUE,2019-08-15T22:10:07Z,FALSE,FALSE,solar-geolocator-twilight,Calidris ruficollis,BQ590,036-94832,Tracking Red-necked stints along the EAAF
16668353360,TRUE,2019-08-16T10:38:56Z,FALSE,2019-08-16T10:38:56Z,FALSE,FALSE,solar-geolocator-twilight,Calidris ruficollis,BQ590,036-94832,Tracking Red-necked stints along the EAAF
16668353374,TRUE,2019-08-16T22:34:17Z,TRUE,2019-08-16T22:34:17Z,FALSE,FALSE,solar-geolocator-twilight,Calidris ruficollis,BQ590,036-94832,Tracking Red-necked stints along the EAAF
16668353376,TRUE,2019-08-17T10:32:10Z,FALSE,2019-08-17T10:32:10Z,FALSE,FALSE,solar-geolocator-twilight,Calidris ruficollis,BQ590,036-94832,Tracking Red-necked stints along the EAAF
16668353390,TRUE,2019-08-17T22:32:26Z,TRUE,2019-08-17T22:32:26Z,FALSE,FALSE,solar-geolocator-twilight,Calidris ruficollis,BQ590,036-94832,Tracking Red-necked stints along the EAAF
16668353393,TRUE,2019-08-18T10:49:51Z,FALSE,2019-08-18T10:49:51Z,FALSE,FALSE,solar-geolocator-twilight,Calidris ruficollis,BQ590,036-94832,Tracking Red-necked stints along the EAAF
16668353405,TRUE,2019-08-18T22:35:07Z,TRUE,2019-08-18T22:35:07Z,FALSE,FALSE,solar-geolocator-twilight,Calidris ruficollis,BQ590,036-94832,Tracking Red-necked stints along the EAAF
16668353410,TRUE,2019-08-19T10:50:41Z,FALSE,2019-08-19T10:50:41Z,FALSE,FALSE,solar-geolocator-twilight,Calidris ruficollis,BQ590,036-94832,Tracking Red-necked stints along the EAAF
16668353421,TRUE,2019-08-19T22:21:58Z,TRUE,2019-08-19T22:21:58Z,FALSE,FALSE,solar-geolocator-twilight,Calidris ruficollis,BQ590,036-94832,Tracking Red-necked stints along the EAAF
16668353427,TRUE,2019-08-20T10:52:10Z,FALSE,2019-08-20T10:52:10Z,FALSE,FALSE,solar-geolocator-twilight,Calidris ruficollis,BQ590,036-94832,Tracking Red-necked stints along the EAAF
16668353437,TRUE,2019-08-20T22:18:51Z,TRUE,2019-08-20T22:18:51Z,FALSE,FALSE,solar-geolocator-twilight,Calidris ruficollis,BQ590,036-94832,Tracking Red-necked stints along the EAAF
16668353442,TRUE,2019-08-21T10:50:19Z,FALSE,2019-08-21T10:50:19Z,FALSE,FALSE,solar-geolocator-twilight,Calidris ruficollis,BQ590,036-94832,Tracking Red-necked stints along the EAAF
16668353453,TRUE,2019-08-21T22:30:07Z,TRUE,2019-08-21T22:30:07Z,FALSE,FALSE,solar-geolocator-twilight,Calidris ruficollis,BQ590,036-94832,Tracking Red-necked stints along the EAAF
16668353458,TRUE,2019-08-22T10:48:00Z,FALSE,2019-08-22T10:48:00Z,FALSE,FALSE,solar-geolocator-twilight,Calidris ruficollis,BQ590,036-94832,Tracking Red-necked stints along the EAAF
16668353469,TRUE,2019-08-22T22:28:21Z,TRUE,2019-08-22T22:28:21Z,FALSE,FALSE,solar-geolocator-twilight,Calidris ruficollis,BQ590,036-94832,Tracking Red-necked stints along the EAAF
16668353474,TRUE,2019-08-23T10:53:27Z,FALSE,2019-08-23T10:53:27Z,FALSE,FALSE,solar-geolocator-twilight,Calidris ruficollis,BQ590,036-94832,Tracking Red-necked stints along the EAAF
16668353484,TRUE,2019-08-23T22:16:48Z,TRUE,2019-08-23T22:16:48Z,FALSE,FALSE,solar-geolocator-twilight,Calidris ruficollis,BQ590,036-94832,Tracking Red-necked stints along the EAAF
16668353491,TRUE,2019-08-24T10:53:01Z,FALSE,2019-08-24T10:53:01Z,FALSE,FALSE,solar-geolocator-twilight,Calidris ruficollis,BQ590,036-94832,Tracking Red-necked stints along the EAAF
16668353500,TRUE,2019-08-24T22:20:08Z,TRUE,2019-08-24T22:20:08Z,FALSE,FALSE,solar-geolocator-twilight,Calidris ruficollis,BQ590,036-94832,Tracking Red-necked stints along the EAAF
16668353507,TRUE,2019-08-25T10:47:11Z,FALSE,2019-08-25T10:47:11Z,FALSE,FALSE,solar-geolocator-twilight,Calidris ruficollis,BQ590,036-94832,Tracking Red-necked stints along the EAAF
16668353516,TRUE,2019-08-25T22:16:53Z,TRUE,2019-08-25T22:16:53Z,FALSE,FALSE,solar-geolocator-twilight,Calidris ruficollis,BQ590,036-94832,Tracking Red-necked stints along the EAAF
16668353524,TRUE,2019-08-26T10:47:11Z,FALSE,2019-08-26T10:47:11Z,FALSE,FALSE,solar-geolocator-twilight,Calidris ruficollis,BQ590,036-94832,Tracking Red-necked stints along the EAAF
16668353532,TRUE,2019-08-26T22:02:08Z,TRUE,2019-08-26T22:02:08Z,FALSE,FALSE,solar-geolocator-twilight,Calidris ruficollis,BQ590,036-94832,Tracking Red-necked stints along the EAAF
16668353536,TRUE,2019-08-27T10:12:11Z,FALSE,2019-08-27T10:12:11Z,FALSE,FALSE,solar-geolocator-twilight,Calidris ruficollis,BQ590,036-94832,Tracking Red-necked stints along the EAAF
16668353546,TRUE,2019-08-27T21:32:27Z,TRUE,2019-08-27T21:32:27Z,FALSE,FALSE,solar-geolocator-twilight,Calidris ruficollis,BQ590,036-94832,Tracking Red-necked stints along the EAAF
16668353552,TRUE,2019-08-28T09:40:11Z,FALSE,2019-08-28T09:40:11Z,FALSE,FALSE,solar-geolocator-twilight,Calidris ruficollis,BQ590,036-94832,Tracking Red-necked stints along the EAAF
16668353561,TRUE,2019-08-28T21:16:59Z,TRUE,2019-08-28T21:16:59Z,FALSE,FALSE,solar-geolocator-twilight,Calidris ruficollis,BQ590,036-94832,Tracking Red-necked stints along the EAAF
16668353568,TRUE,2019-08-29T09:05:20Z,FALSE,2019-08-29T09:05:20Z,FALSE,FALSE,solar-geolocator-twilight,Calidris ruficollis,BQ590,036-94832,Tracking Red-necked stints along the EAAF
16668353576,TRUE,2019-08-29T20:48:22Z,TRUE,2019-08-29T20:48:22Z,FALSE,FALSE,solar-geolocator-twilight,Calidris ruficollis,BQ590,036-94832,Tracking Red-necked stints along the EAAF
16668353584,TRUE,2019-08-30T08:47:11Z,FALSE,2019-08-30T08:47:11Z,FALSE,FALSE,solar-geolocator-twilight,Calidris ruficollis,BQ590,036-94832,Tracking Red-necked stints along the EAAF
16668353592,TRUE,2019-08-30T20:50:09Z,TRUE,2019-08-30T20:50:09Z,FALSE,FALSE,solar-geolocator-twilight,Calidris ruficollis,BQ590,036-94832,Tracking Red-necked stints along the EAAF
16668353600,TRUE,2019-08-31T08:34:51Z,FALSE,2019-08-31T08:34:51Z,FALSE,FALSE,solar-geolocator-twilight,Calidris ruficollis,BQ590,036-94832,Tracking Red-necked stints along the EAAF
16668353608,TRUE,2019-08-31T20:40:09Z,TRUE,2019-08-31T20:40:09Z,FALSE,FALSE,solar-geolocator-twilight,Calidris ruficollis,BQ590,036-94832,Tracking Red-necked stints along the EAAF
16668353616,TRUE,2019-09-01T08:48:58Z,FALSE,2019-09-01T08:48:58Z,FALSE,FALSE,solar-geolocator-twilight,Calidris ruficollis,BQ590,036-94832,Tracking Red-necked stints along the EAAF
16668353623,TRUE,2019-09-01T20:18:23Z,TRUE,2019-09-01T20:18:23Z,FALSE,FALSE,solar-geolocator-twilight,Calidris ruficollis,BQ590,036-94832,Tracking Red-necked stints along the EAAF
16668353632,TRUE,2019-09-02T08:13:58Z,FALSE,2019-09-02T08:13:58Z,FALSE,FALSE,solar-geolocator-twilight,Calidris ruficollis,BQ590,036-94832,Tracking Red-necked stints along the EAAF
16668353639,TRUE,2019-09-02T20:12:28Z,TRUE,2019-09-02T20:12:28Z,FALSE,FALSE,solar-geolocator-twilight,Calidris ruficollis,BQ590,036-94832,Tracking Red-necked stints along the EAAF
16668353648,TRUE,2019-09-03T08:19:25Z,FALSE,2019-09-03T08:19:25Z,FALSE,FALSE,solar-geolocator-twilight,Calidris ruficollis,BQ590,036-94832,Tracking Red-necked stints along the EAAF
16668353656,TRUE,2019-09-03T20:23:23Z,TRUE,2019-09-03T20:23:23Z,FALSE,FALSE,solar-geolocator-twilight,Calidris ruficollis,BQ590,036-94832,Tracking Red-necked stints along the EAAF
16668353664,TRUE,2019-09-04T08:10:32Z,FALSE,2019-09-04T08:10:32Z,FALSE,FALSE,solar-geolocator-twilight,Calidris ruficollis,BQ590,036-94832,Tracking Red-necked stints along the EAAF
16668353672,TRUE,2019-09-04T20:15:09Z,TRUE,2019-09-04T20:15:09Z,FALSE,FALSE,solar-geolocator-twilight,Calidris ruficollis,BQ590,036-94832,Tracking Red-necked stints along the EAAF
16668353681,TRUE,2019-09-05T08:23:58Z,FALSE,2019-09-05T08:23:58Z,FALSE,FALSE,solar-geolocator-twilight,Calidris ruficollis,BQ590,036-94832,Tracking Red-necked stints along the EAAF
16668353687,TRUE,2019-09-05T20:20:09Z,TRUE,2019-09-05T20:20:09Z,FALSE,FALSE,solar-geolocator-twilight,Calidris ruficollis,BQ590,036-94832,Tracking Red-necked stints along the EAAF
16668353697,TRUE,2019-09-06T08:15:12Z,FALSE,2019-09-06T08:15:12Z,FALSE,FALSE,solar-geolocator-twilight,Calidris ruficollis,BQ590,036-94832,Tracking Red-necked stints along the EAAF
16668353703,TRUE,2019-09-06T20:13:23Z,TRUE,2019-09-06T20:13:23Z,FALSE,FALSE,solar-geolocator-twilight,Calidris ruficollis,BQ590,036-94832,Tracking Red-necked stints along the EAAF
16668353711,TRUE,2019-09-07T08:17:13Z,FALSE,2019-09-07T08:17:13Z,FALSE,FALSE,solar-geolocator-twilight,Calidris ruficollis,BQ590,036-94832,Tracking Red-necked stints along the EAAF
16668353719,TRUE,2019-09-07T20:17:29Z,TRUE,2019-09-07T20:17:29Z,FALSE,FALSE,solar-geolocator-twilight,Calidris ruficollis,BQ590,036-94832,Tracking Red-necked stints along the EAAF
16668353729,TRUE,2019-09-08T08:22:13Z,FALSE,2019-09-08T08:22:13Z,FALSE,FALSE,solar-geolocator-twilight,Calidris ruficollis,BQ590,036-94832,Tracking Red-necked stints along the EAAF
16668353736,TRUE,2019-09-08T20:13:54Z,TRUE,2019-09-08T20:13:54Z,FALSE,FALSE,solar-geolocator-twilight,Calidris ruficollis,BQ590,036-94832,Tracking Red-necked stints along the EAAF
16668353745,TRUE,2019-09-09T08:24:54Z,FALSE,2019-09-09T08:24:54Z,FALSE,FALSE,solar-geolocator-twilight,Calidris ruficollis,BQ590,036-94832,Tracking Red-necked stints along the EAAF
16668353751,TRUE,2019-09-09T20:05:10Z,TRUE,2019-09-09T20:05:10Z,FALSE,FALSE,solar-geolocator-twilight,Calidris ruficollis,BQ590,036-94832,Tracking Red-necked stints along the EAAF
16668353761,TRUE,2019-09-10T08:30:13Z,FALSE,2019-09-10T08:30:13Z,FALSE,FALSE,solar-geolocator-twilight,Calidris ruficollis,BQ590,036-94832,Tracking Red-necked stints along the EAAF
16668353767,TRUE,2019-09-10T19:58:24Z,TRUE,2019-09-10T19:58:24Z,FALSE,FALSE,solar-geolocator-twilight,Calidris ruficollis,BQ590,036-94832,Tracking Red-necked stints along the EAAF
16668353776,TRUE,2019-09-11T08:33:03Z,FALSE,2019-09-11T08:33:03Z,FALSE,FALSE,solar-geolocator-twilight,Calidris ruficollis,BQ590,036-94832,Tracking Red-necked stints along the EAAF
16668353784,TRUE,2019-09-11T20:13:24Z,TRUE,2019-09-11T20:13:24Z,FALSE,FALSE,solar-geolocator-twilight,Calidris ruficollis,BQ590,036-94832,Tracking Red-necked stints along the EAAF
16668353793,TRUE,2019-09-12T08:27:13Z,FALSE,2019-09-12T08:27:13Z,FALSE,FALSE,solar-geolocator-twilight,Calidris ruficollis,BQ590,036-94832,Tracking Red-necked stints along the EAAF
16668353799,TRUE,2019-09-12T20:05:10Z,TRUE,2019-09-12T20:05:10Z,FALSE,FALSE,solar-geolocator-twilight,Calidris ruficollis,BQ590,036-94832,Tracking Red-necked stints along the EAAF
16668353808,TRUE,2019-09-13T08:24:54Z,FALSE,2019-09-13T08:24:54Z,FALSE,FALSE,solar-geolocator-twilight,Calidris ruficollis,BQ590,036-94832,Tracking Red-necked stints along the EAAF
16668353815,TRUE,2019-09-13T20:03:24Z,TRUE,2019-09-13T20:03:24Z,FALSE,FALSE,solar-geolocator-twilight,Calidris ruficollis,BQ590,036-94832,Tracking Red-necked stints along the EAAF
16668353824,TRUE,2019-09-14T08:29:54Z,FALSE,2019-09-14T08:29:54Z,FALSE,FALSE,solar-geolocator-twilight,Calidris ruficollis,BQ590,036-94832,Tracking Red-necked stints along the EAAF
16668353834,TRUE,2019-09-14T20:04:21Z,TRUE,2019-09-14T20:04:21Z,FALSE,FALSE,solar-geolocator-twilight,Calidris ruficollis,BQ590,036-94832,Tracking Red-necked stints along the EAAF
16668353843,TRUE,2019-09-15T08:24:55Z,FALSE,2019-09-15T08:24:55Z,FALSE,FALSE,solar-geolocator-twilight,Calidris ruficollis,BQ590,036-94832,Tracking Red-necked stints along the EAAF
16668353851,TRUE,2019-09-15T20:00:11Z,TRUE,2019-09-15T20:00:11Z,FALSE,FALSE,solar-geolocator-twilight,Calidris ruficollis,BQ590,036-94832,Tracking Red-necked stints along the EAAF
16668353861,TRUE,2019-09-16T08:37:14Z,FALSE,2019-09-16T08:37:14Z,FALSE,FALSE,solar-geolocator-twilight,Calidris ruficollis,BQ590,036-94832,Tracking Red-necked stints along the EAAF
16668353869,TRUE,2019-09-16T19:57:02Z,TRUE,2019-09-16T19:57:02Z,FALSE,FALSE,solar-geolocator-twilight,Calidris ruficollis,BQ590,036-94832,Tracking Red-necked stints along the EAAF
16668353880,TRUE,2019-09-17T08:38:04Z,FALSE,2019-09-17T08:38:04Z,FALSE,FALSE,solar-geolocator-twilight,Calidris ruficollis,BQ590,036-94832,Tracking Red-necked stints along the EAAF
16668353887,TRUE,2019-09-17T19:52:30Z,TRUE,2019-09-17T19:52:30Z,FALSE,FALSE,solar-geolocator-twilight,Calidris ruficollis,BQ590,036-94832,Tracking Red-necked stints along the EAAF
16668353898,TRUE,2019-09-18T08:42:14Z,FALSE,2019-09-18T08:42:14Z,FALSE,FALSE,solar-geolocator-twilight,Calidris ruficollis,BQ590,036-94832,Tracking Red-necked stints along the EAAF
16668353907,TRUE,2019-09-18T19:57:30Z,TRUE,2019-09-18T19:57:30Z,FALSE,FALSE,solar-geolocator-twilight,Calidris ruficollis,BQ590,036-94832,Tracking Red-necked stints along the EAAF
16668353913,TRUE,2019-09-19T08:19:55Z,FALSE,2019-09-19T08:19:55Z,FALSE,FALSE,solar-geolocator-twilight,Calidris ruficollis,BQ590,036-94832,Tracking Red-necked stints along the EAAF
16668353926,TRUE,2019-09-19T20:01:51Z,TRUE,2019-09-19T20:01:51Z,FALSE,FALSE,solar-geolocator-twilight,Calidris ruficollis,BQ590,036-94832,Tracking Red-necked stints along the EAAF
16668353934,TRUE,2019-09-20T08:29:00Z,FALSE,2019-09-20T08:29:00Z,FALSE,FALSE,solar-geolocator-twilight,Calidris ruficollis,BQ590,036-94832,Tracking Red-necked stints along the EAAF
16668353941,TRUE,2019-09-20T20:02:30Z,TRUE,2019-09-20T20:02:30Z,FALSE,FALSE,solar-geolocator-twilight,Calidris ruficollis,BQ590,036-94832,Tracking Red-necked stints along the EAAF
16668353947,TRUE,2019-09-21T08:27:14Z,FALSE,2019-09-21T08:27:14Z,FALSE,FALSE,solar-geolocator-twilight,Calidris ruficollis,BQ590,036-94832,Tracking Red-necked stints along the EAAF
16668353960,TRUE,2019-09-21T19:52:30Z,TRUE,2019-09-21T19:52:30Z,FALSE,FALSE,solar-geolocator-twilight,Calidris ruficollis,BQ590,036-94832,Tracking Red-necked stints along the EAAF
16668353965,TRUE,2019-09-22T08:32:15Z,FALSE,2019-09-22T08:32:15Z,FALSE,FALSE,solar-geolocator-twilight,Calidris ruficollis,BQ590,036-94832,Tracking Red-necked stints along the EAAF
16668353977,TRUE,2019-09-22T19:58:26Z,TRUE,2019-09-22T19:58:26Z,FALSE,FALSE,solar-geolocator-twilight,Calidris ruficollis,BQ590,036-94832,Tracking Red-necked stints along the EAAF
16668353986,TRUE,2019-09-23T08:35:42Z,FALSE,2019-09-23T08:35:42Z,FALSE,FALSE,solar-geolocator-twilight,Calidris ruficollis,BQ590,036-94832,Tracking Red-necked stints along the EAAF
16668354000,TRUE,2019-09-23T19:52:12Z,TRUE,2019-09-23T19:52:12Z,FALSE,FALSE,solar-geolocator-twilight,Calidris ruficollis,BQ590,036-94832,Tracking Red-necked stints along the EAAF
16668354005,TRUE,2019-09-24T08:30:24Z,FALSE,2019-09-24T08:30:24Z,FALSE,FALSE,solar-geolocator-twilight,Calidris ruficollis,BQ590,036-94832,Tracking Red-necked stints along the EAAF
16668354017,TRUE,2019-09-24T19:47:03Z,TRUE,2019-09-24T19:47:03Z,FALSE,FALSE,solar-geolocator-twilight,Calidris ruficollis,BQ590,036-94832,Tracking Red-necked stints along the EAAF
16668354024,TRUE,2019-09-25T08:35:47Z,FALSE,2019-09-25T08:35:47Z,FALSE,FALSE,solar-geolocator-twilight,Calidris ruficollis,BQ590,036-94832,Tracking Red-necked stints along the EAAF
16668354037,TRUE,2019-09-25T19:47:12Z,TRUE,2019-09-25T19:47:12Z,FALSE,FALSE,solar-geolocator-twilight,Calidris ruficollis,BQ590,036-94832,Tracking Red-necked stints along the EAAF
16668354044,TRUE,2019-09-26T08:44:01Z,FALSE,2019-09-26T08:44:01Z,FALSE,FALSE,solar-geolocator-twilight,Calidris ruficollis,BQ590,036-94832,Tracking Red-necked stints along the EAAF
16668354058,TRUE,2019-09-26T19:45:12Z,TRUE,2019-09-26T19:45:12Z,FALSE,FALSE,solar-geolocator-twilight,Calidris ruficollis,BQ590,036-94832,Tracking Red-necked stints along the EAAF
16668354063,TRUE,2019-09-27T08:40:30Z,FALSE,2019-09-27T08:40:30Z,FALSE,FALSE,solar-geolocator-twilight,Calidris ruficollis,BQ590,036-94832,Tracking Red-necked stints along the EAAF
16668354076,TRUE,2019-09-27T19:41:57Z,TRUE,2019-09-27T19:41:57Z,FALSE,FALSE,solar-geolocator-twilight,Calidris ruficollis,BQ590,036-94832,Tracking Red-necked stints along the EAAF
16668354083,TRUE,2019-09-28T08:44:01Z,FALSE,2019-09-28T08:44:01Z,FALSE,FALSE,solar-geolocator-twilight,Calidris ruficollis,BQ590,036-94832,Tracking Red-necked stints along the EAAF
16668354095,TRUE,2019-09-28T19:58:26Z,TRUE,2019-09-28T19:58:26Z,FALSE,FALSE,solar-geolocator-twilight,Calidris ruficollis,BQ590,036-94832,Tracking Red-necked stints along the EAAF
16668354100,TRUE,2019-09-29T08:44:08Z,FALSE,2019-09-29T08:44:08Z,FALSE,FALSE,solar-geolocator-twilight,Calidris ruficollis,BQ590,036-94832,Tracking Red-necked stints along the EAAF
16668354110,TRUE,2019-09-29T19:38:27Z,TRUE,2019-09-29T19:38:27Z,FALSE,FALSE,solar-geolocator-twilight,Calidris ruficollis,BQ590,036-94832,Tracking Red-necked stints along the EAAF
16668354117,TRUE,2019-09-30T08:44:15Z,FALSE,2019-09-30T08:44:15Z,FALSE,FALSE,solar-geolocator-twilight,Calidris ruficollis,BQ590,036-94832,Tracking Red-necked stints along the EAAF
16668354127,TRUE,2019-09-30T19:37:32Z,TRUE,2019-09-30T19:37:32Z,FALSE,FALSE,solar-geolocator-twilight,Calidris ruficollis,BQ590,036-94832,Tracking Red-necked stints along the EAAF
16668354133,TRUE,2019-10-01T08:50:25Z,FALSE,2019-10-01T08:50:25Z,FALSE,FALSE,solar-geolocator-twilight,Calidris ruficollis,BQ590,036-94832,Tracking Red-necked stints along the EAAF
16668354145,TRUE,2019-10-01T19:36:53Z,TRUE,2019-10-01T19:36:53Z,FALSE,FALSE,solar-geolocator-twilight,Calidris ruficollis,BQ590,036-94832,Tracking Red-necked stints along the EAAF
16668354151,TRUE,2019-10-02T08:45:25Z,FALSE,2019-10-02T08:45:25Z,FALSE,FALSE,solar-geolocator-twilight,Calidris ruficollis,BQ590,036-94832,Tracking Red-necked stints along the EAAF
16668354159,TRUE,2019-10-02T19:36:38Z,TRUE,2019-10-02T19:36:38Z,FALSE,FALSE,solar-geolocator-twilight,Calidris ruficollis,BQ590,036-94832,Tracking Red-necked stints along the EAAF
16668354167,TRUE,2019-10-03T08:52:16Z,FALSE,2019-10-03T08:52:16Z,FALSE,FALSE,solar-geolocator-twilight,Calidris ruficollis,BQ590,036-94832,Tracking Red-necked stints along the EAAF
16668354173,TRUE,2019-10-03T19:33:27Z,TRUE,2019-10-03T19:33:27Z,FALSE,FALSE,solar-geolocator-twilight,Calidris ruficollis,BQ590,036-94832,Tracking Red-necked stints along the EAAF
16668354183,TRUE,2019-10-04T08:34:02Z,FALSE,2019-10-04T08:34:02Z,FALSE,FALSE,solar-geolocator-twilight,Calidris ruficollis,BQ590,036-94832,Tracking Red-necked stints along the EAAF
16668354193,TRUE,2019-10-04T19:30:13Z,TRUE,2019-10-04T19:30:13Z,FALSE,FALSE,solar-geolocator-twilight,Calidris ruficollis,BQ590,036-94832,Tracking Red-necked stints along the EAAF
16668354197,TRUE,2019-10-05T08:37:16Z,FALSE,2019-10-05T08:37:16Z,FALSE,FALSE,solar-geolocator-twilight,Calidris ruficollis,BQ590,036-94832,Tracking Red-necked stints along the EAAF
16668354207,TRUE,2019-10-05T19:37:32Z,TRUE,2019-10-05T19:37:32Z,FALSE,FALSE,solar-geolocator-twilight,Calidris ruficollis,BQ590,036-94832,Tracking Red-necked stints along the EAAF
16668354215,TRUE,2019-10-06T08:47:16Z,FALSE,2019-10-06T08:47:16Z,FALSE,FALSE,solar-geolocator-twilight,Calidris ruficollis,BQ590,036-94832,Tracking Red-necked stints along the EAAF
16668354224,TRUE,2019-10-06T19:35:13Z,TRUE,2019-10-06T19:35:13Z,FALSE,FALSE,solar-geolocator-twilight,Calidris ruficollis,BQ590,036-94832,Tracking Red-necked stints along the EAAF
16668354230,TRUE,2019-10-07T08:37:17Z,FALSE,2019-10-07T08:37:17Z,FALSE,FALSE,solar-geolocator-twilight,Calidris ruficollis,BQ590,036-94832,Tracking Red-necked stints along the EAAF
16668354242,TRUE,2019-10-07T19:37:05Z,TRUE,2019-10-07T19:37:05Z,FALSE,FALSE,solar-geolocator-twilight,Calidris ruficollis,BQ590,036-94832,Tracking Red-necked stints along the EAAF
16668354246,TRUE,2019-10-08T08:47:17Z,FALSE,2019-10-08T08:47:17Z,FALSE,FALSE,solar-geolocator-twilight,Calidris ruficollis,BQ590,036-94832,Tracking Red-necked stints along the EAAF
16668354257,TRUE,2019-10-08T19:22:14Z,TRUE,2019-10-08T19:22:14Z,FALSE,FALSE,solar-geolocator-twilight,Calidris ruficollis,BQ590,036-94832,Tracking Red-necked stints along the EAAF
16668354261,TRUE,2019-10-09T08:22:17Z,FALSE,2019-10-09T08:22:17Z,FALSE,FALSE,solar-geolocator-twilight,Calidris ruficollis,BQ590,036-94832,Tracking Red-necked stints along the EAAF
16668354272,TRUE,2019-10-09T19:23:58Z,TRUE,2019-10-09T19:23:58Z,FALSE,FALSE,solar-geolocator-twilight,Calidris ruficollis,BQ590,036-94832,Tracking Red-necked stints along the EAAF
16668354278,TRUE,2019-10-10T08:43:33Z,FALSE,2019-10-10T08:43:33Z,FALSE,FALSE,solar-geolocator-twilight,Calidris ruficollis,BQ590,036-94832,Tracking Red-necked stints along the EAAF
16668354288,TRUE,2019-10-10T19:15:14Z,TRUE,2019-10-10T19:15:14Z,FALSE,FALSE,solar-geolocator-twilight,Calidris ruficollis,BQ590,036-94832,Tracking Red-necked stints along the EAAF
16668354295,TRUE,2019-10-11T08:58:49Z,FALSE,2019-10-11T08:58:49Z,FALSE,FALSE,solar-geolocator-twilight,Calidris ruficollis,BQ590,036-94832,Tracking Red-necked stints along the EAAF
16668354305,TRUE,2019-10-11T19:16:51Z,TRUE,2019-10-11T19:16:51Z,FALSE,FALSE,solar-geolocator-twilight,Calidris ruficollis,BQ590,036-94832,Tracking Red-necked stints along the EAAF
16668354309,TRUE,2019-10-12T08:50:52Z,FALSE,2019-10-12T08:50:52Z,FALSE,FALSE,solar-geolocator-twilight,Calidris ruficollis,BQ590,036-94832,Tracking Red-necked stints along the EAAF
16668354322,TRUE,2019-10-12T19:16:35Z,TRUE,2019-10-12T19:16:35Z,FALSE,FALSE,solar-geolocator-twilight,Calidris ruficollis,BQ590,036-94832,Tracking Red-necked stints along the EAAF
16668354326,TRUE,2019-10-13T08:58:07Z,FALSE,2019-10-13T08:58:07Z,FALSE,FALSE,solar-geolocator-twilight,Calidris ruficollis,BQ590,036-94832,Tracking Red-necked stints along the EAAF
16668354339,TRUE,2019-10-13T19:25:14Z,TRUE,2019-10-13T19:25:14Z,FALSE,FALSE,solar-geolocator-twilight,Calidris ruficollis,BQ590,036-94832,Tracking Red-necked stints along the EAAF
16668354341,TRUE,2019-10-14T08:55:56Z,FALSE,2019-10-14T08:55:56Z,FALSE,FALSE,solar-geolocator-twilight,Calidris ruficollis,BQ590,036-94832,Tracking Red-necked stints along the EAAF
16668354355,TRUE,2019-10-14T19:20:15Z,TRUE,2019-10-14T19:20:15Z,FALSE,FALSE,solar-geolocator-twilight,Calidris ruficollis,BQ590,036-94832,Tracking Red-necked stints along the EAAF
16668354360,TRUE,2019-10-15T08:54:04Z,FALSE,2019-10-15T08:54:04Z,FALSE,FALSE,solar-geolocator-twilight,Calidris ruficollis,BQ590,036-94832,Tracking Red-necked stints along the EAAF
16668354372,TRUE,2019-10-15T19:38:59Z,TRUE,2019-10-15T19:38:59Z,FALSE,FALSE,solar-geolocator-twilight,Calidris ruficollis,BQ590,036-94832,Tracking Red-necked stints along the EAAF
16668354377,TRUE,2019-10-16T09:00:43Z,FALSE,2019-10-16T09:00:43Z,FALSE,FALSE,solar-geolocator-twilight,Calidris ruficollis,BQ590,036-94832,Tracking Red-necked stints along the EAAF
16668354388,TRUE,2019-10-16T19:30:15Z,TRUE,2019-10-16T19:30:15Z,FALSE,FALSE,solar-geolocator-twilight,Calidris ruficollis,BQ590,036-94832,Tracking Red-necked stints along the EAAF
16668354390,TRUE,2019-10-17T08:54:59Z,FALSE,2019-10-17T08:54:59Z,FALSE,FALSE,solar-geolocator-twilight,Calidris ruficollis,BQ590,036-94832,Tracking Red-necked stints along the EAAF
16668354400,TRUE,2019-10-17T19:12:15Z,TRUE,2019-10-17T19:12:15Z,FALSE,FALSE,solar-geolocator-twilight,Calidris ruficollis,BQ590,036-94832,Tracking Red-necked stints along the EAAF
16668354410,TRUE,2019-10-18T08:59:04Z,FALSE,2019-10-18T08:59:04Z,FALSE,FALSE,solar-geolocator-twilight,Calidris ruficollis,BQ590,036-94832,Tracking Red-necked stints along the EAAF
16668354419,TRUE,2019-10-18T19:11:55Z,TRUE,2019-10-18T19:11:55Z,FALSE,FALSE,solar-geolocator-twilight,Calidris ruficollis,BQ590,036-94832,Tracking Red-necked stints along the EAAF
16668354426,TRUE,2019-10-19T09:05:33Z,FALSE,2019-10-19T09:05:33Z,FALSE,FALSE,solar-geolocator-twilight,Calidris ruficollis,BQ590,036-94832,Tracking Red-necked stints along the EAAF
16668354436,TRUE,2019-10-19T19:20:15Z,TRUE,2019-10-19T19:20:15Z,FALSE,FALSE,solar-geolocator-twilight,Calidris ruficollis,BQ590,036-94832,Tracking Red-necked stints along the EAAF
16668354439,TRUE,2019-10-20T08:55:33Z,FALSE,2019-10-20T08:55:33Z,FALSE,FALSE,solar-geolocator-twilight,Calidris ruficollis,BQ590,036-94832,Tracking Red-necked stints along the EAAF
16668354451,TRUE,2019-10-20T19:21:55Z,TRUE,2019-10-20T19:21:55Z,FALSE,FALSE,solar-geolocator-twilight,Calidris ruficollis,BQ590,036-94832,Tracking Red-necked stints along the EAAF
16668354457,TRUE,2019-10-21T09:09:04Z,FALSE,2019-10-21T09:09:04Z,FALSE,FALSE,solar-geolocator-twilight,Calidris ruficollis,BQ590,036-94832,Tracking Red-necked stints along the EAAF
16668354465,TRUE,2019-10-21T19:12:34Z,TRUE,2019-10-21T19:12:34Z,FALSE,FALSE,solar-geolocator-twilight,Calidris ruficollis,BQ590,036-94832,Tracking Red-necked stints along the EAAF
16668354472,TRUE,2019-10-22T09:10:19Z,FALSE,2019-10-22T09:10:19Z,FALSE,FALSE,solar-geolocator-twilight,Calidris ruficollis,BQ590,036-94832,Tracking Red-necked stints along the EAAF
16668354476,TRUE,2019-10-22T18:55:16Z,TRUE,2019-10-22T18:55:16Z,FALSE,FALSE,solar-geolocator-twilight,Calidris ruficollis,BQ590,036-94832,Tracking Red-necked stints along the EAAF
16668354487,TRUE,2019-10-23T09:12:19Z,FALSE,2019-10-23T09:12:19Z,FALSE,FALSE,solar-geolocator-twilight,Calidris ruficollis,BQ590,036-94832,Tracking Red-necked stints along the EAAF
16668354493,TRUE,2019-10-23T19:06:39Z,TRUE,2019-10-23T19:06:39Z,FALSE,FALSE,solar-geolocator-twilight,Calidris ruficollis,BQ590,036-94832,Tracking Red-necked stints along the EAAF
16668354497,TRUE,2019-10-24T09:05:46Z,FALSE,2019-10-24T09:05:46Z,FALSE,FALSE,solar-geolocator-twilight,Calidris ruficollis,BQ590,036-94832,Tracking Red-necked stints along the EAAF
16668354507,TRUE,2019-10-24T19:10:16Z,TRUE,2019-10-24T19:10:16Z,FALSE,FALSE,solar-geolocator-twilight,Calidris ruficollis,BQ590,036-94832,Tracking Red-necked stints along the EAAF
16668354512,TRUE,2019-10-25T09:03:09Z,FALSE,2019-10-25T09:03:09Z,FALSE,FALSE,solar-geolocator-twilight,Calidris ruficollis,BQ590,036-94832,Tracking Red-necked stints along the EAAF
16668354520,TRUE,2019-10-25T19:05:16Z,TRUE,2019-10-25T19:05:16Z,FALSE,FALSE,solar-geolocator-twilight,Calidris ruficollis,BQ590,036-94832,Tracking Red-necked stints along the EAAF
16668354523,TRUE,2019-10-26T09:05:28Z,FALSE,2019-10-26T09:05:28Z,FALSE,FALSE,solar-geolocator-twilight,Calidris ruficollis,BQ590,036-94832,Tracking Red-necked stints along the EAAF
16668354534,TRUE,2019-10-26T18:55:16Z,TRUE,2019-10-26T18:55:16Z,FALSE,FALSE,solar-geolocator-twilight,Calidris ruficollis,BQ590,036-94832,Tracking Red-necked stints along the EAAF
16668354540,TRUE,2019-10-27T09:12:19Z,FALSE,2019-10-27T09:12:19Z,FALSE,FALSE,solar-geolocator-twilight,Calidris ruficollis,BQ590,036-94832,Tracking Red-necked stints along the EAAF
16668354545,TRUE,2019-10-27T18:47:35Z,TRUE,2019-10-27T18:47:35Z,FALSE,FALSE,solar-geolocator-twilight,Calidris ruficollis,BQ590,036-94832,Tracking Red-necked stints along the EAAF
16668354557,TRUE,2019-10-28T09:22:19Z,FALSE,2019-10-28T09:22:19Z,FALSE,FALSE,solar-geolocator-twilight,Calidris ruficollis,BQ590,036-94832,Tracking Red-necked stints along the EAAF
16668354561,TRUE,2019-10-28T18:47:35Z,TRUE,2019-10-28T18:47:35Z,FALSE,FALSE,solar-geolocator-twilight,Calidris ruficollis,BQ590,036-94832,Tracking Red-necked stints along the EAAF
16668354569,TRUE,2019-10-29T09:18:09Z,FALSE,2019-10-29T09:18:09Z,FALSE,FALSE,solar-geolocator-twilight,Calidris ruficollis,BQ590,036-94832,Tracking Red-necked stints along the EAAF
16668354573,TRUE,2019-10-29T18:52:17Z,TRUE,2019-10-29T18:52:17Z,FALSE,FALSE,solar-geolocator-twilight,Calidris ruficollis,BQ590,036-94832,Tracking Red-necked stints along the EAAF
16668354580,TRUE,2019-10-30T09:18:36Z,FALSE,2019-10-30T09:18:36Z,FALSE,FALSE,solar-geolocator-twilight,Calidris ruficollis,BQ590,036-94832,Tracking Red-necked stints along the EAAF
16668354591,TRUE,2019-10-30T18:52:36Z,TRUE,2019-10-30T18:52:36Z,FALSE,FALSE,solar-geolocator-twilight,Calidris ruficollis,BQ590,036-94832,Tracking Red-necked stints along the EAAF
16668354595,TRUE,2019-10-31T09:17:20Z,FALSE,2019-10-31T09:17:20Z,FALSE,FALSE,solar-geolocator-twilight,Calidris ruficollis,BQ590,036-94832,Tracking Red-necked stints along the EAAF
16668354606,TRUE,2019-10-31T18:54:27Z,TRUE,2019-10-31T18:54:27Z,FALSE,FALSE,solar-geolocator-twilight,Calidris ruficollis,BQ590,036-94832,Tracking Red-necked stints along the EAAF
16668354609,TRUE,2019-11-01T09:08:10Z,FALSE,2019-11-01T09:08:10Z,FALSE,FALSE,solar-geolocator-twilight,Calidris ruficollis,BQ590,036-94832,Tracking Red-necked stints along the EAAF
16668354620,TRUE,2019-11-01T19:08:31Z,TRUE,2019-11-01T19:08:31Z,FALSE,FALSE,solar-geolocator-twilight,Calidris ruficollis,BQ590,036-94832,Tracking Red-necked stints along the EAAF
16668354623,TRUE,2019-11-02T09:13:52Z,FALSE,2019-11-02T09:13:52Z,FALSE,FALSE,solar-geolocator-twilight,Calidris ruficollis,BQ590,036-94832,Tracking Red-necked stints along the EAAF
16668354633,TRUE,2019-11-02T18:57:17Z,TRUE,2019-11-02T18:57:17Z,FALSE,FALSE,solar-geolocator-twilight,Calidris ruficollis,BQ590,036-94832,Tracking Red-necked stints along the EAAF
16668354636,TRUE,2019-11-03T08:59:06Z,FALSE,2019-11-03T08:59:06Z,FALSE,FALSE,solar-geolocator-twilight,Calidris ruficollis,BQ590,036-94832,Tracking Red-necked stints along the EAAF
16668354646,TRUE,2019-11-03T18:50:17Z,TRUE,2019-11-03T18:50:17Z,FALSE,FALSE,solar-geolocator-twilight,Calidris ruficollis,BQ590,036-94832,Tracking Red-necked stints along the EAAF
16668354651,TRUE,2019-11-04T09:13:10Z,FALSE,2019-11-04T09:13:10Z,FALSE,FALSE,solar-geolocator-twilight,Calidris ruficollis,BQ590,036-94832,Tracking Red-necked stints along the EAAF
16668354660,TRUE,2019-11-04T18:47:08Z,TRUE,2019-11-04T18:47:08Z,FALSE,FALSE,solar-geolocator-twilight,Calidris ruficollis,BQ590,036-94832,Tracking Red-necked stints along the EAAF
16668354666,TRUE,2019-11-05T09:25:01Z,FALSE,2019-11-05T09:25:01Z,FALSE,FALSE,solar-geolocator-twilight,Calidris ruficollis,BQ590,036-94832,Tracking Red-necked stints along the EAAF
16668354674,TRUE,2019-11-05T18:46:50Z,TRUE,2019-11-05T18:46:50Z,FALSE,FALSE,solar-geolocator-twilight,Calidris ruficollis,BQ590,036-94832,Tracking Red-necked stints along the EAAF
16668354681,TRUE,2019-11-06T09:14:07Z,FALSE,2019-11-06T09:14:07Z,FALSE,FALSE,solar-geolocator-twilight,Calidris ruficollis,BQ590,036-94832,Tracking Red-necked stints along the EAAF
16668354687,TRUE,2019-11-06T18:44:28Z,TRUE,2019-11-06T18:44:28Z,FALSE,FALSE,solar-geolocator-twilight,Calidris ruficollis,BQ590,036-94832,Tracking Red-necked stints along the EAAF
16668354694,TRUE,2019-11-07T09:10:02Z,FALSE,2019-11-07T09:10:02Z,FALSE,FALSE,solar-geolocator-twilight,Calidris ruficollis,BQ590,036-94832,Tracking Red-necked stints along the EAAF
16668354702,TRUE,2019-11-07T18:47:37Z,TRUE,2019-11-07T18:47:37Z,FALSE,FALSE,solar-geolocator-twilight,Calidris ruficollis,BQ590,036-94832,Tracking Red-necked stints along the EAAF
16668354709,TRUE,2019-11-08T09:18:11Z,FALSE,2019-11-08T09:18:11Z,FALSE,FALSE,solar-geolocator-twilight,Calidris ruficollis,BQ590,036-94832,Tracking Red-necked stints along the EAAF
16668354715,TRUE,2019-11-08T18:38:32Z,TRUE,2019-11-08T18:38:32Z,FALSE,FALSE,solar-geolocator-twilight,Calidris ruficollis,BQ590,036-94832,Tracking Red-necked stints along the EAAF
16668354720,TRUE,2019-11-09T09:08:37Z,FALSE,2019-11-09T09:08:37Z,FALSE,FALSE,solar-geolocator-twilight,Calidris ruficollis,BQ590,036-94832,Tracking Red-necked stints along the EAAF
16668354730,TRUE,2019-11-09T18:47:18Z,TRUE,2019-11-09T18:47:18Z,FALSE,FALSE,solar-geolocator-twilight,Calidris ruficollis,BQ590,036-94832,Tracking Red-necked stints along the EAAF
16668354737,TRUE,2019-11-10T09:20:21Z,FALSE,2019-11-10T09:20:21Z,FALSE,FALSE,solar-geolocator-twilight,Calidris ruficollis,BQ590,036-94832,Tracking Red-necked stints along the EAAF
16668354744,TRUE,2019-11-10T18:37:09Z,TRUE,2019-11-10T18:37:09Z,FALSE,FALSE,solar-geolocator-twilight,Calidris ruficollis,BQ590,036-94832,Tracking Red-necked stints along the EAAF
16668354751,TRUE,2019-11-11T09:29:07Z,FALSE,2019-11-11T09:29:07Z,FALSE,FALSE,solar-geolocator-twilight,Calidris ruficollis,BQ590,036-94832,Tracking Red-necked stints along the EAAF
16668354757,TRUE,2019-11-11T18:48:32Z,TRUE,2019-11-11T18:48:32Z,FALSE,FALSE,solar-geolocator-twilight,Calidris ruficollis,BQ590,036-94832,Tracking Red-necked stints along the EAAF
16668354762,TRUE,2019-11-12T09:28:37Z,FALSE,2019-11-12T09:28:37Z,FALSE,FALSE,solar-geolocator-twilight,Calidris ruficollis,BQ590,036-94832,Tracking Red-necked stints along the EAAF
16668354772,TRUE,2019-11-12T18:42:37Z,TRUE,2019-11-12T18:42:37Z,FALSE,FALSE,solar-geolocator-twilight,Calidris ruficollis,BQ590,036-94832,Tracking Red-necked stints along the EAAF
16668354776,TRUE,2019-11-13T09:25:21Z,FALSE,2019-11-13T09:25:21Z,FALSE,FALSE,solar-geolocator-twilight,Calidris ruficollis,BQ590,036-94832,Tracking Red-necked stints along the EAAF
16668354787,TRUE,2019-11-13T18:47:19Z,TRUE,2019-11-13T18:47:19Z,FALSE,FALSE,solar-geolocator-twilight,Calidris ruficollis,BQ590,036-94832,Tracking Red-necked stints along the EAAF
16668354793,TRUE,2019-11-14T09:35:22Z,FALSE,2019-11-14T09:35:22Z,FALSE,FALSE,solar-geolocator-twilight,Calidris ruficollis,BQ590,036-94832,Tracking Red-necked stints along the EAAF
16668354798,TRUE,2019-11-14T18:42:38Z,TRUE,2019-11-14T18:42:38Z,FALSE,FALSE,solar-geolocator-twilight,Calidris ruficollis,BQ590,036-94832,Tracking Red-necked stints along the EAAF
16668354804,TRUE,2019-11-15T09:28:12Z,FALSE,2019-11-15T09:28:12Z,FALSE,FALSE,solar-geolocator-twilight,Calidris ruficollis,BQ590,036-94832,Tracking Red-necked stints along the EAAF
16668354816,TRUE,2019-11-15T18:43:06Z,TRUE,2019-11-15T18:43:06Z,FALSE,FALSE,solar-geolocator-twilight,Calidris ruficollis,BQ590,036-94832,Tracking Red-necked stints along the EAAF
16668354820,TRUE,2019-11-16T09:28:12Z,FALSE,2019-11-16T09:28:12Z,FALSE,FALSE,solar-geolocator-twilight,Calidris ruficollis,BQ590,036-94832,Tracking Red-necked stints along the EAAF
16668354829,TRUE,2019-11-16T18:59:03Z,TRUE,2019-11-16T18:59:03Z,FALSE,FALSE,solar-geolocator-twilight,Calidris ruficollis,BQ590,036-94832,Tracking Red-necked stints along the EAAF
16668354832,TRUE,2019-11-17T09:29:21Z,FALSE,2019-11-17T09:29:21Z,FALSE,FALSE,solar-geolocator-twilight,Calidris ruficollis,BQ590,036-94832,Tracking Red-necked stints along the EAAF
16668354841,TRUE,2019-11-17T18:31:59Z,TRUE,2019-11-17T18:31:59Z,FALSE,FALSE,solar-geolocator-twilight,Calidris ruficollis,BQ590,036-94832,Tracking Red-necked stints along the EAAF
16668354846,TRUE,2019-11-18T09:27:22Z,FALSE,2019-11-18T09:27:22Z,FALSE,FALSE,solar-geolocator-twilight,Calidris ruficollis,BQ590,036-94832,Tracking Red-necked stints along the EAAF
16668354854,TRUE,2019-11-18T18:33:33Z,TRUE,2019-11-18T18:33:33Z,FALSE,FALSE,solar-geolocator-twilight,Calidris ruficollis,BQ590,036-94832,Tracking Red-necked stints along the EAAF
16668354861,TRUE,2019-11-19T09:35:22Z,FALSE,2019-11-19T09:35:22Z,FALSE,FALSE,solar-geolocator-twilight,Calidris ruficollis,BQ590,036-94832,Tracking Red-necked stints along the EAAF
16668354870,TRUE,2019-11-19T18:36:49Z,TRUE,2019-11-19T18:36:49Z,FALSE,FALSE,solar-geolocator-twilight,Calidris ruficollis,BQ590,036-94832,Tracking Red-necked stints along the EAAF
16668354873,TRUE,2019-11-20T09:29:44Z,FALSE,2019-11-20T09:29:44Z,FALSE,FALSE,solar-geolocator-twilight,Calidris ruficollis,BQ590,036-94832,Tracking Red-necked stints along the EAAF
16668354885,TRUE,2019-11-20T18:37:10Z,TRUE,2019-11-20T18:37:10Z,FALSE,FALSE,solar-geolocator-twilight,Calidris ruficollis,BQ590,036-94832,Tracking Red-necked stints along the EAAF
16668354890,TRUE,2019-11-21T09:30:32Z,FALSE,2019-11-21T09:30:32Z,FALSE,FALSE,solar-geolocator-twilight,Calidris ruficollis,BQ590,036-94832,Tracking Red-necked stints along the EAAF
16668354899,TRUE,2019-11-21T18:35:20Z,TRUE,2019-11-21T18:35:20Z,FALSE,FALSE,solar-geolocator-twilight,Calidris ruficollis,BQ590,036-94832,Tracking Red-necked stints along the EAAF
16668354902,TRUE,2019-11-22T09:32:23Z,FALSE,2019-11-22T09:32:23Z,FALSE,FALSE,solar-geolocator-twilight,Calidris ruficollis,BQ590,036-94832,Tracking Red-necked stints along the EAAF
16668354912,TRUE,2019-11-22T18:25:20Z,TRUE,2019-11-22T18:25:20Z,FALSE,FALSE,solar-geolocator-twilight,Calidris ruficollis,BQ590,036-94832,Tracking Red-necked stints along the EAAF
16668354920,TRUE,2019-11-23T09:47:23Z,FALSE,2019-11-23T09:47:23Z,FALSE,FALSE,solar-geolocator-twilight,Calidris ruficollis,BQ590,036-94832,Tracking Red-necked stints along the EAAF
16668354924,TRUE,2019-11-23T18:22:39Z,TRUE,2019-11-23T18:22:39Z,FALSE,FALSE,solar-geolocator-twilight,Calidris ruficollis,BQ590,036-94832,Tracking Red-necked stints along the EAAF
16668354932,TRUE,2019-11-24T09:43:39Z,FALSE,2019-11-24T09:43:39Z,FALSE,FALSE,solar-geolocator-twilight,Calidris ruficollis,BQ590,036-94832,Tracking Red-necked stints along the EAAF
16668354942,TRUE,2019-11-24T18:25:20Z,TRUE,2019-11-24T18:25:20Z,FALSE,FALSE,solar-geolocator-twilight,Calidris ruficollis,BQ590,036-94832,Tracking Red-necked stints along the EAAF
16668354945,TRUE,2019-11-25T09:32:23Z,FALSE,2019-11-25T09:32:23Z,FALSE,FALSE,solar-geolocator-twilight,Calidris ruficollis,BQ590,036-94832,Tracking Red-necked stints along the EAAF
16668354955,TRUE,2019-11-25T18:48:34Z,TRUE,2019-11-25T18:48:34Z,FALSE,FALSE,solar-geolocator-twilight,Calidris ruficollis,BQ590,036-94832,Tracking Red-necked stints along the EAAF
16668354958,TRUE,2019-11-26T09:40:46Z,FALSE,2019-11-26T09:40:46Z,FALSE,FALSE,solar-geolocator-twilight,Calidris ruficollis,BQ590,036-94832,Tracking Red-necked stints along the EAAF
16668354968,TRUE,2019-11-26T18:27:05Z,TRUE,2019-11-26T18:27:05Z,FALSE,FALSE,solar-geolocator-twilight,Calidris ruficollis,BQ590,036-94832,Tracking Red-necked stints along the EAAF
16668354974,TRUE,2019-11-27T09:54:09Z,FALSE,2019-11-27T09:54:09Z,FALSE,FALSE,solar-geolocator-twilight,Calidris ruficollis,BQ590,036-94832,Tracking Red-necked stints along the EAAF
16668354982,TRUE,2019-11-27T18:28:21Z,TRUE,2019-11-27T18:28:21Z,FALSE,FALSE,solar-geolocator-twilight,Calidris ruficollis,BQ590,036-94832,Tracking Red-necked stints along the EAAF
16668354987,TRUE,2019-11-28T09:47:23Z,FALSE,2019-11-28T09:47:23Z,FALSE,FALSE,solar-geolocator-twilight,Calidris ruficollis,BQ590,036-94832,Tracking Red-necked stints along the EAAF
16668354995,TRUE,2019-11-28T18:32:06Z,TRUE,2019-11-28T18:32:06Z,FALSE,FALSE,solar-geolocator-twilight,Calidris ruficollis,BQ590,036-94832,Tracking Red-necked stints along the EAAF
16668355001,TRUE,2019-11-29T09:40:05Z,FALSE,2019-11-29T09:40:05Z,FALSE,FALSE,solar-geolocator-twilight,Calidris ruficollis,BQ590,036-94832,Tracking Red-necked stints along the EAAF
16668355009,TRUE,2019-11-29T18:28:37Z,TRUE,2019-11-29T18:28:37Z,FALSE,FALSE,solar-geolocator-twilight,Calidris ruficollis,BQ590,036-94832,Tracking Red-necked stints along the EAAF
16668355015,TRUE,2019-11-30T09:50:51Z,FALSE,2019-11-30T09:50:51Z,FALSE,FALSE,solar-geolocator-twilight,Calidris ruficollis,BQ590,036-94832,Tracking Red-necked stints along the EAAF
16668355025,TRUE,2019-11-30T18:37:12Z,TRUE,2019-11-30T18:37:12Z,FALSE,FALSE,solar-geolocator-twilight,Calidris ruficollis,BQ590,036-94832,Tracking Red-necked stints along the EAAF
16668355028,TRUE,2019-12-01T09:45:33Z,FALSE,2019-12-01T09:45:33Z,FALSE,FALSE,solar-geolocator-twilight,Calidris ruficollis,BQ590,036-94832,Tracking Red-necked stints along the EAAF
16668355039,TRUE,2019-12-01T18:48:16Z,TRUE,2019-12-01T18:48:16Z,FALSE,FALSE,solar-geolocator-twilight,Calidris ruficollis,BQ590,036-94832,Tracking Red-necked stints along the EAAF
16668355041,TRUE,2019-12-02T09:32:24Z,FALSE,2019-12-02T09:32:24Z,FALSE,FALSE,solar-geolocator-twilight,Calidris ruficollis,BQ590,036-94832,Tracking Red-necked stints along the EAAF
16668355052,TRUE,2019-12-02T18:39:31Z,TRUE,2019-12-02T18:39:31Z,FALSE,FALSE,solar-geolocator-twilight,Calidris ruficollis,BQ590,036-94832,Tracking Red-necked stints along the EAAF
16668355056,TRUE,2019-12-03T09:38:14Z,FALSE,2019-12-03T09:38:14Z,FALSE,FALSE,solar-geolocator-twilight,Calidris ruficollis,BQ590,036-94832,Tracking Red-necked stints along the EAAF
16668355068,TRUE,2019-12-03T18:47:40Z,TRUE,2019-12-03T18:47:40Z,FALSE,FALSE,solar-geolocator-twilight,Calidris ruficollis,BQ590,036-94832,Tracking Red-necked stints along the EAAF
16668355074,TRUE,2019-12-04T09:52:24Z,FALSE,2019-12-04T09:52:24Z,FALSE,FALSE,solar-geolocator-twilight,Calidris ruficollis,BQ590,036-94832,Tracking Red-necked stints along the EAAF
16668355079,TRUE,2019-12-04T18:27:12Z,TRUE,2019-12-04T18:27:12Z,FALSE,FALSE,solar-geolocator-twilight,Calidris ruficollis,BQ590,036-94832,Tracking Red-necked stints along the EAAF
16668355084,TRUE,2019-12-05T09:47:24Z,FALSE,2019-12-05T09:47:24Z,FALSE,FALSE,solar-geolocator-twilight,Calidris ruficollis,BQ590,036-94832,Tracking Red-necked stints along the EAAF
16668355095,TRUE,2019-12-05T18:32:12Z,TRUE,2019-12-05T18:32:12Z,FALSE,FALSE,solar-geolocator-twilight,Calidris ruficollis,BQ590,036-94832,Tracking Red-necked stints along the EAAF
16668355098,TRUE,2019-12-06T09:45:34Z,FALSE,2019-12-06T09:45:34Z,FALSE,FALSE,solar-geolocator-twilight,Calidris ruficollis,BQ590,036-94832,Tracking Red-necked stints along the EAAF
16668355109,TRUE,2019-12-06T18:34:32Z,TRUE,2019-12-06T18:34:32Z,FALSE,FALSE,solar-geolocator-twilight,Calidris ruficollis,BQ590,036-94832,Tracking Red-necked stints along the EAAF
16668355111,TRUE,2019-12-07T09:43:57Z,FALSE,2019-12-07T09:43:57Z,FALSE,FALSE,solar-geolocator-twilight,Calidris ruficollis,BQ590,036-94832,Tracking Red-necked stints along the EAAF
16668355124,TRUE,2019-12-07T18:32:41Z,TRUE,2019-12-07T18:32:41Z,FALSE,FALSE,solar-geolocator-twilight,Calidris ruficollis,BQ590,036-94832,Tracking Red-necked stints along the EAAF
16668355125,TRUE,2019-12-08T09:48:15Z,FALSE,2019-12-08T09:48:15Z,FALSE,FALSE,solar-geolocator-twilight,Calidris ruficollis,BQ590,036-94832,Tracking Red-necked stints along the EAAF
16668355138,TRUE,2019-12-08T18:33:36Z,TRUE,2019-12-08T18:33:36Z,FALSE,FALSE,solar-geolocator-twilight,Calidris ruficollis,BQ590,036-94832,Tracking Red-necked stints along the EAAF
16668355140,TRUE,2019-12-09T09:52:25Z,FALSE,2019-12-09T09:52:25Z,FALSE,FALSE,solar-geolocator-twilight,Calidris ruficollis,BQ590,036-94832,Tracking Red-necked stints along the EAAF
16668355151,TRUE,2019-12-09T18:33:36Z,TRUE,2019-12-09T18:33:36Z,FALSE,FALSE,solar-geolocator-twilight,Calidris ruficollis,BQ590,036-94832,Tracking Red-necked stints along the EAAF
16668355154,TRUE,2019-12-10T09:55:06Z,FALSE,2019-12-10T09:55:06Z,FALSE,FALSE,solar-geolocator-twilight,Calidris ruficollis,BQ590,036-94832,Tracking Red-necked stints along the EAAF
16668355165,TRUE,2019-12-10T18:37:41Z,TRUE,2019-12-10T18:37:41Z,FALSE,FALSE,solar-geolocator-twilight,Calidris ruficollis,BQ590,036-94832,Tracking Red-necked stints along the EAAF
16668355170,TRUE,2019-12-11T09:58:15Z,FALSE,2019-12-11T09:58:15Z,FALSE,FALSE,solar-geolocator-twilight,Calidris ruficollis,BQ590,036-94832,Tracking Red-necked stints along the EAAF
16668355179,TRUE,2019-12-11T18:38:36Z,TRUE,2019-12-11T18:38:36Z,FALSE,FALSE,solar-geolocator-twilight,Calidris ruficollis,BQ590,036-94832,Tracking Red-necked stints along the EAAF
16668355183,TRUE,2019-12-12T09:55:06Z,FALSE,2019-12-12T09:55:06Z,FALSE,FALSE,solar-geolocator-twilight,Calidris ruficollis,BQ590,036-94832,Tracking Red-necked stints along the EAAF
16668355193,TRUE,2019-12-12T18:43:36Z,TRUE,2019-12-12T18:43:36Z,FALSE,FALSE,solar-geolocator-twilight,Calidris ruficollis,BQ590,036-94832,Tracking Red-necked stints along the EAAF
16668355196,TRUE,2019-12-13T09:45:25Z,FALSE,2019-12-13T09:45:25Z,FALSE,FALSE,solar-geolocator-twilight,Calidris ruficollis,BQ590,036-94832,Tracking Red-necked stints along the EAAF
16668355207,TRUE,2019-12-13T18:47:42Z,TRUE,2019-12-13T18:47:42Z,FALSE,FALSE,solar-geolocator-twilight,Calidris ruficollis,BQ590,036-94832,Tracking Red-necked stints along the EAAF
16668355210,TRUE,2019-12-14T09:49:12Z,FALSE,2019-12-14T09:49:12Z,FALSE,FALSE,solar-geolocator-twilight,Calidris ruficollis,BQ590,036-94832,Tracking Red-necked stints along the EAAF
16668355219,TRUE,2019-12-14T18:40:23Z,TRUE,2019-12-14T18:40:23Z,FALSE,FALSE,solar-geolocator-twilight,Calidris ruficollis,BQ590,036-94832,Tracking Red-necked stints along the EAAF
16668355223,TRUE,2019-12-15T09:55:07Z,FALSE,2019-12-15T09:55:07Z,FALSE,FALSE,solar-geolocator-twilight,Calidris ruficollis,BQ590,036-94832,Tracking Red-necked stints along the EAAF
16668355236,TRUE,2019-12-15T18:39:33Z,TRUE,2019-12-15T18:39:33Z,FALSE,FALSE,solar-geolocator-twilight,Calidris ruficollis,BQ590,036-94832,Tracking Red-necked stints along the EAAF
16668355238,TRUE,2019-12-16T10:02:26Z,FALSE,2019-12-16T10:02:26Z,FALSE,FALSE,solar-geolocator-twilight,Calidris ruficollis,BQ590,036-94832,Tracking Red-necked stints along the EAAF
16668355250,TRUE,2019-12-16T18:34:07Z,TRUE,2019-12-16T18:34:07Z,FALSE,FALSE,solar-geolocator-twilight,Calidris ruficollis,BQ590,036-94832,Tracking Red-necked stints along the EAAF
16668355251,TRUE,2019-12-17T09:55:07Z,FALSE,2019-12-17T09:55:07Z,FALSE,FALSE,solar-geolocator-twilight,Calidris ruficollis,BQ590,036-94832,Tracking Red-necked stints along the EAAF
16668355264,TRUE,2019-12-17T18:53:37Z,TRUE,2019-12-17T18:53:37Z,FALSE,FALSE,solar-geolocator-twilight,Calidris ruficollis,BQ590,036-94832,Tracking Red-necked stints along the EAAF
16668355267,TRUE,2019-12-18T09:49:12Z,FALSE,2019-12-18T09:49:12Z,FALSE,FALSE,solar-geolocator-twilight,Calidris ruficollis,BQ590,036-94832,Tracking Red-necked stints along the EAAF
16668355277,TRUE,2019-12-18T18:53:51Z,TRUE,2019-12-18T18:53:51Z,FALSE,FALSE,solar-geolocator-twilight,Calidris ruficollis,BQ590,036-94832,Tracking Red-necked stints along the EAAF
16668355279,TRUE,2019-12-19T09:38:42Z,FALSE,2019-12-19T09:38:42Z,FALSE,FALSE,solar-geolocator-twilight,Calidris ruficollis,BQ590,036-94832,Tracking Red-necked stints along the EAAF
16668355292,TRUE,2019-12-19T18:44:07Z,TRUE,2019-12-19T18:44:07Z,FALSE,FALSE,solar-geolocator-twilight,Calidris ruficollis,BQ590,036-94832,Tracking Red-necked stints along the EAAF
16668355296,TRUE,2019-12-20T09:49:50Z,FALSE,2019-12-20T09:49:50Z,FALSE,FALSE,solar-geolocator-twilight,Calidris ruficollis,BQ590,036-94832,Tracking Red-necked stints along the EAAF
16668355305,TRUE,2019-12-20T18:44:33Z,TRUE,2019-12-20T18:44:33Z,FALSE,FALSE,solar-geolocator-twilight,Calidris ruficollis,BQ590,036-94832,Tracking Red-necked stints along the EAAF
16668355310,TRUE,2019-12-21T10:00:36Z,FALSE,2019-12-21T10:00:36Z,FALSE,FALSE,solar-geolocator-twilight,Calidris ruficollis,BQ590,036-94832,Tracking Red-necked stints along the EAAF
16668355319,TRUE,2019-12-21T18:37:43Z,TRUE,2019-12-21T18:37:43Z,FALSE,FALSE,solar-geolocator-twilight,Calidris ruficollis,BQ590,036-94832,Tracking Red-necked stints along the EAAF
16668355326,TRUE,2019-12-22T10:13:17Z,FALSE,2019-12-22T10:13:17Z,FALSE,FALSE,solar-geolocator-twilight,Calidris ruficollis,BQ590,036-94832,Tracking Red-necked stints along the EAAF
16668355333,TRUE,2019-12-22T18:33:38Z,TRUE,2019-12-22T18:33:38Z,FALSE,FALSE,solar-geolocator-twilight,Calidris ruficollis,BQ590,036-94832,Tracking Red-necked stints along the EAAF
16668355336,TRUE,2019-12-23T10:00:42Z,FALSE,2019-12-23T10:00:42Z,FALSE,FALSE,solar-geolocator-twilight,Calidris ruficollis,BQ590,036-94832,Tracking Red-necked stints along the EAAF
16668355344,TRUE,2019-12-23T18:25:24Z,TRUE,2019-12-23T18:25:24Z,FALSE,FALSE,solar-geolocator-twilight,Calidris ruficollis,BQ590,036-94832,Tracking Red-necked stints along the EAAF
16668355350,TRUE,2019-12-24T10:10:36Z,FALSE,2019-12-24T10:10:36Z,FALSE,FALSE,solar-geolocator-twilight,Calidris ruficollis,BQ590,036-94832,Tracking Red-necked stints along the EAAF
16668355361,TRUE,2019-12-24T18:34:34Z,TRUE,2019-12-24T18:34:34Z,FALSE,FALSE,solar-geolocator-twilight,Calidris ruficollis,BQ590,036-94832,Tracking Red-necked stints along the EAAF
16668355364,TRUE,2019-12-25T10:07:27Z,FALSE,2019-12-25T10:07:27Z,FALSE,FALSE,solar-geolocator-twilight,Calidris ruficollis,BQ590,036-94832,Tracking Red-necked stints along the EAAF
16668355376,TRUE,2019-12-25T19:00:24Z,TRUE,2019-12-25T19:00:24Z,FALSE,FALSE,solar-geolocator-twilight,Calidris ruficollis,BQ590,036-94832,Tracking Red-necked stints along the EAAF
16668355378,TRUE,2019-12-26T10:13:43Z,FALSE,2019-12-26T10:13:43Z,FALSE,FALSE,solar-geolocator-twilight,Calidris ruficollis,BQ590,036-94832,Tracking Red-necked stints along the EAAF
16668355389,TRUE,2019-12-26T18:37:43Z,TRUE,2019-12-26T18:37:43Z,FALSE,FALSE,solar-geolocator-twilight,Calidris ruficollis,BQ590,036-94832,Tracking Red-necked stints along the EAAF
16668355392,TRUE,2019-12-27T10:00:50Z,FALSE,2019-12-27T10:00:50Z,FALSE,FALSE,solar-geolocator-twilight,Calidris ruficollis,BQ590,036-94832,Tracking Red-necked stints along the EAAF
16668355403,TRUE,2019-12-27T19:03:52Z,TRUE,2019-12-27T19:03:52Z,FALSE,FALSE,solar-geolocator-twilight,Calidris ruficollis,BQ590,036-94832,Tracking Red-necked stints along the EAAF
16668355406,TRUE,2019-12-28T10:05:42Z,FALSE,2019-12-28T10:05:42Z,FALSE,FALSE,solar-geolocator-twilight,Calidris ruficollis,BQ590,036-94832,Tracking Red-necked stints along the EAAF
16668355418,TRUE,2019-12-28T18:47:44Z,TRUE,2019-12-28T18:47:44Z,FALSE,FALSE,solar-geolocator-twilight,Calidris ruficollis,BQ590,036-94832,Tracking Red-necked stints along the EAAF
16668355419,TRUE,2019-12-29T10:03:18Z,FALSE,2019-12-29T10:03:18Z,FALSE,FALSE,solar-geolocator-twilight,Calidris ruficollis,BQ590,036-94832,Tracking Red-necked stints along the EAAF
16668355431,TRUE,2019-12-29T18:37:44Z,TRUE,2019-12-29T18:37:44Z,FALSE,FALSE,solar-geolocator-twilight,Calidris ruficollis,BQ590,036-94832,Tracking Red-necked stints along the EAAF
16668355433,TRUE,2019-12-30T09:40:09Z,FALSE,2019-12-30T09:40:09Z,FALSE,FALSE,solar-geolocator-twilight,Calidris ruficollis,BQ590,036-94832,Tracking Red-necked stints along the EAAF
16668355446,TRUE,2019-12-30T19:02:00Z,TRUE,2019-12-30T19:02:00Z,FALSE,FALSE,solar-geolocator-twilight,Calidris ruficollis,BQ590,036-94832,Tracking Red-necked stints along the EAAF
16668355447,TRUE,2019-12-31T10:09:14Z,FALSE,2019-12-31T10:09:14Z,FALSE,FALSE,solar-geolocator-twilight,Calidris ruficollis,BQ590,036-94832,Tracking Red-necked stints along the EAAF
16668355457,TRUE,2019-12-31T18:39:09Z,TRUE,2019-12-31T18:39:09Z,FALSE,FALSE,solar-geolocator-twilight,Calidris ruficollis,BQ590,036-94832,Tracking Red-necked stints along the EAAF
16668355463,TRUE,2020-01-01T10:09:12Z,FALSE,2020-01-01T10:09:12Z,FALSE,FALSE,solar-geolocator-twilight,Calidris ruficollis,BQ590,036-94832,Tracking Red-necked stints along the EAAF
16668355474,TRUE,2020-01-01T18:42:25Z,TRUE,2020-01-01T18:42:25Z,FALSE,FALSE,solar-geolocator-twilight,Calidris ruficollis,BQ590,036-94832,Tracking Red-necked stints along the EAAF
16668355476,TRUE,2020-01-02T10:08:18Z,FALSE,2020-01-02T10:08:18Z,FALSE,FALSE,solar-geolocator-twilight,Calidris ruficollis,BQ590,036-94832,Tracking Red-necked stints along the EAAF
16668355488,TRUE,2020-01-02T18:55:25Z,TRUE,2020-01-02T18:55:25Z,FALSE,FALSE,solar-geolocator-twilight,Calidris ruficollis,BQ590,036-94832,Tracking Red-necked stints along the EAAF
16668355494,TRUE,2020-01-03T10:09:14Z,FALSE,2020-01-03T10:09:14Z,FALSE,FALSE,solar-geolocator-twilight,Calidris ruficollis,BQ590,036-94832,Tracking Red-necked stints along the EAAF
16668355501,TRUE,2020-01-03T18:45:25Z,TRUE,2020-01-03T18:45:25Z,FALSE,FALSE,solar-geolocator-twilight,Calidris ruficollis,BQ590,036-94832,Tracking Red-necked stints along the EAAF
16668355503,TRUE,2020-01-04T10:00:09Z,FALSE,2020-01-04T10:00:09Z,FALSE,FALSE,solar-geolocator-twilight,Calidris ruficollis,BQ590,036-94832,Tracking Red-necked stints along the EAAF
16668355516,TRUE,2020-01-04T19:13:53Z,TRUE,2020-01-04T19:13:53Z,FALSE,FALSE,solar-geolocator-twilight,Calidris ruficollis,BQ590,036-94832,Tracking Red-necked stints along the EAAF
16668355518,TRUE,2020-01-05T09:59:15Z,FALSE,2020-01-05T09:59:15Z,FALSE,FALSE,solar-geolocator-twilight,Calidris ruficollis,BQ590,036-94832,Tracking Red-necked stints along the EAAF
16668355529,TRUE,2020-01-05T19:14:10Z,TRUE,2020-01-05T19:14:10Z,FALSE,FALSE,solar-geolocator-twilight,Calidris ruficollis,BQ590,036-94832,Tracking Red-necked stints along the EAAF
16668355532,TRUE,2020-01-06T09:45:10Z,FALSE,2020-01-06T09:45:10Z,FALSE,FALSE,solar-geolocator-twilight,Calidris ruficollis,BQ590,036-94832,Tracking Red-necked stints along the EAAF
16668355544,TRUE,2020-01-06T19:02:45Z,TRUE,2020-01-06T19:02:45Z,FALSE,FALSE,solar-geolocator-twilight,Calidris ruficollis,BQ590,036-94832,Tracking Red-necked stints along the EAAF
16668355545,TRUE,2020-01-07T09:49:15Z,FALSE,2020-01-07T09:49:15Z,FALSE,FALSE,solar-geolocator-twilight,Calidris ruficollis,BQ590,036-94832,Tracking Red-necked stints along the EAAF
16668355557,TRUE,2020-01-07T18:55:26Z,TRUE,2020-01-07T18:55:26Z,FALSE,FALSE,solar-geolocator-twilight,Calidris ruficollis,BQ590,036-94832,Tracking Red-necked stints along the EAAF
16668355560,TRUE,2020-01-08T10:05:29Z,FALSE,2020-01-08T10:05:29Z,FALSE,FALSE,solar-geolocator-twilight,Calidris ruficollis,BQ590,036-94832,Tracking Red-necked stints along the EAAF
16668355571,TRUE,2020-01-08T18:40:26Z,TRUE,2020-01-08T18:40:26Z,FALSE,FALSE,solar-geolocator-twilight,Calidris ruficollis,BQ590,036-94832,Tracking Red-necked stints along the EAAF
16668355574,TRUE,2020-01-09T10:00:10Z,FALSE,2020-01-09T10:00:10Z,FALSE,FALSE,solar-geolocator-twilight,Calidris ruficollis,BQ590,036-94832,Tracking Red-necked stints along the EAAF
16668355585,TRUE,2020-01-09T18:55:26Z,TRUE,2020-01-09T18:55:26Z,FALSE,FALSE,solar-geolocator-twilight,Calidris ruficollis,BQ590,036-94832,Tracking Red-necked stints along the EAAF
16668355587,TRUE,2020-01-10T10:03:19Z,FALSE,2020-01-10T10:03:19Z,FALSE,FALSE,solar-geolocator-twilight,Calidris ruficollis,BQ590,036-94832,Tracking Red-necked stints along the EAAF
16668355600,TRUE,2020-01-10T18:55:26Z,TRUE,2020-01-10T18:55:26Z,FALSE,FALSE,solar-geolocator-twilight,Calidris ruficollis,BQ590,036-94832,Tracking Red-necked stints along the EAAF
16668355601,TRUE,2020-01-11T10:00:44Z,FALSE,2020-01-11T10:00:44Z,FALSE,FALSE,solar-geolocator-twilight,Calidris ruficollis,BQ590,036-94832,Tracking Red-necked stints along the EAAF
16668355614,TRUE,2020-01-11T18:58:40Z,TRUE,2020-01-11T18:58:40Z,FALSE,FALSE,solar-geolocator-twilight,Calidris ruficollis,BQ590,036-94832,Tracking Red-necked stints along the EAAF
16668355615,TRUE,2020-01-12T10:07:29Z,FALSE,2020-01-12T10:07:29Z,FALSE,FALSE,solar-geolocator-twilight,Calidris ruficollis,BQ590,036-94832,Tracking Red-necked stints along the EAAF
16668355628,TRUE,2020-01-12T19:00:27Z,TRUE,2020-01-12T19:00:27Z,FALSE,FALSE,solar-geolocator-twilight,Calidris ruficollis,BQ590,036-94832,Tracking Red-necked stints along the EAAF
16668355630,TRUE,2020-01-13T10:02:30Z,FALSE,2020-01-13T10:02:30Z,FALSE,FALSE,solar-geolocator-twilight,Calidris ruficollis,BQ590,036-94832,Tracking Red-necked stints along the EAAF
16668355642,TRUE,2020-01-13T19:08:41Z,TRUE,2020-01-13T19:08:41Z,FALSE,FALSE,solar-geolocator-twilight,Calidris ruficollis,BQ590,036-94832,Tracking Red-necked stints along the EAAF
16668355643,TRUE,2020-01-14T09:59:16Z,FALSE,2020-01-14T09:59:16Z,FALSE,FALSE,solar-geolocator-twilight,Calidris ruficollis,BQ590,036-94832,Tracking Red-necked stints along the EAAF
16668355653,TRUE,2020-01-14T19:03:41Z,TRUE,2020-01-14T19:03:41Z,FALSE,FALSE,solar-geolocator-twilight,Calidris ruficollis,BQ590,036-94832,Tracking Red-necked stints along the EAAF
16668355655,TRUE,2020-01-15T09:23:46Z,FALSE,2020-01-15T09:23:46Z,FALSE,FALSE,solar-geolocator-twilight,Calidris ruficollis,BQ590,036-94832,Tracking Red-necked stints along the EAAF
16668355666,TRUE,2020-01-15T19:44:37Z,TRUE,2020-01-15T19:44:37Z,FALSE,FALSE,solar-geolocator-twilight,Calidris ruficollis,BQ590,036-94832,Tracking Red-necked stints along the EAAF
16668355667,TRUE,2020-01-16T09:59:29Z,FALSE,2020-01-16T09:59:29Z,FALSE,FALSE,solar-geolocator-twilight,Calidris ruficollis,BQ590,036-94832,Tracking Red-necked stints along the EAAF
16668355674,TRUE,2020-01-16T19:15:27Z,TRUE,2020-01-16T19:15:27Z,FALSE,FALSE,solar-geolocator-twilight,Calidris ruficollis,BQ590,036-94832,Tracking Red-necked stints along the EAAF
