event-id,visible,Twilight,Rise,Twilight3,Deleted,Inserted,sensor-type,individual-taxon-canonical-name,ID,individual-local-identifier,study-name
16668351345,TRUE,2019-03-11T09:00:12Z,FALSE,2019-03-11T09:00:12Z,FALSE,FALSE,solar-geolocator-twilight,Calidris ruficollis,BQ916,036-94909,Tracking Red-necked stints along the EAAF
16668351355,TRUE,2019-03-11T19:59:37Z,TRUE,2019-03-11T19:59:37Z,FALSE,FALSE,solar-geolocator-twilight,Calidris ruficollis,BQ916,036-94909,Tracking Red-necked stints along the EAAF
16668351361,TRUE,2019-03-12T09:06:07Z,FALSE,2019-03-12T09:06:07Z,FALSE,FALSE,solar-geolocator-twilight,Calidris ruficollis,BQ916,036-94909,Tracking Red-necked stints along the EAAF
16668351369,TRUE,2019-03-12T20:01:23Z,TRUE,2019-03-12T20:01:23Z,FALSE,FALSE,solar-geolocator-twilight,Calidris ruficollis,BQ916,036-94909,Tracking Red-necked stints along the EAAF
16668351373,TRUE,2019-03-13T08:56:07Z,FALSE,2019-03-13T08:56:07Z,FALSE,FALSE,solar-geolocator-twilight,Calidris ruficollis,BQ916,036-94909,Tracking Red-necked stints along the EAAF
16668351384,TRUE,2019-03-13T20:08:23Z,TRUE,2019-03-13T20:08:23Z,FALSE,FALSE,solar-geolocator-twilight,Calidris ruficollis,BQ916,036-94909,Tracking Red-necked stints along the EAAF
16668351390,TRUE,2019-03-14T08:58:26Z,FALSE,2019-03-14T08:58:26Z,FALSE,FALSE,solar-geolocator-twilight,Calidris ruficollis,BQ916,036-94909,Tracking Red-necked stints along the EAAF
16668351400,TRUE,2019-03-14T19:59:37Z,TRUE,2019-03-14T19:59:37Z,FALSE,FALSE,solar-geolocator-twilight,Calidris ruficollis,BQ916,036-94909,Tracking Red-necked stints along the EAAF
16668351408,TRUE,2019-03-15T09:01:26Z,FALSE,2019-03-15T09:01:26Z,FALSE,FALSE,solar-geolocator-twilight,Calidris ruficollis,BQ916,036-94909,Tracking Red-necked stints along the EAAF
16668351415,TRUE,2019-03-15T19:53:42Z,TRUE,2019-03-15T19:53:42Z,FALSE,FALSE,solar-geolocator-twilight,Calidris ruficollis,BQ916,036-94909,Tracking Red-necked stints along the EAAF
16668351424,TRUE,2019-03-16T09:01:41Z,FALSE,2019-03-16T09:01:41Z,FALSE,FALSE,solar-geolocator-twilight,Calidris ruficollis,BQ916,036-94909,Tracking Red-necked stints along the EAAF
16668351430,TRUE,2019-03-16T19:58:42Z,TRUE,2019-03-16T19:58:42Z,FALSE,FALSE,solar-geolocator-twilight,Calidris ruficollis,BQ916,036-94909,Tracking Red-necked stints along the EAAF
16668351440,TRUE,2019-03-17T09:05:12Z,FALSE,2019-03-17T09:05:12Z,FALSE,FALSE,solar-geolocator-twilight,Calidris ruficollis,BQ916,036-94909,Tracking Red-necked stints along the EAAF
16668351449,TRUE,2019-03-17T19:58:00Z,TRUE,2019-03-17T19:58:00Z,FALSE,FALSE,solar-geolocator-twilight,Calidris ruficollis,BQ916,036-94909,Tracking Red-necked stints along the EAAF
16668351452,TRUE,2019-03-18T08:59:42Z,FALSE,2019-03-18T08:59:42Z,FALSE,FALSE,solar-geolocator-twilight,Calidris ruficollis,BQ916,036-94909,Tracking Red-necked stints along the EAAF
16668351464,TRUE,2019-03-18T19:55:07Z,TRUE,2019-03-18T19:55:07Z,FALSE,FALSE,solar-geolocator-twilight,Calidris ruficollis,BQ916,036-94909,Tracking Red-necked stints along the EAAF
16668351467,TRUE,2019-03-19T08:50:19Z,FALSE,2019-03-19T08:50:19Z,FALSE,FALSE,solar-geolocator-twilight,Calidris ruficollis,BQ916,036-94909,Tracking Red-necked stints along the EAAF
16668351481,TRUE,2019-03-19T20:07:53Z,TRUE,2019-03-19T20:07:53Z,FALSE,FALSE,solar-geolocator-twilight,Calidris ruficollis,BQ916,036-94909,Tracking Red-necked stints along the EAAF
16668351484,TRUE,2019-03-20T08:50:35Z,FALSE,2019-03-20T08:50:35Z,FALSE,FALSE,solar-geolocator-twilight,Calidris ruficollis,BQ916,036-94909,Tracking Red-necked stints along the EAAF
16668351493,TRUE,2019-03-20T20:03:42Z,TRUE,2019-03-20T20:03:42Z,FALSE,FALSE,solar-geolocator-twilight,Calidris ruficollis,BQ916,036-94909,Tracking Red-necked stints along the EAAF
16668351504,TRUE,2019-03-21T08:59:58Z,FALSE,2019-03-21T08:59:58Z,FALSE,FALSE,solar-geolocator-twilight,Calidris ruficollis,BQ916,036-94909,Tracking Red-necked stints along the EAAF
16668351514,TRUE,2019-03-21T20:13:43Z,TRUE,2019-03-21T20:13:43Z,FALSE,FALSE,solar-geolocator-twilight,Calidris ruficollis,BQ916,036-94909,Tracking Red-necked stints along the EAAF
16668351518,TRUE,2019-03-22T08:55:25Z,FALSE,2019-03-22T08:55:25Z,FALSE,FALSE,solar-geolocator-twilight,Calidris ruficollis,BQ916,036-94909,Tracking Red-necked stints along the EAAF
16668351527,TRUE,2019-03-22T20:04:37Z,TRUE,2019-03-22T20:04:37Z,FALSE,FALSE,solar-geolocator-twilight,Calidris ruficollis,BQ916,036-94909,Tracking Red-necked stints along the EAAF
16668351531,TRUE,2019-03-23T08:11:49Z,FALSE,2019-03-23T08:11:49Z,FALSE,FALSE,solar-geolocator-twilight,Calidris ruficollis,BQ916,036-94909,Tracking Red-necked stints along the EAAF
16668351546,TRUE,2019-03-23T20:24:37Z,TRUE,2019-03-23T20:24:37Z,FALSE,FALSE,solar-geolocator-twilight,Calidris ruficollis,BQ916,036-94909,Tracking Red-necked stints along the EAAF
16668351550,TRUE,2019-03-24T08:40:12Z,FALSE,2019-03-24T08:40:12Z,FALSE,FALSE,solar-geolocator-twilight,Calidris ruficollis,BQ916,036-94909,Tracking Red-necked stints along the EAAF
16668351562,TRUE,2019-03-24T20:34:37Z,TRUE,2019-03-24T20:34:37Z,FALSE,FALSE,solar-geolocator-twilight,Calidris ruficollis,BQ916,036-94909,Tracking Red-necked stints along the EAAF
16668351565,TRUE,2019-03-25T08:36:26Z,FALSE,2019-03-25T08:36:26Z,FALSE,FALSE,solar-geolocator-twilight,Calidris ruficollis,BQ916,036-94909,Tracking Red-necked stints along the EAAF
16668351578,TRUE,2019-03-25T20:19:24Z,TRUE,2019-03-25T20:19:24Z,FALSE,FALSE,solar-geolocator-twilight,Calidris ruficollis,BQ916,036-94909,Tracking Red-necked stints along the EAAF
16668351580,TRUE,2019-03-26T08:38:26Z,FALSE,2019-03-26T08:38:26Z,FALSE,FALSE,solar-geolocator-twilight,Calidris ruficollis,BQ916,036-94909,Tracking Red-necked stints along the EAAF
16668351593,TRUE,2019-03-26T20:28:57Z,TRUE,2019-03-26T20:28:57Z,FALSE,FALSE,solar-geolocator-twilight,Calidris ruficollis,BQ916,036-94909,Tracking Red-necked stints along the EAAF
16668351596,TRUE,2019-03-27T08:45:12Z,FALSE,2019-03-27T08:45:12Z,FALSE,FALSE,solar-geolocator-twilight,Calidris ruficollis,BQ916,036-94909,Tracking Red-necked stints along the EAAF
16668351609,TRUE,2019-03-27T20:26:23Z,TRUE,2019-03-27T20:26:23Z,FALSE,FALSE,solar-geolocator-twilight,Calidris ruficollis,BQ916,036-94909,Tracking Red-necked stints along the EAAF
16668351616,TRUE,2019-03-28T08:40:12Z,FALSE,2019-03-28T08:40:12Z,FALSE,FALSE,solar-geolocator-twilight,Calidris ruficollis,BQ916,036-94909,Tracking Red-necked stints along the EAAF
16668351625,TRUE,2019-03-28T20:33:32Z,TRUE,2019-03-28T20:33:32Z,FALSE,FALSE,solar-geolocator-twilight,Calidris ruficollis,BQ916,036-94909,Tracking Red-necked stints along the EAAF
16668351628,TRUE,2019-03-29T08:20:10Z,FALSE,2019-03-29T08:20:10Z,FALSE,FALSE,solar-geolocator-twilight,Calidris ruficollis,BQ916,036-94909,Tracking Red-necked stints along the EAAF
16668351641,TRUE,2019-03-29T20:24:37Z,TRUE,2019-03-29T20:24:37Z,FALSE,FALSE,solar-geolocator-twilight,Calidris ruficollis,BQ916,036-94909,Tracking Red-necked stints along the EAAF
16668351647,TRUE,2019-03-30T08:36:26Z,FALSE,2019-03-30T08:36:26Z,FALSE,FALSE,solar-geolocator-twilight,Calidris ruficollis,BQ916,036-94909,Tracking Red-necked stints along the EAAF
16668351655,TRUE,2019-03-30T20:13:23Z,TRUE,2019-03-30T20:13:23Z,FALSE,FALSE,solar-geolocator-twilight,Calidris ruficollis,BQ916,036-94909,Tracking Red-necked stints along the EAAF
16668351661,TRUE,2019-03-31T08:33:26Z,FALSE,2019-03-31T08:33:26Z,FALSE,FALSE,solar-geolocator-twilight,Calidris ruficollis,BQ916,036-94909,Tracking Red-necked stints along the EAAF
16668351673,TRUE,2019-03-31T20:15:33Z,TRUE,2019-03-31T20:15:33Z,FALSE,FALSE,solar-geolocator-twilight,Calidris ruficollis,BQ916,036-94909,Tracking Red-necked stints along the EAAF
16668351679,TRUE,2019-04-01T08:39:16Z,FALSE,2019-04-01T08:39:16Z,FALSE,FALSE,solar-geolocator-twilight,Calidris ruficollis,BQ916,036-94909,Tracking Red-necked stints along the EAAF
16668351689,TRUE,2019-04-01T20:04:51Z,TRUE,2019-04-01T20:04:51Z,FALSE,FALSE,solar-geolocator-twilight,Calidris ruficollis,BQ916,036-94909,Tracking Red-necked stints along the EAAF
16668351695,TRUE,2019-04-02T08:43:26Z,FALSE,2019-04-02T08:43:26Z,FALSE,FALSE,solar-geolocator-twilight,Calidris ruficollis,BQ916,036-94909,Tracking Red-necked stints along the EAAF
16668351701,TRUE,2019-04-02T20:06:23Z,TRUE,2019-04-02T20:06:23Z,FALSE,FALSE,solar-geolocator-twilight,Calidris ruficollis,BQ916,036-94909,Tracking Red-necked stints along the EAAF
16668351711,TRUE,2019-04-03T08:29:16Z,FALSE,2019-04-03T08:29:16Z,FALSE,FALSE,solar-geolocator-twilight,Calidris ruficollis,BQ916,036-94909,Tracking Red-necked stints along the EAAF
16668351720,TRUE,2019-04-03T20:08:08Z,TRUE,2019-04-03T20:08:08Z,FALSE,FALSE,solar-geolocator-twilight,Calidris ruficollis,BQ916,036-94909,Tracking Red-necked stints along the EAAF
16668351725,TRUE,2019-04-04T08:34:42Z,FALSE,2019-04-04T08:34:42Z,FALSE,FALSE,solar-geolocator-twilight,Calidris ruficollis,BQ916,036-94909,Tracking Red-necked stints along the EAAF
16668351735,TRUE,2019-04-04T20:08:42Z,TRUE,2019-04-04T20:08:42Z,FALSE,FALSE,solar-geolocator-twilight,Calidris ruficollis,BQ916,036-94909,Tracking Red-necked stints along the EAAF
16668351741,TRUE,2019-04-05T08:21:07Z,FALSE,2019-04-05T08:21:07Z,FALSE,FALSE,solar-geolocator-twilight,Calidris ruficollis,BQ916,036-94909,Tracking Red-necked stints along the EAAF
16668351753,TRUE,2019-04-05T20:24:39Z,TRUE,2019-04-05T20:24:39Z,FALSE,FALSE,solar-geolocator-twilight,Calidris ruficollis,BQ916,036-94909,Tracking Red-necked stints along the EAAF
16668351758,TRUE,2019-04-06T08:36:07Z,FALSE,2019-04-06T08:36:07Z,FALSE,FALSE,solar-geolocator-twilight,Calidris ruficollis,BQ916,036-94909,Tracking Red-necked stints along the EAAF
16668351764,TRUE,2019-04-06T20:05:33Z,TRUE,2019-04-06T20:05:33Z,FALSE,FALSE,solar-geolocator-twilight,Calidris ruficollis,BQ916,036-94909,Tracking Red-necked stints along the EAAF
16668351774,TRUE,2019-04-07T08:31:07Z,FALSE,2019-04-07T08:31:07Z,FALSE,FALSE,solar-geolocator-twilight,Calidris ruficollis,BQ916,036-94909,Tracking Red-necked stints along the EAAF
16668351783,TRUE,2019-04-07T20:14:37Z,TRUE,2019-04-07T20:14:37Z,FALSE,FALSE,solar-geolocator-twilight,Calidris ruficollis,BQ916,036-94909,Tracking Red-necked stints along the EAAF
16668351787,TRUE,2019-04-08T08:14:42Z,FALSE,2019-04-08T08:14:42Z,FALSE,FALSE,solar-geolocator-twilight,Calidris ruficollis,BQ916,036-94909,Tracking Red-necked stints along the EAAF
16668351799,TRUE,2019-04-08T20:23:23Z,TRUE,2019-04-08T20:23:23Z,FALSE,FALSE,solar-geolocator-twilight,Calidris ruficollis,BQ916,036-94909,Tracking Red-necked stints along the EAAF
16668351804,TRUE,2019-04-09T08:24:16Z,FALSE,2019-04-09T08:24:16Z,FALSE,FALSE,solar-geolocator-twilight,Calidris ruficollis,BQ916,036-94909,Tracking Red-necked stints along the EAAF
16668351816,TRUE,2019-04-09T20:27:52Z,TRUE,2019-04-09T20:27:52Z,FALSE,FALSE,solar-geolocator-twilight,Calidris ruficollis,BQ916,036-94909,Tracking Red-necked stints along the EAAF
16668351822,TRUE,2019-04-10T08:18:26Z,FALSE,2019-04-10T08:18:26Z,FALSE,FALSE,solar-geolocator-twilight,Calidris ruficollis,BQ916,036-94909,Tracking Red-necked stints along the EAAF
16668351831,TRUE,2019-04-10T20:28:23Z,TRUE,2019-04-10T20:28:23Z,FALSE,FALSE,solar-geolocator-twilight,Calidris ruficollis,BQ916,036-94909,Tracking Red-necked stints along the EAAF
16668351836,TRUE,2019-04-11T08:21:26Z,FALSE,2019-04-11T08:21:26Z,FALSE,FALSE,solar-geolocator-twilight,Calidris ruficollis,BQ916,036-94909,Tracking Red-necked stints along the EAAF
16668351846,TRUE,2019-04-11T20:21:23Z,TRUE,2019-04-11T20:21:23Z,FALSE,FALSE,solar-geolocator-twilight,Calidris ruficollis,BQ916,036-94909,Tracking Red-necked stints along the EAAF
16668351851,TRUE,2019-04-12T08:18:26Z,FALSE,2019-04-12T08:18:26Z,FALSE,FALSE,solar-geolocator-twilight,Calidris ruficollis,BQ916,036-94909,Tracking Red-necked stints along the EAAF
16668351861,TRUE,2019-04-12T20:31:23Z,TRUE,2019-04-12T20:31:23Z,FALSE,FALSE,solar-geolocator-twilight,Calidris ruficollis,BQ916,036-94909,Tracking Red-necked stints along the EAAF
16668351867,TRUE,2019-04-13T08:01:07Z,FALSE,2019-04-13T08:01:07Z,FALSE,FALSE,solar-geolocator-twilight,Calidris ruficollis,BQ916,036-94909,Tracking Red-necked stints along the EAAF
16668351878,TRUE,2019-04-13T20:28:42Z,TRUE,2019-04-13T20:28:42Z,FALSE,FALSE,solar-geolocator-twilight,Calidris ruficollis,BQ916,036-94909,Tracking Red-necked stints along the EAAF
16668351883,TRUE,2019-04-14T08:09:42Z,FALSE,2019-04-14T08:09:42Z,FALSE,FALSE,solar-geolocator-twilight,Calidris ruficollis,BQ916,036-94909,Tracking Red-necked stints along the EAAF
16668351895,TRUE,2019-04-14T20:29:39Z,TRUE,2019-04-14T20:29:39Z,FALSE,FALSE,solar-geolocator-twilight,Calidris ruficollis,BQ916,036-94909,Tracking Red-necked stints along the EAAF
16668351903,TRUE,2019-04-15T08:18:26Z,FALSE,2019-04-15T08:18:26Z,FALSE,FALSE,solar-geolocator-twilight,Calidris ruficollis,BQ916,036-94909,Tracking Red-necked stints along the EAAF
16668351910,TRUE,2019-04-15T20:30:07Z,TRUE,2019-04-15T20:30:07Z,FALSE,FALSE,solar-geolocator-twilight,Calidris ruficollis,BQ916,036-94909,Tracking Red-necked stints along the EAAF
16668351919,TRUE,2019-04-16T08:16:26Z,FALSE,2019-04-16T08:16:26Z,FALSE,FALSE,solar-geolocator-twilight,Calidris ruficollis,BQ916,036-94909,Tracking Red-necked stints along the EAAF
16668351927,TRUE,2019-04-16T20:27:46Z,TRUE,2019-04-16T20:27:46Z,FALSE,FALSE,solar-geolocator-twilight,Calidris ruficollis,BQ916,036-94909,Tracking Red-necked stints along the EAAF
16668351932,TRUE,2019-04-17T08:03:26Z,FALSE,2019-04-17T08:03:26Z,FALSE,FALSE,solar-geolocator-twilight,Calidris ruficollis,BQ916,036-94909,Tracking Red-necked stints along the EAAF
16668351942,TRUE,2019-04-17T20:26:23Z,TRUE,2019-04-17T20:26:23Z,FALSE,FALSE,solar-geolocator-twilight,Calidris ruficollis,BQ916,036-94909,Tracking Red-necked stints along the EAAF
16668351951,TRUE,2019-04-18T08:15:12Z,FALSE,2019-04-18T08:15:12Z,FALSE,FALSE,solar-geolocator-twilight,Calidris ruficollis,BQ916,036-94909,Tracking Red-necked stints along the EAAF
16668351958,TRUE,2019-04-18T20:19:37Z,TRUE,2019-04-18T20:19:37Z,FALSE,FALSE,solar-geolocator-twilight,Calidris ruficollis,BQ916,036-94909,Tracking Red-necked stints along the EAAF
16668351965,TRUE,2019-04-19T08:16:07Z,FALSE,2019-04-19T08:16:07Z,FALSE,FALSE,solar-geolocator-twilight,Calidris ruficollis,BQ916,036-94909,Tracking Red-necked stints along the EAAF
16668351976,TRUE,2019-04-19T20:41:23Z,TRUE,2019-04-19T20:41:23Z,FALSE,FALSE,solar-geolocator-twilight,Calidris ruficollis,BQ916,036-94909,Tracking Red-necked stints along the EAAF
16668351984,TRUE,2019-04-20T08:20:12Z,FALSE,2019-04-20T08:20:12Z,FALSE,FALSE,solar-geolocator-twilight,Calidris ruficollis,BQ916,036-94909,Tracking Red-necked stints along the EAAF
16668351992,TRUE,2019-04-20T20:54:24Z,TRUE,2019-04-20T20:54:24Z,FALSE,FALSE,solar-geolocator-twilight,Calidris ruficollis,BQ916,036-94909,Tracking Red-necked stints along the EAAF
16668352000,TRUE,2019-04-21T08:29:16Z,FALSE,2019-04-21T08:29:16Z,FALSE,FALSE,solar-geolocator-twilight,Calidris ruficollis,BQ916,036-94909,Tracking Red-necked stints along the EAAF
16668352008,TRUE,2019-04-21T20:44:37Z,TRUE,2019-04-21T20:44:37Z,FALSE,FALSE,solar-geolocator-twilight,Calidris ruficollis,BQ916,036-94909,Tracking Red-necked stints along the EAAF
16668352016,TRUE,2019-04-22T08:29:42Z,FALSE,2019-04-22T08:29:42Z,FALSE,FALSE,solar-geolocator-twilight,Calidris ruficollis,BQ916,036-94909,Tracking Red-necked stints along the EAAF
16668352025,TRUE,2019-04-22T20:51:23Z,TRUE,2019-04-22T20:51:23Z,FALSE,FALSE,solar-geolocator-twilight,Calidris ruficollis,BQ916,036-94909,Tracking Red-necked stints along the EAAF
16668352031,TRUE,2019-04-23T08:31:51Z,FALSE,2019-04-23T08:31:51Z,FALSE,FALSE,solar-geolocator-twilight,Calidris ruficollis,BQ916,036-94909,Tracking Red-necked stints along the EAAF
16668352037,TRUE,2019-04-23T20:45:33Z,TRUE,2019-04-23T20:45:33Z,FALSE,FALSE,solar-geolocator-twilight,Calidris ruficollis,BQ916,036-94909,Tracking Red-necked stints along the EAAF
16668352047,TRUE,2019-04-24T08:35:39Z,FALSE,2019-04-24T08:35:39Z,FALSE,FALSE,solar-geolocator-twilight,Calidris ruficollis,BQ916,036-94909,Tracking Red-necked stints along the EAAF
16668352056,TRUE,2019-04-24T20:57:39Z,TRUE,2019-04-24T20:57:39Z,FALSE,FALSE,solar-geolocator-twilight,Calidris ruficollis,BQ916,036-94909,Tracking Red-necked stints along the EAAF
16668352064,TRUE,2019-04-25T08:29:16Z,FALSE,2019-04-25T08:29:16Z,FALSE,FALSE,solar-geolocator-twilight,Calidris ruficollis,BQ916,036-94909,Tracking Red-necked stints along the EAAF
16668352072,TRUE,2019-04-25T20:54:51Z,TRUE,2019-04-25T20:54:51Z,FALSE,FALSE,solar-geolocator-twilight,Calidris ruficollis,BQ916,036-94909,Tracking Red-necked stints along the EAAF
16668352078,TRUE,2019-04-26T08:21:07Z,FALSE,2019-04-26T08:21:07Z,FALSE,FALSE,solar-geolocator-twilight,Calidris ruficollis,BQ916,036-94909,Tracking Red-necked stints along the EAAF
16668352088,TRUE,2019-04-26T21:02:50Z,TRUE,2019-04-26T21:02:50Z,FALSE,FALSE,solar-geolocator-twilight,Calidris ruficollis,BQ916,036-94909,Tracking Red-necked stints along the EAAF
16668352094,TRUE,2019-04-27T08:25:12Z,FALSE,2019-04-27T08:25:12Z,FALSE,FALSE,solar-geolocator-twilight,Calidris ruficollis,BQ916,036-94909,Tracking Red-necked stints along the EAAF
16668352102,TRUE,2019-04-27T21:03:23Z,TRUE,2019-04-27T21:03:23Z,FALSE,FALSE,solar-geolocator-twilight,Calidris ruficollis,BQ916,036-94909,Tracking Red-necked stints along the EAAF
16668352109,TRUE,2019-04-28T08:28:26Z,FALSE,2019-04-28T08:28:26Z,FALSE,FALSE,solar-geolocator-twilight,Calidris ruficollis,BQ916,036-94909,Tracking Red-necked stints along the EAAF
16668352117,TRUE,2019-04-28T21:02:47Z,TRUE,2019-04-28T21:02:47Z,FALSE,FALSE,solar-geolocator-twilight,Calidris ruficollis,BQ916,036-94909,Tracking Red-necked stints along the EAAF
16668352125,TRUE,2019-04-29T08:34:16Z,FALSE,2019-04-29T08:34:16Z,FALSE,FALSE,solar-geolocator-twilight,Calidris ruficollis,BQ916,036-94909,Tracking Red-necked stints along the EAAF
16668352133,TRUE,2019-04-29T20:56:23Z,TRUE,2019-04-29T20:56:23Z,FALSE,FALSE,solar-geolocator-twilight,Calidris ruficollis,BQ916,036-94909,Tracking Red-necked stints along the EAAF
16668352140,TRUE,2019-04-30T08:21:35Z,FALSE,2019-04-30T08:21:35Z,FALSE,FALSE,solar-geolocator-twilight,Calidris ruficollis,BQ916,036-94909,Tracking Red-necked stints along the EAAF
16668352149,TRUE,2019-04-30T20:51:23Z,TRUE,2019-04-30T20:51:23Z,FALSE,FALSE,solar-geolocator-twilight,Calidris ruficollis,BQ916,036-94909,Tracking Red-necked stints along the EAAF
16668352156,TRUE,2019-05-01T08:23:26Z,FALSE,2019-05-01T08:23:26Z,FALSE,FALSE,solar-geolocator-twilight,Calidris ruficollis,BQ916,036-94909,Tracking Red-necked stints along the EAAF
16668352165,TRUE,2019-05-01T20:54:51Z,TRUE,2019-05-01T20:54:51Z,FALSE,FALSE,solar-geolocator-twilight,Calidris ruficollis,BQ916,036-94909,Tracking Red-necked stints along the EAAF
16668352173,TRUE,2019-05-02T08:26:26Z,FALSE,2019-05-02T08:26:26Z,FALSE,FALSE,solar-geolocator-twilight,Calidris ruficollis,BQ916,036-94909,Tracking Red-necked stints along the EAAF
16668352181,TRUE,2019-05-02T20:53:01Z,TRUE,2019-05-02T20:53:01Z,FALSE,FALSE,solar-geolocator-twilight,Calidris ruficollis,BQ916,036-94909,Tracking Red-necked stints along the EAAF
16668352188,TRUE,2019-05-03T08:21:50Z,FALSE,2019-05-03T08:21:50Z,FALSE,FALSE,solar-geolocator-twilight,Calidris ruficollis,BQ916,036-94909,Tracking Red-necked stints along the EAAF
16668352197,TRUE,2019-05-03T21:03:24Z,TRUE,2019-05-03T21:03:24Z,FALSE,FALSE,solar-geolocator-twilight,Calidris ruficollis,BQ916,036-94909,Tracking Red-necked stints along the EAAF
16668352204,TRUE,2019-05-04T08:11:27Z,FALSE,2019-05-04T08:11:27Z,FALSE,FALSE,solar-geolocator-twilight,Calidris ruficollis,BQ916,036-94909,Tracking Red-necked stints along the EAAF
16668352212,TRUE,2019-05-04T21:01:24Z,TRUE,2019-05-04T21:01:24Z,FALSE,FALSE,solar-geolocator-twilight,Calidris ruficollis,BQ916,036-94909,Tracking Red-necked stints along the EAAF
16668352220,TRUE,2019-05-05T08:21:54Z,FALSE,2019-05-05T08:21:54Z,FALSE,FALSE,solar-geolocator-twilight,Calidris ruficollis,BQ916,036-94909,Tracking Red-necked stints along the EAAF
16668352228,TRUE,2019-05-05T20:54:38Z,TRUE,2019-05-05T20:54:38Z,FALSE,FALSE,solar-geolocator-twilight,Calidris ruficollis,BQ916,036-94909,Tracking Red-necked stints along the EAAF
16668352236,TRUE,2019-05-06T08:31:08Z,FALSE,2019-05-06T08:31:08Z,FALSE,FALSE,solar-geolocator-twilight,Calidris ruficollis,BQ916,036-94909,Tracking Red-necked stints along the EAAF
16668352244,TRUE,2019-05-06T20:58:43Z,TRUE,2019-05-06T20:58:43Z,FALSE,FALSE,solar-geolocator-twilight,Calidris ruficollis,BQ916,036-94909,Tracking Red-necked stints along the EAAF
16668352252,TRUE,2019-05-07T08:14:17Z,FALSE,2019-05-07T08:14:17Z,FALSE,FALSE,solar-geolocator-twilight,Calidris ruficollis,BQ916,036-94909,Tracking Red-necked stints along the EAAF
16668352260,TRUE,2019-05-07T21:04:38Z,TRUE,2019-05-07T21:04:38Z,FALSE,FALSE,solar-geolocator-twilight,Calidris ruficollis,BQ916,036-94909,Tracking Red-necked stints along the EAAF
16668352268,TRUE,2019-05-08T08:11:42Z,FALSE,2019-05-08T08:11:42Z,FALSE,FALSE,solar-geolocator-twilight,Calidris ruficollis,BQ916,036-94909,Tracking Red-necked stints along the EAAF
16668352276,TRUE,2019-05-08T21:05:34Z,TRUE,2019-05-08T21:05:34Z,FALSE,FALSE,solar-geolocator-twilight,Calidris ruficollis,BQ916,036-94909,Tracking Red-necked stints along the EAAF
16668352284,TRUE,2019-05-09T08:13:27Z,FALSE,2019-05-09T08:13:27Z,FALSE,FALSE,solar-geolocator-twilight,Calidris ruficollis,BQ916,036-94909,Tracking Red-necked stints along the EAAF
16668352292,TRUE,2019-05-09T21:04:52Z,TRUE,2019-05-09T21:04:52Z,FALSE,FALSE,solar-geolocator-twilight,Calidris ruficollis,BQ916,036-94909,Tracking Red-necked stints along the EAAF
16668352300,TRUE,2019-05-10T08:18:27Z,FALSE,2019-05-10T08:18:27Z,FALSE,FALSE,solar-geolocator-twilight,Calidris ruficollis,BQ916,036-94909,Tracking Red-necked stints along the EAAF
16668352307,TRUE,2019-05-10T20:48:43Z,TRUE,2019-05-10T20:48:43Z,FALSE,FALSE,solar-geolocator-twilight,Calidris ruficollis,BQ916,036-94909,Tracking Red-necked stints along the EAAF
16668352315,TRUE,2019-05-11T07:48:27Z,FALSE,2019-05-11T07:48:27Z,FALSE,FALSE,solar-geolocator-twilight,Calidris ruficollis,BQ916,036-94909,Tracking Red-necked stints along the EAAF
16668352323,TRUE,2019-05-11T20:53:01Z,TRUE,2019-05-11T20:53:01Z,FALSE,FALSE,solar-geolocator-twilight,Calidris ruficollis,BQ916,036-94909,Tracking Red-necked stints along the EAAF
16668352331,TRUE,2019-05-12T07:11:08Z,FALSE,2019-05-12T07:11:08Z,FALSE,FALSE,solar-geolocator-twilight,Calidris ruficollis,BQ916,036-94909,Tracking Red-necked stints along the EAAF
16668352339,TRUE,2019-05-12T20:46:24Z,TRUE,2019-05-12T20:46:24Z,FALSE,FALSE,solar-geolocator-twilight,Calidris ruficollis,BQ916,036-94909,Tracking Red-necked stints along the EAAF
16668352347,TRUE,2019-05-13T07:36:47Z,FALSE,2019-05-13T07:36:47Z,FALSE,FALSE,solar-geolocator-twilight,Calidris ruficollis,BQ916,036-94909,Tracking Red-necked stints along the EAAF
16668352355,TRUE,2019-05-13T20:41:24Z,TRUE,2019-05-13T20:41:24Z,FALSE,FALSE,solar-geolocator-twilight,Calidris ruficollis,BQ916,036-94909,Tracking Red-necked stints along the EAAF
16668352363,TRUE,2019-05-14T07:36:47Z,FALSE,2019-05-14T07:36:47Z,FALSE,FALSE,solar-geolocator-twilight,Calidris ruficollis,BQ916,036-94909,Tracking Red-necked stints along the EAAF
16668352373,TRUE,2019-05-14T20:55:08Z,TRUE,2019-05-14T20:55:08Z,FALSE,FALSE,solar-geolocator-twilight,Calidris ruficollis,BQ916,036-94909,Tracking Red-necked stints along the EAAF
16668352379,TRUE,2019-05-15T07:43:27Z,FALSE,2019-05-15T07:43:27Z,FALSE,FALSE,solar-geolocator-twilight,Calidris ruficollis,BQ916,036-94909,Tracking Red-necked stints along the EAAF
16668352391,TRUE,2019-05-15T20:58:43Z,TRUE,2019-05-15T20:58:43Z,FALSE,FALSE,solar-geolocator-twilight,Calidris ruficollis,BQ916,036-94909,Tracking Red-necked stints along the EAAF
16668352395,TRUE,2019-05-16T07:51:08Z,FALSE,2019-05-16T07:51:08Z,FALSE,FALSE,solar-geolocator-twilight,Calidris ruficollis,BQ916,036-94909,Tracking Red-necked stints along the EAAF
16668352407,TRUE,2019-05-16T20:52:50Z,TRUE,2019-05-16T20:52:50Z,FALSE,FALSE,solar-geolocator-twilight,Calidris ruficollis,BQ916,036-94909,Tracking Red-necked stints along the EAAF
16668352411,TRUE,2019-05-17T07:46:08Z,FALSE,2019-05-17T07:46:08Z,FALSE,FALSE,solar-geolocator-twilight,Calidris ruficollis,BQ916,036-94909,Tracking Red-necked stints along the EAAF
16668352422,TRUE,2019-05-17T20:49:19Z,TRUE,2019-05-17T20:49:19Z,FALSE,FALSE,solar-geolocator-twilight,Calidris ruficollis,BQ916,036-94909,Tracking Red-necked stints along the EAAF
16668352427,TRUE,2019-05-18T07:41:42Z,FALSE,2019-05-18T07:41:42Z,FALSE,FALSE,solar-geolocator-twilight,Calidris ruficollis,BQ916,036-94909,Tracking Red-necked stints along the EAAF
16668352440,TRUE,2019-05-18T20:53:09Z,TRUE,2019-05-18T20:53:09Z,FALSE,FALSE,solar-geolocator-twilight,Calidris ruficollis,BQ916,036-94909,Tracking Red-necked stints along the EAAF
16668352443,TRUE,2019-05-19T07:48:27Z,FALSE,2019-05-19T07:48:27Z,FALSE,FALSE,solar-geolocator-twilight,Calidris ruficollis,BQ916,036-94909,Tracking Red-necked stints along the EAAF
16668352457,TRUE,2019-05-19T21:03:09Z,TRUE,2019-05-19T21:03:09Z,FALSE,FALSE,solar-geolocator-twilight,Calidris ruficollis,BQ916,036-94909,Tracking Red-necked stints along the EAAF
16668352459,TRUE,2019-05-20T07:40:26Z,FALSE,2019-05-20T07:40:26Z,FALSE,FALSE,solar-geolocator-twilight,Calidris ruficollis,BQ916,036-94909,Tracking Red-necked stints along the EAAF
16668352473,TRUE,2019-05-20T20:58:09Z,TRUE,2019-05-20T20:58:09Z,FALSE,FALSE,solar-geolocator-twilight,Calidris ruficollis,BQ916,036-94909,Tracking Red-necked stints along the EAAF
16668352475,TRUE,2019-05-21T07:41:08Z,FALSE,2019-05-21T07:41:08Z,FALSE,FALSE,solar-geolocator-twilight,Calidris ruficollis,BQ916,036-94909,Tracking Red-necked stints along the EAAF
16668352489,TRUE,2019-05-21T20:46:24Z,TRUE,2019-05-21T20:46:24Z,FALSE,FALSE,solar-geolocator-twilight,Calidris ruficollis,BQ916,036-94909,Tracking Red-necked stints along the EAAF
16668352491,TRUE,2019-05-22T07:39:17Z,FALSE,2019-05-22T07:39:17Z,FALSE,FALSE,solar-geolocator-twilight,Calidris ruficollis,BQ916,036-94909,Tracking Red-necked stints along the EAAF
16668352505,TRUE,2019-05-22T20:57:42Z,TRUE,2019-05-22T20:57:42Z,FALSE,FALSE,solar-geolocator-twilight,Calidris ruficollis,BQ916,036-94909,Tracking Red-necked stints along the EAAF
16668352507,TRUE,2019-05-23T07:31:47Z,FALSE,2019-05-23T07:31:47Z,FALSE,FALSE,solar-geolocator-twilight,Calidris ruficollis,BQ916,036-94909,Tracking Red-necked stints along the EAAF
16668352521,TRUE,2019-05-23T21:06:24Z,TRUE,2019-05-23T21:06:24Z,FALSE,FALSE,solar-geolocator-twilight,Calidris ruficollis,BQ916,036-94909,Tracking Red-necked stints along the EAAF
16668352523,TRUE,2019-05-24T07:34:59Z,FALSE,2019-05-24T07:34:59Z,FALSE,FALSE,solar-geolocator-twilight,Calidris ruficollis,BQ916,036-94909,Tracking Red-necked stints along the EAAF
16668352537,TRUE,2019-05-24T20:59:31Z,TRUE,2019-05-24T20:59:31Z,FALSE,FALSE,solar-geolocator-twilight,Calidris ruficollis,BQ916,036-94909,Tracking Red-necked stints along the EAAF
16668352539,TRUE,2019-05-25T07:29:17Z,FALSE,2019-05-25T07:29:17Z,FALSE,FALSE,solar-geolocator-twilight,Calidris ruficollis,BQ916,036-94909,Tracking Red-necked stints along the EAAF
16668352553,TRUE,2019-05-25T21:02:57Z,TRUE,2019-05-25T21:02:57Z,FALSE,FALSE,solar-geolocator-twilight,Calidris ruficollis,BQ916,036-94909,Tracking Red-necked stints along the EAAF
16668352555,TRUE,2019-05-26T07:23:27Z,FALSE,2019-05-26T07:23:27Z,FALSE,FALSE,solar-geolocator-twilight,Calidris ruficollis,BQ916,036-94909,Tracking Red-necked stints along the EAAF
16668352569,TRUE,2019-05-26T21:17:43Z,TRUE,2019-05-26T21:17:43Z,FALSE,FALSE,solar-geolocator-twilight,Calidris ruficollis,BQ916,036-94909,Tracking Red-necked stints along the EAAF
16668352571,TRUE,2019-05-27T07:20:26Z,FALSE,2019-05-27T07:20:26Z,FALSE,FALSE,solar-geolocator-twilight,Calidris ruficollis,BQ916,036-94909,Tracking Red-necked stints along the EAAF
16668352585,TRUE,2019-05-27T21:10:08Z,TRUE,2019-05-27T21:10:08Z,FALSE,FALSE,solar-geolocator-twilight,Calidris ruficollis,BQ916,036-94909,Tracking Red-necked stints along the EAAF
16668352587,TRUE,2019-05-28T07:25:20Z,FALSE,2019-05-28T07:25:20Z,FALSE,FALSE,solar-geolocator-twilight,Calidris ruficollis,BQ916,036-94909,Tracking Red-necked stints along the EAAF
16668352601,TRUE,2019-05-28T21:00:34Z,TRUE,2019-05-28T21:00:34Z,FALSE,FALSE,solar-geolocator-twilight,Calidris ruficollis,BQ916,036-94909,Tracking Red-necked stints along the EAAF
16668352603,TRUE,2019-05-29T07:33:27Z,FALSE,2019-05-29T07:33:27Z,FALSE,FALSE,solar-geolocator-twilight,Calidris ruficollis,BQ916,036-94909,Tracking Red-necked stints along the EAAF
16668352617,TRUE,2019-05-29T21:08:04Z,TRUE,2019-05-29T21:08:04Z,FALSE,FALSE,solar-geolocator-twilight,Calidris ruficollis,BQ916,036-94909,Tracking Red-necked stints along the EAAF
16668352619,TRUE,2019-05-30T07:29:17Z,FALSE,2019-05-30T07:29:17Z,FALSE,FALSE,solar-geolocator-twilight,Calidris ruficollis,BQ916,036-94909,Tracking Red-necked stints along the EAAF
16668352633,TRUE,2019-05-30T21:06:24Z,TRUE,2019-05-30T21:06:24Z,FALSE,FALSE,solar-geolocator-twilight,Calidris ruficollis,BQ916,036-94909,Tracking Red-necked stints along the EAAF
16668352635,TRUE,2019-05-31T07:26:47Z,FALSE,2019-05-31T07:26:47Z,FALSE,FALSE,solar-geolocator-twilight,Calidris ruficollis,BQ916,036-94909,Tracking Red-necked stints along the EAAF
16668352649,TRUE,2019-05-31T21:08:43Z,TRUE,2019-05-31T21:08:43Z,FALSE,FALSE,solar-geolocator-twilight,Calidris ruficollis,BQ916,036-94909,Tracking Red-necked stints along the EAAF
16668352651,TRUE,2019-06-01T07:33:27Z,FALSE,2019-06-01T07:33:27Z,FALSE,FALSE,solar-geolocator-twilight,Calidris ruficollis,BQ916,036-94909,Tracking Red-necked stints along the EAAF
16668352663,TRUE,2019-06-01T21:07:57Z,TRUE,2019-06-01T21:07:57Z,FALSE,FALSE,solar-geolocator-twilight,Calidris ruficollis,BQ916,036-94909,Tracking Red-necked stints along the EAAF
16668352665,TRUE,2019-06-02T07:31:57Z,FALSE,2019-06-02T07:31:57Z,FALSE,FALSE,solar-geolocator-twilight,Calidris ruficollis,BQ916,036-94909,Tracking Red-necked stints along the EAAF
16668352677,TRUE,2019-06-02T21:08:43Z,TRUE,2019-06-02T21:08:43Z,FALSE,FALSE,solar-geolocator-twilight,Calidris ruficollis,BQ916,036-94909,Tracking Red-necked stints along the EAAF
16668352679,TRUE,2019-06-03T07:29:17Z,FALSE,2019-06-03T07:29:17Z,FALSE,FALSE,solar-geolocator-twilight,Calidris ruficollis,BQ916,036-94909,Tracking Red-necked stints along the EAAF
16668352691,TRUE,2019-06-03T20:58:43Z,TRUE,2019-06-03T20:58:43Z,FALSE,FALSE,solar-geolocator-twilight,Calidris ruficollis,BQ916,036-94909,Tracking Red-necked stints along the EAAF
16668352693,TRUE,2019-06-04T07:36:42Z,FALSE,2019-06-04T07:36:42Z,FALSE,FALSE,solar-geolocator-twilight,Calidris ruficollis,BQ916,036-94909,Tracking Red-necked stints along the EAAF
16668352703,TRUE,2019-06-04T21:06:24Z,TRUE,2019-06-04T21:06:24Z,FALSE,FALSE,solar-geolocator-twilight,Calidris ruficollis,BQ916,036-94909,Tracking Red-necked stints along the EAAF
16668352705,TRUE,2019-06-05T07:26:27Z,FALSE,2019-06-05T07:26:27Z,FALSE,FALSE,solar-geolocator-twilight,Calidris ruficollis,BQ916,036-94909,Tracking Red-necked stints along the EAAF
16668352715,TRUE,2019-06-05T21:13:09Z,TRUE,2019-06-05T21:13:09Z,FALSE,FALSE,solar-geolocator-twilight,Calidris ruficollis,BQ916,036-94909,Tracking Red-necked stints along the EAAF
16668352717,TRUE,2019-06-06T07:25:11Z,FALSE,2019-06-06T07:25:11Z,FALSE,FALSE,solar-geolocator-twilight,Calidris ruficollis,BQ916,036-94909,Tracking Red-necked stints along the EAAF
16668352727,TRUE,2019-06-06T21:13:24Z,TRUE,2019-06-06T21:13:24Z,FALSE,FALSE,solar-geolocator-twilight,Calidris ruficollis,BQ916,036-94909,Tracking Red-necked stints along the EAAF
16668352729,TRUE,2019-06-07T07:29:17Z,FALSE,2019-06-07T07:29:17Z,FALSE,FALSE,solar-geolocator-twilight,Calidris ruficollis,BQ916,036-94909,Tracking Red-necked stints along the EAAF
16668352735,TRUE,2019-06-07T21:13:09Z,TRUE,2019-06-07T21:13:09Z,FALSE,FALSE,solar-geolocator-twilight,Calidris ruficollis,BQ916,036-94909,Tracking Red-necked stints along the EAAF
16668352737,TRUE,2019-06-08T07:23:27Z,FALSE,2019-06-08T07:23:27Z,FALSE,FALSE,solar-geolocator-twilight,Calidris ruficollis,BQ916,036-94909,Tracking Red-necked stints along the EAAF
16668352743,TRUE,2019-06-08T21:05:34Z,TRUE,2019-06-08T21:05:34Z,FALSE,FALSE,solar-geolocator-twilight,Calidris ruficollis,BQ916,036-94909,Tracking Red-necked stints along the EAAF
16668352745,TRUE,2019-06-09T07:18:27Z,FALSE,2019-06-09T07:18:27Z,FALSE,FALSE,solar-geolocator-twilight,Calidris ruficollis,BQ916,036-94909,Tracking Red-necked stints along the EAAF
16668352749,TRUE,2019-06-09T21:23:43Z,TRUE,2019-06-09T21:23:43Z,FALSE,FALSE,solar-geolocator-twilight,Calidris ruficollis,BQ916,036-94909,Tracking Red-necked stints along the EAAF
16668352751,TRUE,2019-06-10T07:21:08Z,FALSE,2019-06-10T07:21:08Z,FALSE,FALSE,solar-geolocator-twilight,Calidris ruficollis,BQ916,036-94909,Tracking Red-necked stints along the EAAF
16668352753,TRUE,2019-06-10T21:18:24Z,TRUE,2019-06-10T21:18:24Z,FALSE,FALSE,solar-geolocator-twilight,Calidris ruficollis,BQ916,036-94909,Tracking Red-necked stints along the EAAF
16668352755,TRUE,2019-06-11T07:33:27Z,FALSE,2019-06-11T07:33:27Z,FALSE,FALSE,solar-geolocator-twilight,Calidris ruficollis,BQ916,036-94909,Tracking Red-necked stints along the EAAF
16668352757,TRUE,2019-06-11T21:15:08Z,TRUE,2019-06-11T21:15:08Z,FALSE,FALSE,solar-geolocator-twilight,Calidris ruficollis,BQ916,036-94909,Tracking Red-necked stints along the EAAF
16668352759,TRUE,2019-06-12T07:19:59Z,FALSE,2019-06-12T07:19:59Z,FALSE,FALSE,solar-geolocator-twilight,Calidris ruficollis,BQ916,036-94909,Tracking Red-necked stints along the EAAF
16668352761,TRUE,2019-06-12T21:16:24Z,TRUE,2019-06-12T21:16:24Z,FALSE,FALSE,solar-geolocator-twilight,Calidris ruficollis,BQ916,036-94909,Tracking Red-necked stints along the EAAF
16668352763,TRUE,2019-06-13T07:26:42Z,FALSE,2019-06-13T07:26:42Z,FALSE,FALSE,solar-geolocator-twilight,Calidris ruficollis,BQ916,036-94909,Tracking Red-necked stints along the EAAF
16668352765,TRUE,2019-06-13T21:10:34Z,TRUE,2019-06-13T21:10:34Z,FALSE,FALSE,solar-geolocator-twilight,Calidris ruficollis,BQ916,036-94909,Tracking Red-necked stints along the EAAF
16668352767,TRUE,2019-06-14T07:21:59Z,FALSE,2019-06-14T07:21:59Z,FALSE,FALSE,solar-geolocator-twilight,Calidris ruficollis,BQ916,036-94909,Tracking Red-necked stints along the EAAF
16668352769,TRUE,2019-06-14T21:08:43Z,TRUE,2019-06-14T21:08:43Z,FALSE,FALSE,solar-geolocator-twilight,Calidris ruficollis,BQ916,036-94909,Tracking Red-necked stints along the EAAF
16668352771,TRUE,2019-06-15T07:28:27Z,FALSE,2019-06-15T07:28:27Z,FALSE,FALSE,solar-geolocator-twilight,Calidris ruficollis,BQ916,036-94909,Tracking Red-necked stints along the EAAF
16668352773,TRUE,2019-06-15T21:15:08Z,TRUE,2019-06-15T21:15:08Z,FALSE,FALSE,solar-geolocator-twilight,Calidris ruficollis,BQ916,036-94909,Tracking Red-necked stints along the EAAF
16668352775,TRUE,2019-06-16T07:40:13Z,FALSE,2019-06-16T07:40:13Z,FALSE,FALSE,solar-geolocator-twilight,Calidris ruficollis,BQ916,036-94909,Tracking Red-necked stints along the EAAF
16668352777,TRUE,2019-06-16T21:06:24Z,TRUE,2019-06-16T21:06:24Z,FALSE,FALSE,solar-geolocator-twilight,Calidris ruficollis,BQ916,036-94909,Tracking Red-necked stints along the EAAF
16668352779,TRUE,2019-06-17T07:31:42Z,FALSE,2019-06-17T07:31:42Z,FALSE,FALSE,solar-geolocator-twilight,Calidris ruficollis,BQ916,036-94909,Tracking Red-necked stints along the EAAF
16668352781,TRUE,2019-06-17T21:16:24Z,TRUE,2019-06-17T21:16:24Z,FALSE,FALSE,solar-geolocator-twilight,Calidris ruficollis,BQ916,036-94909,Tracking Red-necked stints along the EAAF
16668352783,TRUE,2019-06-18T07:15:11Z,FALSE,2019-06-18T07:15:11Z,FALSE,FALSE,solar-geolocator-twilight,Calidris ruficollis,BQ916,036-94909,Tracking Red-necked stints along the EAAF
16668352785,TRUE,2019-06-18T21:10:34Z,TRUE,2019-06-18T21:10:34Z,FALSE,FALSE,solar-geolocator-twilight,Calidris ruficollis,BQ916,036-94909,Tracking Red-necked stints along the EAAF
16668352787,TRUE,2019-06-19T07:21:08Z,FALSE,2019-06-19T07:21:08Z,FALSE,FALSE,solar-geolocator-twilight,Calidris ruficollis,BQ916,036-94909,Tracking Red-necked stints along the EAAF
16668352789,TRUE,2019-06-19T21:17:57Z,TRUE,2019-06-19T21:17:57Z,FALSE,FALSE,solar-geolocator-twilight,Calidris ruficollis,BQ916,036-94909,Tracking Red-necked stints along the EAAF
16668352791,TRUE,2019-06-20T07:26:27Z,FALSE,2019-06-20T07:26:27Z,FALSE,FALSE,solar-geolocator-twilight,Calidris ruficollis,BQ916,036-94909,Tracking Red-necked stints along the EAAF
16668352793,TRUE,2019-06-20T21:08:09Z,TRUE,2019-06-20T21:08:09Z,FALSE,FALSE,solar-geolocator-twilight,Calidris ruficollis,BQ916,036-94909,Tracking Red-necked stints along the EAAF
16668352795,TRUE,2019-06-21T07:25:49Z,FALSE,2019-06-21T07:25:49Z,FALSE,FALSE,solar-geolocator-twilight,Calidris ruficollis,BQ916,036-94909,Tracking Red-necked stints along the EAAF
16668352798,TRUE,2019-06-21T21:08:04Z,TRUE,2019-06-21T21:08:04Z,FALSE,FALSE,solar-geolocator-twilight,Calidris ruficollis,BQ916,036-94909,Tracking Red-necked stints along the EAAF
16668352799,TRUE,2019-06-22T07:29:59Z,FALSE,2019-06-22T07:29:59Z,FALSE,FALSE,solar-geolocator-twilight,Calidris ruficollis,BQ916,036-94909,Tracking Red-necked stints along the EAAF
16668352802,TRUE,2019-06-22T21:15:34Z,TRUE,2019-06-22T21:15:34Z,FALSE,FALSE,solar-geolocator-twilight,Calidris ruficollis,BQ916,036-94909,Tracking Red-necked stints along the EAAF
16668352803,TRUE,2019-06-23T07:02:09Z,FALSE,2019-06-23T07:02:09Z,FALSE,FALSE,solar-geolocator-twilight,Calidris ruficollis,BQ916,036-94909,Tracking Red-necked stints along the EAAF
16668352806,TRUE,2019-06-23T21:18:43Z,TRUE,2019-06-23T21:18:43Z,FALSE,FALSE,solar-geolocator-twilight,Calidris ruficollis,BQ916,036-94909,Tracking Red-necked stints along the EAAF
16668352807,TRUE,2019-06-24T07:44:18Z,FALSE,2019-06-24T07:44:18Z,FALSE,FALSE,solar-geolocator-twilight,Calidris ruficollis,BQ916,036-94909,Tracking Red-necked stints along the EAAF
16668352810,TRUE,2019-06-24T21:27:38Z,TRUE,2019-06-24T21:27:38Z,FALSE,FALSE,solar-geolocator-twilight,Calidris ruficollis,BQ916,036-94909,Tracking Red-necked stints along the EAAF
16668352811,TRUE,2019-06-25T07:37:07Z,FALSE,2019-06-25T07:37:07Z,FALSE,FALSE,solar-geolocator-twilight,Calidris ruficollis,BQ916,036-94909,Tracking Red-necked stints along the EAAF
16668352814,TRUE,2019-06-25T21:16:25Z,TRUE,2019-06-25T21:16:25Z,FALSE,FALSE,solar-geolocator-twilight,Calidris ruficollis,BQ916,036-94909,Tracking Red-necked stints along the EAAF
16668352815,TRUE,2019-06-26T07:38:28Z,FALSE,2019-06-26T07:38:28Z,FALSE,FALSE,solar-geolocator-twilight,Calidris ruficollis,BQ916,036-94909,Tracking Red-necked stints along the EAAF
16668352818,TRUE,2019-06-26T21:37:37Z,TRUE,2019-06-26T21:37:37Z,FALSE,FALSE,solar-geolocator-twilight,Calidris ruficollis,BQ916,036-94909,Tracking Red-necked stints along the EAAF
16668352819,TRUE,2019-06-27T07:43:28Z,FALSE,2019-06-27T07:43:28Z,FALSE,FALSE,solar-geolocator-twilight,Calidris ruficollis,BQ916,036-94909,Tracking Red-necked stints along the EAAF
16668352822,TRUE,2019-06-27T21:21:25Z,TRUE,2019-06-27T21:21:25Z,FALSE,FALSE,solar-geolocator-twilight,Calidris ruficollis,BQ916,036-94909,Tracking Red-necked stints along the EAAF
16668352823,TRUE,2019-06-28T07:36:09Z,FALSE,2019-06-28T07:36:09Z,FALSE,FALSE,solar-geolocator-twilight,Calidris ruficollis,BQ916,036-94909,Tracking Red-necked stints along the EAAF
16668352826,TRUE,2019-06-28T21:24:39Z,TRUE,2019-06-28T21:24:39Z,FALSE,FALSE,solar-geolocator-twilight,Calidris ruficollis,BQ916,036-94909,Tracking Red-necked stints along the EAAF
16668352827,TRUE,2019-06-29T07:10:14Z,FALSE,2019-06-29T07:10:14Z,FALSE,FALSE,solar-geolocator-twilight,Calidris ruficollis,BQ916,036-94909,Tracking Red-necked stints along the EAAF
16668352830,TRUE,2019-06-29T21:13:44Z,TRUE,2019-06-29T21:13:44Z,FALSE,FALSE,solar-geolocator-twilight,Calidris ruficollis,BQ916,036-94909,Tracking Red-necked stints along the EAAF
16668352831,TRUE,2019-06-30T07:43:28Z,FALSE,2019-06-30T07:43:28Z,FALSE,FALSE,solar-geolocator-twilight,Calidris ruficollis,BQ916,036-94909,Tracking Red-necked stints along the EAAF
16668352834,TRUE,2019-06-30T21:04:53Z,TRUE,2019-06-30T21:04:53Z,FALSE,FALSE,solar-geolocator-twilight,Calidris ruficollis,BQ916,036-94909,Tracking Red-necked stints along the EAAF
16668352835,TRUE,2019-07-01T07:31:48Z,FALSE,2019-07-01T07:31:48Z,FALSE,FALSE,solar-geolocator-twilight,Calidris ruficollis,BQ916,036-94909,Tracking Red-necked stints along the EAAF
16668352838,TRUE,2019-07-01T21:18:10Z,TRUE,2019-07-01T21:18:10Z,FALSE,FALSE,solar-geolocator-twilight,Calidris ruficollis,BQ916,036-94909,Tracking Red-necked stints along the EAAF
16668352839,TRUE,2019-07-02T07:29:44Z,FALSE,2019-07-02T07:29:44Z,FALSE,FALSE,solar-geolocator-twilight,Calidris ruficollis,BQ916,036-94909,Tracking Red-necked stints along the EAAF
16668352842,TRUE,2019-07-02T21:11:25Z,TRUE,2019-07-02T21:11:25Z,FALSE,FALSE,solar-geolocator-twilight,Calidris ruficollis,BQ916,036-94909,Tracking Red-necked stints along the EAAF
16668352843,TRUE,2019-07-03T07:36:48Z,FALSE,2019-07-03T07:36:48Z,FALSE,FALSE,solar-geolocator-twilight,Calidris ruficollis,BQ916,036-94909,Tracking Red-necked stints along the EAAF
16668352846,TRUE,2019-07-03T21:05:35Z,TRUE,2019-07-03T21:05:35Z,FALSE,FALSE,solar-geolocator-twilight,Calidris ruficollis,BQ916,036-94909,Tracking Red-necked stints along the EAAF
16668352847,TRUE,2019-07-04T07:39:18Z,FALSE,2019-07-04T07:39:18Z,FALSE,FALSE,solar-geolocator-twilight,Calidris ruficollis,BQ916,036-94909,Tracking Red-necked stints along the EAAF
16668352852,TRUE,2019-07-04T21:01:25Z,TRUE,2019-07-04T21:01:25Z,FALSE,FALSE,solar-geolocator-twilight,Calidris ruficollis,BQ916,036-94909,Tracking Red-necked stints along the EAAF
16668352853,TRUE,2019-07-05T07:40:00Z,FALSE,2019-07-05T07:40:00Z,FALSE,FALSE,solar-geolocator-twilight,Calidris ruficollis,BQ916,036-94909,Tracking Red-necked stints along the EAAF
16668352856,TRUE,2019-07-05T21:01:25Z,TRUE,2019-07-05T21:01:25Z,FALSE,FALSE,solar-geolocator-twilight,Calidris ruficollis,BQ916,036-94909,Tracking Red-necked stints along the EAAF
16668352857,TRUE,2019-07-06T07:39:44Z,FALSE,2019-07-06T07:39:44Z,FALSE,FALSE,solar-geolocator-twilight,Calidris ruficollis,BQ916,036-94909,Tracking Red-necked stints along the EAAF
16668352862,TRUE,2019-07-06T21:14:41Z,TRUE,2019-07-06T21:14:41Z,FALSE,FALSE,solar-geolocator-twilight,Calidris ruficollis,BQ916,036-94909,Tracking Red-necked stints along the EAAF
16668352863,TRUE,2019-07-07T07:13:28Z,FALSE,2019-07-07T07:13:28Z,FALSE,FALSE,solar-geolocator-twilight,Calidris ruficollis,BQ916,036-94909,Tracking Red-necked stints along the EAAF
16668352868,TRUE,2019-07-07T21:23:25Z,TRUE,2019-07-07T21:23:25Z,FALSE,FALSE,solar-geolocator-twilight,Calidris ruficollis,BQ916,036-94909,Tracking Red-necked stints along the EAAF
16668352869,TRUE,2019-07-08T07:34:18Z,FALSE,2019-07-08T07:34:18Z,FALSE,FALSE,solar-geolocator-twilight,Calidris ruficollis,BQ916,036-94909,Tracking Red-necked stints along the EAAF
16668352872,TRUE,2019-07-08T21:37:46Z,TRUE,2019-07-08T21:37:46Z,FALSE,FALSE,solar-geolocator-twilight,Calidris ruficollis,BQ916,036-94909,Tracking Red-necked stints along the EAAF
16668352873,TRUE,2019-07-09T07:41:07Z,FALSE,2019-07-09T07:41:07Z,FALSE,FALSE,solar-geolocator-twilight,Calidris ruficollis,BQ916,036-94909,Tracking Red-necked stints along the EAAF
16668352876,TRUE,2019-07-09T21:27:39Z,TRUE,2019-07-09T21:27:39Z,FALSE,FALSE,solar-geolocator-twilight,Calidris ruficollis,BQ916,036-94909,Tracking Red-necked stints along the EAAF
16668352877,TRUE,2019-07-10T07:30:27Z,FALSE,2019-07-10T07:30:27Z,FALSE,FALSE,solar-geolocator-twilight,Calidris ruficollis,BQ916,036-94909,Tracking Red-necked stints along the EAAF
16668352880,TRUE,2019-07-10T21:21:25Z,TRUE,2019-07-10T21:21:25Z,FALSE,FALSE,solar-geolocator-twilight,Calidris ruficollis,BQ916,036-94909,Tracking Red-necked stints along the EAAF
16668352881,TRUE,2019-07-11T07:31:48Z,FALSE,2019-07-11T07:31:48Z,FALSE,FALSE,solar-geolocator-twilight,Calidris ruficollis,BQ916,036-94909,Tracking Red-necked stints along the EAAF
16668352884,TRUE,2019-07-11T21:28:05Z,TRUE,2019-07-11T21:28:05Z,FALSE,FALSE,solar-geolocator-twilight,Calidris ruficollis,BQ916,036-94909,Tracking Red-necked stints along the EAAF
16668352885,TRUE,2019-07-12T07:31:53Z,FALSE,2019-07-12T07:31:53Z,FALSE,FALSE,solar-geolocator-twilight,Calidris ruficollis,BQ916,036-94909,Tracking Red-necked stints along the EAAF
16668352888,TRUE,2019-07-12T21:21:25Z,TRUE,2019-07-12T21:21:25Z,FALSE,FALSE,solar-geolocator-twilight,Calidris ruficollis,BQ916,036-94909,Tracking Red-necked stints along the EAAF
16668352889,TRUE,2019-07-13T07:40:00Z,FALSE,2019-07-13T07:40:00Z,FALSE,FALSE,solar-geolocator-twilight,Calidris ruficollis,BQ916,036-94909,Tracking Red-necked stints along the EAAF
16668352894,TRUE,2019-07-13T21:15:09Z,TRUE,2019-07-13T21:15:09Z,FALSE,FALSE,solar-geolocator-twilight,Calidris ruficollis,BQ916,036-94909,Tracking Red-necked stints along the EAAF
16668352895,TRUE,2019-07-14T07:33:28Z,FALSE,2019-07-14T07:33:28Z,FALSE,FALSE,solar-geolocator-twilight,Calidris ruficollis,BQ916,036-94909,Tracking Red-necked stints along the EAAF
16668352900,TRUE,2019-07-14T21:08:44Z,TRUE,2019-07-14T21:08:44Z,FALSE,FALSE,solar-geolocator-twilight,Calidris ruficollis,BQ916,036-94909,Tracking Red-necked stints along the EAAF
16668352901,TRUE,2019-07-15T07:36:09Z,FALSE,2019-07-15T07:36:09Z,FALSE,FALSE,solar-geolocator-twilight,Calidris ruficollis,BQ916,036-94909,Tracking Red-necked stints along the EAAF
16668352908,TRUE,2019-07-15T21:14:53Z,TRUE,2019-07-15T21:14:53Z,FALSE,FALSE,solar-geolocator-twilight,Calidris ruficollis,BQ916,036-94909,Tracking Red-necked stints along the EAAF
16668352909,TRUE,2019-07-16T07:42:06Z,FALSE,2019-07-16T07:42:06Z,FALSE,FALSE,solar-geolocator-twilight,Calidris ruficollis,BQ916,036-94909,Tracking Red-necked stints along the EAAF
16668352916,TRUE,2019-07-16T21:13:16Z,TRUE,2019-07-16T21:13:16Z,FALSE,FALSE,solar-geolocator-twilight,Calidris ruficollis,BQ916,036-94909,Tracking Red-necked stints along the EAAF
16668352917,TRUE,2019-07-17T07:39:44Z,FALSE,2019-07-17T07:39:44Z,FALSE,FALSE,solar-geolocator-twilight,Calidris ruficollis,BQ916,036-94909,Tracking Red-necked stints along the EAAF
16668352924,TRUE,2019-07-17T21:10:35Z,TRUE,2019-07-17T21:10:35Z,FALSE,FALSE,solar-geolocator-twilight,Calidris ruficollis,BQ916,036-94909,Tracking Red-necked stints along the EAAF
16668352925,TRUE,2019-07-18T07:39:44Z,FALSE,2019-07-18T07:39:44Z,FALSE,FALSE,solar-geolocator-twilight,Calidris ruficollis,BQ916,036-94909,Tracking Red-necked stints along the EAAF
16668352932,TRUE,2019-07-18T21:08:25Z,TRUE,2019-07-18T21:08:25Z,FALSE,FALSE,solar-geolocator-twilight,Calidris ruficollis,BQ916,036-94909,Tracking Red-necked stints along the EAAF
16668352933,TRUE,2019-07-19T07:43:28Z,FALSE,2019-07-19T07:43:28Z,FALSE,FALSE,solar-geolocator-twilight,Calidris ruficollis,BQ916,036-94909,Tracking Red-necked stints along the EAAF
16668352942,TRUE,2019-07-19T20:59:32Z,TRUE,2019-07-19T20:59:32Z,FALSE,FALSE,solar-geolocator-twilight,Calidris ruficollis,BQ916,036-94909,Tracking Red-necked stints along the EAAF
16668352943,TRUE,2019-07-20T07:41:43Z,FALSE,2019-07-20T07:41:43Z,FALSE,FALSE,solar-geolocator-twilight,Calidris ruficollis,BQ916,036-94909,Tracking Red-necked stints along the EAAF
16668352952,TRUE,2019-07-20T21:18:44Z,TRUE,2019-07-20T21:18:44Z,FALSE,FALSE,solar-geolocator-twilight,Calidris ruficollis,BQ916,036-94909,Tracking Red-necked stints along the EAAF
16668352953,TRUE,2019-07-21T07:36:28Z,FALSE,2019-07-21T07:36:28Z,FALSE,FALSE,solar-geolocator-twilight,Calidris ruficollis,BQ916,036-94909,Tracking Red-necked stints along the EAAF
16668352964,TRUE,2019-07-21T21:06:25Z,TRUE,2019-07-21T21:06:25Z,FALSE,FALSE,solar-geolocator-twilight,Calidris ruficollis,BQ916,036-94909,Tracking Red-necked stints along the EAAF
16668352965,TRUE,2019-07-22T07:36:58Z,FALSE,2019-07-22T07:36:58Z,FALSE,FALSE,solar-geolocator-twilight,Calidris ruficollis,BQ916,036-94909,Tracking Red-necked stints along the EAAF
16668352976,TRUE,2019-07-22T21:13:25Z,TRUE,2019-07-22T21:13:25Z,FALSE,FALSE,solar-geolocator-twilight,Calidris ruficollis,BQ916,036-94909,Tracking Red-necked stints along the EAAF
16668352977,TRUE,2019-07-23T07:16:48Z,FALSE,2019-07-23T07:16:48Z,FALSE,FALSE,solar-geolocator-twilight,Calidris ruficollis,BQ916,036-94909,Tracking Red-necked stints along the EAAF
16668352990,TRUE,2019-07-23T21:09:39Z,TRUE,2019-07-23T21:09:39Z,FALSE,FALSE,solar-geolocator-twilight,Calidris ruficollis,BQ916,036-94909,Tracking Red-necked stints along the EAAF
16668352991,TRUE,2019-07-24T07:38:28Z,FALSE,2019-07-24T07:38:28Z,FALSE,FALSE,solar-geolocator-twilight,Calidris ruficollis,BQ916,036-94909,Tracking Red-necked stints along the EAAF
16668353006,TRUE,2019-07-24T21:14:53Z,TRUE,2019-07-24T21:14:53Z,FALSE,FALSE,solar-geolocator-twilight,Calidris ruficollis,BQ916,036-94909,Tracking Red-necked stints along the EAAF
16668353007,TRUE,2019-07-25T07:39:18Z,FALSE,2019-07-25T07:39:18Z,FALSE,FALSE,solar-geolocator-twilight,Calidris ruficollis,BQ916,036-94909,Tracking Red-necked stints along the EAAF
16668353022,TRUE,2019-07-25T21:13:25Z,TRUE,2019-07-25T21:13:25Z,FALSE,FALSE,solar-geolocator-twilight,Calidris ruficollis,BQ916,036-94909,Tracking Red-necked stints along the EAAF
16668353023,TRUE,2019-07-26T07:26:07Z,FALSE,2019-07-26T07:26:07Z,FALSE,FALSE,solar-geolocator-twilight,Calidris ruficollis,BQ916,036-94909,Tracking Red-necked stints along the EAAF
16668353038,TRUE,2019-07-26T21:08:16Z,TRUE,2019-07-26T21:08:16Z,FALSE,FALSE,solar-geolocator-twilight,Calidris ruficollis,BQ916,036-94909,Tracking Red-necked stints along the EAAF
16668353039,TRUE,2019-07-27T07:43:28Z,FALSE,2019-07-27T07:43:28Z,FALSE,FALSE,solar-geolocator-twilight,Calidris ruficollis,BQ916,036-94909,Tracking Red-necked stints along the EAAF
16668353054,TRUE,2019-07-27T21:08:44Z,TRUE,2019-07-27T21:08:44Z,FALSE,FALSE,solar-geolocator-twilight,Calidris ruficollis,BQ916,036-94909,Tracking Red-necked stints along the EAAF
16668353055,TRUE,2019-07-28T07:41:55Z,FALSE,2019-07-28T07:41:55Z,FALSE,FALSE,solar-geolocator-twilight,Calidris ruficollis,BQ916,036-94909,Tracking Red-necked stints along the EAAF
16668353069,TRUE,2019-07-28T21:08:25Z,TRUE,2019-07-28T21:08:25Z,FALSE,FALSE,solar-geolocator-twilight,Calidris ruficollis,BQ916,036-94909,Tracking Red-necked stints along the EAAF
16668353071,TRUE,2019-07-29T07:42:10Z,FALSE,2019-07-29T07:42:10Z,FALSE,FALSE,solar-geolocator-twilight,Calidris ruficollis,BQ916,036-94909,Tracking Red-necked stints along the EAAF
16668353085,TRUE,2019-07-29T21:06:25Z,TRUE,2019-07-29T21:06:25Z,FALSE,FALSE,solar-geolocator-twilight,Calidris ruficollis,BQ916,036-94909,Tracking Red-necked stints along the EAAF
16668353087,TRUE,2019-07-30T07:54:44Z,FALSE,2019-07-30T07:54:44Z,FALSE,FALSE,solar-geolocator-twilight,Calidris ruficollis,BQ916,036-94909,Tracking Red-necked stints along the EAAF
16668353101,TRUE,2019-07-30T20:59:26Z,TRUE,2019-07-30T20:59:26Z,FALSE,FALSE,solar-geolocator-twilight,Calidris ruficollis,BQ916,036-94909,Tracking Red-necked stints along the EAAF
16668353103,TRUE,2019-07-31T07:51:58Z,FALSE,2019-07-31T07:51:58Z,FALSE,FALSE,solar-geolocator-twilight,Calidris ruficollis,BQ916,036-94909,Tracking Red-necked stints along the EAAF
16668353116,TRUE,2019-07-31T21:10:09Z,TRUE,2019-07-31T21:10:09Z,FALSE,FALSE,solar-geolocator-twilight,Calidris ruficollis,BQ916,036-94909,Tracking Red-necked stints along the EAAF
16668353119,TRUE,2019-08-01T07:53:28Z,FALSE,2019-08-01T07:53:28Z,FALSE,FALSE,solar-geolocator-twilight,Calidris ruficollis,BQ916,036-94909,Tracking Red-necked stints along the EAAF
16668353131,TRUE,2019-08-01T21:10:35Z,TRUE,2019-08-01T21:10:35Z,FALSE,FALSE,solar-geolocator-twilight,Calidris ruficollis,BQ916,036-94909,Tracking Red-necked stints along the EAAF
16668353135,TRUE,2019-08-02T07:50:12Z,FALSE,2019-08-02T07:50:12Z,FALSE,FALSE,solar-geolocator-twilight,Calidris ruficollis,BQ916,036-94909,Tracking Red-necked stints along the EAAF
16668353147,TRUE,2019-08-02T21:06:25Z,TRUE,2019-08-02T21:06:25Z,FALSE,FALSE,solar-geolocator-twilight,Calidris ruficollis,BQ916,036-94909,Tracking Red-necked stints along the EAAF
16668353151,TRUE,2019-08-03T07:45:14Z,FALSE,2019-08-03T07:45:14Z,FALSE,FALSE,solar-geolocator-twilight,Calidris ruficollis,BQ916,036-94909,Tracking Red-necked stints along the EAAF
16668353163,TRUE,2019-08-03T21:01:25Z,TRUE,2019-08-03T21:01:25Z,FALSE,FALSE,solar-geolocator-twilight,Calidris ruficollis,BQ916,036-94909,Tracking Red-necked stints along the EAAF
16668353167,TRUE,2019-08-04T07:35:58Z,FALSE,2019-08-04T07:35:58Z,FALSE,FALSE,solar-geolocator-twilight,Calidris ruficollis,BQ916,036-94909,Tracking Red-necked stints along the EAAF
16668353179,TRUE,2019-08-04T21:00:09Z,TRUE,2019-08-04T21:00:09Z,FALSE,FALSE,solar-geolocator-twilight,Calidris ruficollis,BQ916,036-94909,Tracking Red-necked stints along the EAAF
16668353183,TRUE,2019-08-05T07:44:44Z,FALSE,2019-08-05T07:44:44Z,FALSE,FALSE,solar-geolocator-twilight,Calidris ruficollis,BQ916,036-94909,Tracking Red-necked stints along the EAAF
16668353195,TRUE,2019-08-05T21:03:25Z,TRUE,2019-08-05T21:03:25Z,FALSE,FALSE,solar-geolocator-twilight,Calidris ruficollis,BQ916,036-94909,Tracking Red-necked stints along the EAAF
16668353199,TRUE,2019-08-06T07:48:28Z,FALSE,2019-08-06T07:48:28Z,FALSE,FALSE,solar-geolocator-twilight,Calidris ruficollis,BQ916,036-94909,Tracking Red-necked stints along the EAAF
16668353211,TRUE,2019-08-06T21:06:25Z,TRUE,2019-08-06T21:06:25Z,FALSE,FALSE,solar-geolocator-twilight,Calidris ruficollis,BQ916,036-94909,Tracking Red-necked stints along the EAAF
16668353215,TRUE,2019-08-07T07:40:14Z,FALSE,2019-08-07T07:40:14Z,FALSE,FALSE,solar-geolocator-twilight,Calidris ruficollis,BQ916,036-94909,Tracking Red-necked stints along the EAAF
16668353227,TRUE,2019-08-07T21:01:25Z,TRUE,2019-08-07T21:01:25Z,FALSE,FALSE,solar-geolocator-twilight,Calidris ruficollis,BQ916,036-94909,Tracking Red-necked stints along the EAAF
16668353231,TRUE,2019-08-08T07:53:28Z,FALSE,2019-08-08T07:53:28Z,FALSE,FALSE,solar-geolocator-twilight,Calidris ruficollis,BQ916,036-94909,Tracking Red-necked stints along the EAAF
16668353243,TRUE,2019-08-08T21:02:49Z,TRUE,2019-08-08T21:02:49Z,FALSE,FALSE,solar-geolocator-twilight,Calidris ruficollis,BQ916,036-94909,Tracking Red-necked stints along the EAAF
16668353247,TRUE,2019-08-09T07:55:14Z,FALSE,2019-08-09T07:55:14Z,FALSE,FALSE,solar-geolocator-twilight,Calidris ruficollis,BQ916,036-94909,Tracking Red-necked stints along the EAAF
16668353256,TRUE,2019-08-09T20:51:25Z,TRUE,2019-08-09T20:51:25Z,FALSE,FALSE,solar-geolocator-twilight,Calidris ruficollis,BQ916,036-94909,Tracking Red-necked stints along the EAAF
16668353263,TRUE,2019-08-10T07:46:28Z,FALSE,2019-08-10T07:46:28Z,FALSE,FALSE,solar-geolocator-twilight,Calidris ruficollis,BQ916,036-94909,Tracking Red-necked stints along the EAAF
16668353272,TRUE,2019-08-10T20:53:44Z,TRUE,2019-08-10T20:53:44Z,FALSE,FALSE,solar-geolocator-twilight,Calidris ruficollis,BQ916,036-94909,Tracking Red-necked stints along the EAAF
16668353279,TRUE,2019-08-11T08:00:00Z,FALSE,2019-08-11T08:00:00Z,FALSE,FALSE,solar-geolocator-twilight,Calidris ruficollis,BQ916,036-94909,Tracking Red-necked stints along the EAAF
16668353288,TRUE,2019-08-11T20:50:35Z,TRUE,2019-08-11T20:50:35Z,FALSE,FALSE,solar-geolocator-twilight,Calidris ruficollis,BQ916,036-94909,Tracking Red-necked stints along the EAAF
16668353295,TRUE,2019-08-12T07:51:55Z,FALSE,2019-08-12T07:51:55Z,FALSE,FALSE,solar-geolocator-twilight,Calidris ruficollis,BQ916,036-94909,Tracking Red-necked stints along the EAAF
16668353304,TRUE,2019-08-12T20:56:25Z,TRUE,2019-08-12T20:56:25Z,FALSE,FALSE,solar-geolocator-twilight,Calidris ruficollis,BQ916,036-94909,Tracking Red-necked stints along the EAAF
16668353311,TRUE,2019-08-13T08:00:12Z,FALSE,2019-08-13T08:00:12Z,FALSE,FALSE,solar-geolocator-twilight,Calidris ruficollis,BQ916,036-94909,Tracking Red-necked stints along the EAAF
16668353320,TRUE,2019-08-13T20:51:25Z,TRUE,2019-08-13T20:51:25Z,FALSE,FALSE,solar-geolocator-twilight,Calidris ruficollis,BQ916,036-94909,Tracking Red-necked stints along the EAAF
16668353327,TRUE,2019-08-14T07:55:37Z,FALSE,2019-08-14T07:55:37Z,FALSE,FALSE,solar-geolocator-twilight,Calidris ruficollis,BQ916,036-94909,Tracking Red-necked stints along the EAAF
16668353336,TRUE,2019-08-14T20:48:51Z,TRUE,2019-08-14T20:48:51Z,FALSE,FALSE,solar-geolocator-twilight,Calidris ruficollis,BQ916,036-94909,Tracking Red-necked stints along the EAAF
16668353343,TRUE,2019-08-15T07:55:12Z,FALSE,2019-08-15T07:55:12Z,FALSE,FALSE,solar-geolocator-twilight,Calidris ruficollis,BQ916,036-94909,Tracking Red-necked stints along the EAAF
16668353353,TRUE,2019-08-15T20:59:40Z,TRUE,2019-08-15T20:59:40Z,FALSE,FALSE,solar-geolocator-twilight,Calidris ruficollis,BQ916,036-94909,Tracking Red-necked stints along the EAAF
16668353359,TRUE,2019-08-16T07:58:29Z,FALSE,2019-08-16T07:58:29Z,FALSE,FALSE,solar-geolocator-twilight,Calidris ruficollis,BQ916,036-94909,Tracking Red-necked stints along the EAAF
16668353368,TRUE,2019-08-16T20:50:10Z,TRUE,2019-08-16T20:50:10Z,FALSE,FALSE,solar-geolocator-twilight,Calidris ruficollis,BQ916,036-94909,Tracking Red-necked stints along the EAAF
16668353375,TRUE,2019-08-17T08:01:56Z,FALSE,2019-08-17T08:01:56Z,FALSE,FALSE,solar-geolocator-twilight,Calidris ruficollis,BQ916,036-94909,Tracking Red-necked stints along the EAAF
16668353384,TRUE,2019-08-17T20:56:26Z,TRUE,2019-08-17T20:56:26Z,FALSE,FALSE,solar-geolocator-twilight,Calidris ruficollis,BQ916,036-94909,Tracking Red-necked stints along the EAAF
16668353391,TRUE,2019-08-18T07:45:22Z,FALSE,2019-08-18T07:45:22Z,FALSE,FALSE,solar-geolocator-twilight,Calidris ruficollis,BQ916,036-94909,Tracking Red-necked stints along the EAAF
16668353400,TRUE,2019-08-18T20:49:54Z,TRUE,2019-08-18T20:49:54Z,FALSE,FALSE,solar-geolocator-twilight,Calidris ruficollis,BQ916,036-94909,Tracking Red-necked stints along the EAAF
16668353407,TRUE,2019-08-19T08:05:01Z,FALSE,2019-08-19T08:05:01Z,FALSE,FALSE,solar-geolocator-twilight,Calidris ruficollis,BQ916,036-94909,Tracking Red-necked stints along the EAAF
16668353416,TRUE,2019-08-19T20:50:36Z,TRUE,2019-08-19T20:50:36Z,FALSE,FALSE,solar-geolocator-twilight,Calidris ruficollis,BQ916,036-94909,Tracking Red-necked stints along the EAAF
16668353423,TRUE,2019-08-20T08:00:01Z,FALSE,2019-08-20T08:00:01Z,FALSE,FALSE,solar-geolocator-twilight,Calidris ruficollis,BQ916,036-94909,Tracking Red-necked stints along the EAAF
16668353431,TRUE,2019-08-20T20:40:36Z,TRUE,2019-08-20T20:40:36Z,FALSE,FALSE,solar-geolocator-twilight,Calidris ruficollis,BQ916,036-94909,Tracking Red-necked stints along the EAAF
16668353439,TRUE,2019-08-21T07:56:10Z,FALSE,2019-08-21T07:56:10Z,FALSE,FALSE,solar-geolocator-twilight,Calidris ruficollis,BQ916,036-94909,Tracking Red-necked stints along the EAAF
16668353448,TRUE,2019-08-21T20:36:26Z,TRUE,2019-08-21T20:36:26Z,FALSE,FALSE,solar-geolocator-twilight,Calidris ruficollis,BQ916,036-94909,Tracking Red-necked stints along the EAAF
16668353455,TRUE,2019-08-22T08:06:29Z,FALSE,2019-08-22T08:06:29Z,FALSE,FALSE,solar-geolocator-twilight,Calidris ruficollis,BQ916,036-94909,Tracking Red-necked stints along the EAAF
16668353463,TRUE,2019-08-22T20:33:45Z,TRUE,2019-08-22T20:33:45Z,FALSE,FALSE,solar-geolocator-twilight,Calidris ruficollis,BQ916,036-94909,Tracking Red-necked stints along the EAAF
16668353471,TRUE,2019-08-23T08:09:45Z,FALSE,2019-08-23T08:09:45Z,FALSE,FALSE,solar-geolocator-twilight,Calidris ruficollis,BQ916,036-94909,Tracking Red-necked stints along the EAAF
16668353479,TRUE,2019-08-23T20:36:26Z,TRUE,2019-08-23T20:36:26Z,FALSE,FALSE,solar-geolocator-twilight,Calidris ruficollis,BQ916,036-94909,Tracking Red-necked stints along the EAAF
16668353487,TRUE,2019-08-24T08:03:29Z,FALSE,2019-08-24T08:03:29Z,FALSE,FALSE,solar-geolocator-twilight,Calidris ruficollis,BQ916,036-94909,Tracking Red-necked stints along the EAAF
16668353495,TRUE,2019-08-24T20:31:26Z,TRUE,2019-08-24T20:31:26Z,FALSE,FALSE,solar-geolocator-twilight,Calidris ruficollis,BQ916,036-94909,Tracking Red-necked stints along the EAAF
16668353503,TRUE,2019-08-25T08:11:38Z,FALSE,2019-08-25T08:11:38Z,FALSE,FALSE,solar-geolocator-twilight,Calidris ruficollis,BQ916,036-94909,Tracking Red-necked stints along the EAAF
16668353511,TRUE,2019-08-25T20:41:26Z,TRUE,2019-08-25T20:41:26Z,FALSE,FALSE,solar-geolocator-twilight,Calidris ruficollis,BQ916,036-94909,Tracking Red-necked stints along the EAAF
16668353519,TRUE,2019-08-26T08:08:29Z,FALSE,2019-08-26T08:08:29Z,FALSE,FALSE,solar-geolocator-twilight,Calidris ruficollis,BQ916,036-94909,Tracking Red-necked stints along the EAAF
16668353527,TRUE,2019-08-26T20:38:26Z,TRUE,2019-08-26T20:38:26Z,FALSE,FALSE,solar-geolocator-twilight,Calidris ruficollis,BQ916,036-94909,Tracking Red-necked stints along the EAAF
16668353535,TRUE,2019-08-27T08:08:29Z,FALSE,2019-08-27T08:08:29Z,FALSE,FALSE,solar-geolocator-twilight,Calidris ruficollis,BQ916,036-94909,Tracking Red-necked stints along the EAAF
16668353543,TRUE,2019-08-27T20:36:26Z,TRUE,2019-08-27T20:36:26Z,FALSE,FALSE,solar-geolocator-twilight,Calidris ruficollis,BQ916,036-94909,Tracking Red-necked stints along the EAAF
16668353551,TRUE,2019-08-28T08:11:38Z,FALSE,2019-08-28T08:11:38Z,FALSE,FALSE,solar-geolocator-twilight,Calidris ruficollis,BQ916,036-94909,Tracking Red-necked stints along the EAAF
16668353559,TRUE,2019-08-28T20:26:26Z,TRUE,2019-08-28T20:26:26Z,FALSE,FALSE,solar-geolocator-twilight,Calidris ruficollis,BQ916,036-94909,Tracking Red-necked stints along the EAAF
16668353567,TRUE,2019-08-29T08:16:10Z,FALSE,2019-08-29T08:16:10Z,FALSE,FALSE,solar-geolocator-twilight,Calidris ruficollis,BQ916,036-94909,Tracking Red-necked stints along the EAAF
16668353575,TRUE,2019-08-29T20:24:27Z,TRUE,2019-08-29T20:24:27Z,FALSE,FALSE,solar-geolocator-twilight,Calidris ruficollis,BQ916,036-94909,Tracking Red-necked stints along the EAAF
16668353583,TRUE,2019-08-30T08:20:34Z,FALSE,2019-08-30T08:20:34Z,FALSE,FALSE,solar-geolocator-twilight,Calidris ruficollis,BQ916,036-94909,Tracking Red-necked stints along the EAAF
16668353591,TRUE,2019-08-30T20:22:53Z,TRUE,2019-08-30T20:22:53Z,FALSE,FALSE,solar-geolocator-twilight,Calidris ruficollis,BQ916,036-94909,Tracking Red-necked stints along the EAAF
16668353599,TRUE,2019-08-31T08:18:29Z,FALSE,2019-08-31T08:18:29Z,FALSE,FALSE,solar-geolocator-twilight,Calidris ruficollis,BQ916,036-94909,Tracking Red-necked stints along the EAAF
16668353607,TRUE,2019-08-31T20:30:36Z,TRUE,2019-08-31T20:30:36Z,FALSE,FALSE,solar-geolocator-twilight,Calidris ruficollis,BQ916,036-94909,Tracking Red-necked stints along the EAAF
16668353615,TRUE,2019-09-01T08:11:52Z,FALSE,2019-09-01T08:11:52Z,FALSE,FALSE,solar-geolocator-twilight,Calidris ruficollis,BQ916,036-94909,Tracking Red-necked stints along the EAAF
16668353624,TRUE,2019-09-01T20:31:26Z,TRUE,2019-09-01T20:31:26Z,FALSE,FALSE,solar-geolocator-twilight,Calidris ruficollis,BQ916,036-94909,Tracking Red-necked stints along the EAAF
16668353631,TRUE,2019-09-02T08:05:01Z,FALSE,2019-09-02T08:05:01Z,FALSE,FALSE,solar-geolocator-twilight,Calidris ruficollis,BQ916,036-94909,Tracking Red-necked stints along the EAAF
16668353640,TRUE,2019-09-02T20:16:26Z,TRUE,2019-09-02T20:16:26Z,FALSE,FALSE,solar-geolocator-twilight,Calidris ruficollis,BQ916,036-94909,Tracking Red-necked stints along the EAAF
16668353647,TRUE,2019-09-03T08:14:45Z,FALSE,2019-09-03T08:14:45Z,FALSE,FALSE,solar-geolocator-twilight,Calidris ruficollis,BQ916,036-94909,Tracking Red-necked stints along the EAAF
16668353655,TRUE,2019-09-03T20:13:52Z,TRUE,2019-09-03T20:13:52Z,FALSE,FALSE,solar-geolocator-twilight,Calidris ruficollis,BQ916,036-94909,Tracking Red-necked stints along the EAAF
16668353665,TRUE,2019-09-04T08:11:49Z,FALSE,2019-09-04T08:11:49Z,FALSE,FALSE,solar-geolocator-twilight,Calidris ruficollis,BQ916,036-94909,Tracking Red-necked stints along the EAAF
16668353673,TRUE,2019-09-04T20:18:17Z,TRUE,2019-09-04T20:18:17Z,FALSE,FALSE,solar-geolocator-twilight,Calidris ruficollis,BQ916,036-94909,Tracking Red-necked stints along the EAAF
16668353680,TRUE,2019-09-05T08:16:29Z,FALSE,2019-09-05T08:16:29Z,FALSE,FALSE,solar-geolocator-twilight,Calidris ruficollis,BQ916,036-94909,Tracking Red-necked stints along the EAAF
16668353689,TRUE,2019-09-05T20:25:36Z,TRUE,2019-09-05T20:25:36Z,FALSE,FALSE,solar-geolocator-twilight,Calidris ruficollis,BQ916,036-94909,Tracking Red-necked stints along the EAAF
16668353696,TRUE,2019-09-06T08:08:29Z,FALSE,2019-09-06T08:08:29Z,FALSE,FALSE,solar-geolocator-twilight,Calidris ruficollis,BQ916,036-94909,Tracking Red-necked stints along the EAAF
16668353705,TRUE,2019-09-06T20:19:33Z,TRUE,2019-09-06T20:19:33Z,FALSE,FALSE,solar-geolocator-twilight,Calidris ruficollis,BQ916,036-94909,Tracking Red-necked stints along the EAAF
16668353713,TRUE,2019-09-07T08:18:29Z,FALSE,2019-09-07T08:18:29Z,FALSE,FALSE,solar-geolocator-twilight,Calidris ruficollis,BQ916,036-94909,Tracking Red-necked stints along the EAAF
16668353721,TRUE,2019-09-07T20:24:04Z,TRUE,2019-09-07T20:24:04Z,FALSE,FALSE,solar-geolocator-twilight,Calidris ruficollis,BQ916,036-94909,Tracking Red-necked stints along the EAAF
16668353728,TRUE,2019-09-08T08:18:29Z,FALSE,2019-09-08T08:18:29Z,FALSE,FALSE,solar-geolocator-twilight,Calidris ruficollis,BQ916,036-94909,Tracking Red-necked stints along the EAAF
16668353735,TRUE,2019-09-08T20:13:45Z,TRUE,2019-09-08T20:13:45Z,FALSE,FALSE,solar-geolocator-twilight,Calidris ruficollis,BQ916,036-94909,Tracking Red-necked stints along the EAAF
16668353743,TRUE,2019-09-09T08:06:29Z,FALSE,2019-09-09T08:06:29Z,FALSE,FALSE,solar-geolocator-twilight,Calidris ruficollis,BQ916,036-94909,Tracking Red-necked stints along the EAAF
16668353753,TRUE,2019-09-09T20:16:26Z,TRUE,2019-09-09T20:16:26Z,FALSE,FALSE,solar-geolocator-twilight,Calidris ruficollis,BQ916,036-94909,Tracking Red-necked stints along the EAAF
16668353759,TRUE,2019-09-10T08:20:13Z,FALSE,2019-09-10T08:20:13Z,FALSE,FALSE,solar-geolocator-twilight,Calidris ruficollis,BQ916,036-94909,Tracking Red-necked stints along the EAAF
16668353769,TRUE,2019-09-10T20:08:45Z,TRUE,2019-09-10T20:08:45Z,FALSE,FALSE,solar-geolocator-twilight,Calidris ruficollis,BQ916,036-94909,Tracking Red-necked stints along the EAAF
16668353775,TRUE,2019-09-11T08:29:19Z,FALSE,2019-09-11T08:29:19Z,FALSE,FALSE,solar-geolocator-twilight,Calidris ruficollis,BQ916,036-94909,Tracking Red-necked stints along the EAAF
16668353785,TRUE,2019-09-11T20:18:01Z,TRUE,2019-09-11T20:18:01Z,FALSE,FALSE,solar-geolocator-twilight,Calidris ruficollis,BQ916,036-94909,Tracking Red-necked stints along the EAAF
16668353792,TRUE,2019-09-12T08:24:45Z,FALSE,2019-09-12T08:24:45Z,FALSE,FALSE,solar-geolocator-twilight,Calidris ruficollis,BQ916,036-94909,Tracking Red-necked stints along the EAAF
16668353801,TRUE,2019-09-12T20:08:06Z,TRUE,2019-09-12T20:08:06Z,FALSE,FALSE,solar-geolocator-twilight,Calidris ruficollis,BQ916,036-94909,Tracking Red-necked stints along the EAAF
16668353807,TRUE,2019-09-13T08:16:56Z,FALSE,2019-09-13T08:16:56Z,FALSE,FALSE,solar-geolocator-twilight,Calidris ruficollis,BQ916,036-94909,Tracking Red-necked stints along the EAAF
16668353817,TRUE,2019-09-13T20:06:26Z,TRUE,2019-09-13T20:06:26Z,FALSE,FALSE,solar-geolocator-twilight,Calidris ruficollis,BQ916,036-94909,Tracking Red-necked stints along the EAAF
16668353823,TRUE,2019-09-14T08:26:29Z,FALSE,2019-09-14T08:26:29Z,FALSE,FALSE,solar-geolocator-twilight,Calidris ruficollis,BQ916,036-94909,Tracking Red-necked stints along the EAAF
16668353835,TRUE,2019-09-14T20:11:26Z,TRUE,2019-09-14T20:11:26Z,FALSE,FALSE,solar-geolocator-twilight,Calidris ruficollis,BQ916,036-94909,Tracking Red-necked stints along the EAAF
16668353841,TRUE,2019-09-15T08:16:10Z,FALSE,2019-09-15T08:16:10Z,FALSE,FALSE,solar-geolocator-twilight,Calidris ruficollis,BQ916,036-94909,Tracking Red-necked stints along the EAAF
16668353853,TRUE,2019-09-15T20:06:26Z,TRUE,2019-09-15T20:06:26Z,FALSE,FALSE,solar-geolocator-twilight,Calidris ruficollis,BQ916,036-94909,Tracking Red-necked stints along the EAAF
16668353859,TRUE,2019-09-16T08:11:10Z,FALSE,2019-09-16T08:11:10Z,FALSE,FALSE,solar-geolocator-twilight,Calidris ruficollis,BQ916,036-94909,Tracking Red-necked stints along the EAAF
16668353871,TRUE,2019-09-16T19:59:42Z,TRUE,2019-09-16T19:59:42Z,FALSE,FALSE,solar-geolocator-twilight,Calidris ruficollis,BQ916,036-94909,Tracking Red-necked stints along the EAAF
16668353877,TRUE,2019-09-17T08:29:45Z,FALSE,2019-09-17T08:29:45Z,FALSE,FALSE,solar-geolocator-twilight,Calidris ruficollis,BQ916,036-94909,Tracking Red-necked stints along the EAAF
16668353889,TRUE,2019-09-17T20:00:10Z,TRUE,2019-09-17T20:00:10Z,FALSE,FALSE,solar-geolocator-twilight,Calidris ruficollis,BQ916,036-94909,Tracking Red-necked stints along the EAAF
16668353895,TRUE,2019-09-18T08:16:14Z,FALSE,2019-09-18T08:16:14Z,FALSE,FALSE,solar-geolocator-twilight,Calidris ruficollis,BQ916,036-94909,Tracking Red-necked stints along the EAAF
16668353906,TRUE,2019-09-18T19:56:26Z,TRUE,2019-09-18T19:56:26Z,FALSE,FALSE,solar-geolocator-twilight,Calidris ruficollis,BQ916,036-94909,Tracking Red-necked stints along the EAAF
16668353914,TRUE,2019-09-19T08:24:19Z,FALSE,2019-09-19T08:24:19Z,FALSE,FALSE,solar-geolocator-twilight,Calidris ruficollis,BQ916,036-94909,Tracking Red-necked stints along the EAAF
16668353924,TRUE,2019-09-19T19:59:27Z,TRUE,2019-09-19T19:59:27Z,FALSE,FALSE,solar-geolocator-twilight,Calidris ruficollis,BQ916,036-94909,Tracking Red-necked stints along the EAAF
16668353933,TRUE,2019-09-20T08:26:10Z,FALSE,2019-09-20T08:26:10Z,FALSE,FALSE,solar-geolocator-twilight,Calidris ruficollis,BQ916,036-94909,Tracking Red-necked stints along the EAAF
16668353943,TRUE,2019-09-20T20:06:26Z,TRUE,2019-09-20T20:06:26Z,FALSE,FALSE,solar-geolocator-twilight,Calidris ruficollis,BQ916,036-94909,Tracking Red-necked stints along the EAAF
16668353948,TRUE,2019-09-21T08:28:29Z,FALSE,2019-09-21T08:28:29Z,FALSE,FALSE,solar-geolocator-twilight,Calidris ruficollis,BQ916,036-94909,Tracking Red-necked stints along the EAAF
16668353961,TRUE,2019-09-21T19:57:58Z,TRUE,2019-09-21T19:57:58Z,FALSE,FALSE,solar-geolocator-twilight,Calidris ruficollis,BQ916,036-94909,Tracking Red-necked stints along the EAAF
16668353968,TRUE,2019-09-22T08:34:19Z,FALSE,2019-09-22T08:34:19Z,FALSE,FALSE,solar-geolocator-twilight,Calidris ruficollis,BQ916,036-94909,Tracking Red-necked stints along the EAAF
16668353979,TRUE,2019-09-22T20:08:11Z,TRUE,2019-09-22T20:08:11Z,FALSE,FALSE,solar-geolocator-twilight,Calidris ruficollis,BQ916,036-94909,Tracking Red-necked stints along the EAAF
16668353983,TRUE,2019-09-23T08:24:19Z,FALSE,2019-09-23T08:24:19Z,FALSE,FALSE,solar-geolocator-twilight,Calidris ruficollis,BQ916,036-94909,Tracking Red-necked stints along the EAAF
16668354001,TRUE,2019-09-23T20:04:40Z,TRUE,2019-09-23T20:04:40Z,FALSE,FALSE,solar-geolocator-twilight,Calidris ruficollis,BQ916,036-94909,Tracking Red-necked stints along the EAAF
16668354003,TRUE,2019-09-24T08:23:29Z,FALSE,2019-09-24T08:23:29Z,FALSE,FALSE,solar-geolocator-twilight,Calidris ruficollis,BQ916,036-94909,Tracking Red-necked stints along the EAAF
16668354020,TRUE,2019-09-24T19:55:36Z,TRUE,2019-09-24T19:55:36Z,FALSE,FALSE,solar-geolocator-twilight,Calidris ruficollis,BQ916,036-94909,Tracking Red-necked stints along the EAAF
16668354023,TRUE,2019-09-25T08:35:28Z,FALSE,2019-09-25T08:35:28Z,FALSE,FALSE,solar-geolocator-twilight,Calidris ruficollis,BQ916,036-94909,Tracking Red-necked stints along the EAAF
16668354039,TRUE,2019-09-25T19:50:36Z,TRUE,2019-09-25T19:50:36Z,FALSE,FALSE,solar-geolocator-twilight,Calidris ruficollis,BQ916,036-94909,Tracking Red-necked stints along the EAAF
16668354041,TRUE,2019-09-26T08:40:15Z,FALSE,2019-09-26T08:40:15Z,FALSE,FALSE,solar-geolocator-twilight,Calidris ruficollis,BQ916,036-94909,Tracking Red-necked stints along the EAAF
16668354059,TRUE,2019-09-26T19:48:11Z,TRUE,2019-09-26T19:48:11Z,FALSE,FALSE,solar-geolocator-twilight,Calidris ruficollis,BQ916,036-94909,Tracking Red-necked stints along the EAAF
16668354062,TRUE,2019-09-27T08:40:01Z,FALSE,2019-09-27T08:40:01Z,FALSE,FALSE,solar-geolocator-twilight,Calidris ruficollis,BQ916,036-94909,Tracking Red-necked stints along the EAAF
16668354077,TRUE,2019-09-27T19:45:36Z,TRUE,2019-09-27T19:45:36Z,FALSE,FALSE,solar-geolocator-twilight,Calidris ruficollis,BQ916,036-94909,Tracking Red-necked stints along the EAAF
16668354079,TRUE,2019-09-28T08:33:29Z,FALSE,2019-09-28T08:33:29Z,FALSE,FALSE,solar-geolocator-twilight,Calidris ruficollis,BQ916,036-94909,Tracking Red-necked stints along the EAAF
16668354094,TRUE,2019-09-28T19:53:06Z,TRUE,2019-09-28T19:53:06Z,FALSE,FALSE,solar-geolocator-twilight,Calidris ruficollis,BQ916,036-94909,Tracking Red-necked stints along the EAAF
16668354097,TRUE,2019-09-29T08:35:13Z,FALSE,2019-09-29T08:35:13Z,FALSE,FALSE,solar-geolocator-twilight,Calidris ruficollis,BQ916,036-94909,Tracking Red-necked stints along the EAAF
16668354113,TRUE,2019-09-29T19:49:54Z,TRUE,2019-09-29T19:49:54Z,FALSE,FALSE,solar-geolocator-twilight,Calidris ruficollis,BQ916,036-94909,Tracking Red-necked stints along the EAAF
16668354115,TRUE,2019-09-30T08:41:56Z,FALSE,2019-09-30T08:41:56Z,FALSE,FALSE,solar-geolocator-twilight,Calidris ruficollis,BQ916,036-94909,Tracking Red-necked stints along the EAAF
16668354128,TRUE,2019-09-30T19:41:26Z,TRUE,2019-09-30T19:41:26Z,FALSE,FALSE,solar-geolocator-twilight,Calidris ruficollis,BQ916,036-94909,Tracking Red-necked stints along the EAAF
16668354131,TRUE,2019-10-01T08:41:44Z,FALSE,2019-10-01T08:41:44Z,FALSE,FALSE,solar-geolocator-twilight,Calidris ruficollis,BQ916,036-94909,Tracking Red-necked stints along the EAAF
16668354144,TRUE,2019-10-01T19:33:11Z,TRUE,2019-10-01T19:33:11Z,FALSE,FALSE,solar-geolocator-twilight,Calidris ruficollis,BQ916,036-94909,Tracking Red-necked stints along the EAAF
16668354150,TRUE,2019-10-02T08:45:01Z,FALSE,2019-10-02T08:45:01Z,FALSE,FALSE,solar-geolocator-twilight,Calidris ruficollis,BQ916,036-94909,Tracking Red-necked stints along the EAAF
16668354158,TRUE,2019-10-02T19:36:26Z,TRUE,2019-10-02T19:36:26Z,FALSE,FALSE,solar-geolocator-twilight,Calidris ruficollis,BQ916,036-94909,Tracking Red-necked stints along the EAAF
16668354164,TRUE,2019-10-03T08:41:29Z,FALSE,2019-10-03T08:41:29Z,FALSE,FALSE,solar-geolocator-twilight,Calidris ruficollis,BQ916,036-94909,Tracking Red-necked stints along the EAAF
16668354175,TRUE,2019-10-03T19:36:26Z,TRUE,2019-10-03T19:36:26Z,FALSE,FALSE,solar-geolocator-twilight,Calidris ruficollis,BQ916,036-94909,Tracking Red-necked stints along the EAAF
16668354179,TRUE,2019-10-04T08:10:15Z,FALSE,2019-10-04T08:10:15Z,FALSE,FALSE,solar-geolocator-twilight,Calidris ruficollis,BQ916,036-94909,Tracking Red-necked stints along the EAAF
16668354191,TRUE,2019-10-04T19:28:52Z,TRUE,2019-10-04T19:28:52Z,FALSE,FALSE,solar-geolocator-twilight,Calidris ruficollis,BQ916,036-94909,Tracking Red-necked stints along the EAAF
16668354195,TRUE,2019-10-05T08:33:29Z,FALSE,2019-10-05T08:33:29Z,FALSE,FALSE,solar-geolocator-twilight,Calidris ruficollis,BQ916,036-94909,Tracking Red-necked stints along the EAAF
16668354209,TRUE,2019-10-05T19:39:33Z,TRUE,2019-10-05T19:39:33Z,FALSE,FALSE,solar-geolocator-twilight,Calidris ruficollis,BQ916,036-94909,Tracking Red-necked stints along the EAAF
16668354213,TRUE,2019-10-06T08:38:29Z,FALSE,2019-10-06T08:38:29Z,FALSE,FALSE,solar-geolocator-twilight,Calidris ruficollis,BQ916,036-94909,Tracking Red-necked stints along the EAAF
16668354226,TRUE,2019-10-06T19:41:26Z,TRUE,2019-10-06T19:41:26Z,FALSE,FALSE,solar-geolocator-twilight,Calidris ruficollis,BQ916,036-94909,Tracking Red-necked stints along the EAAF
16668354229,TRUE,2019-10-07T08:36:11Z,FALSE,2019-10-07T08:36:11Z,FALSE,FALSE,solar-geolocator-twilight,Calidris ruficollis,BQ916,036-94909,Tracking Red-necked stints along the EAAF
16668354243,TRUE,2019-10-07T19:43:46Z,TRUE,2019-10-07T19:43:46Z,FALSE,FALSE,solar-geolocator-twilight,Calidris ruficollis,BQ916,036-94909,Tracking Red-necked stints along the EAAF
16668354245,TRUE,2019-10-08T08:46:39Z,FALSE,2019-10-08T08:46:39Z,FALSE,FALSE,solar-geolocator-twilight,Calidris ruficollis,BQ916,036-94909,Tracking Red-necked stints along the EAAF
16668354258,TRUE,2019-10-08T19:25:37Z,TRUE,2019-10-08T19:25:37Z,FALSE,FALSE,solar-geolocator-twilight,Calidris ruficollis,BQ916,036-94909,Tracking Red-necked stints along the EAAF
16668354263,TRUE,2019-10-09T08:43:30Z,FALSE,2019-10-09T08:43:30Z,FALSE,FALSE,solar-geolocator-twilight,Calidris ruficollis,BQ916,036-94909,Tracking Red-necked stints along the EAAF
16668354275,TRUE,2019-10-09T19:31:27Z,TRUE,2019-10-09T19:31:27Z,FALSE,FALSE,solar-geolocator-twilight,Calidris ruficollis,BQ916,036-94909,Tracking Red-necked stints along the EAAF
16668354279,TRUE,2019-10-10T08:46:39Z,FALSE,2019-10-10T08:46:39Z,FALSE,FALSE,solar-geolocator-twilight,Calidris ruficollis,BQ916,036-94909,Tracking Red-necked stints along the EAAF
16668354290,TRUE,2019-10-10T19:18:27Z,TRUE,2019-10-10T19:18:27Z,FALSE,FALSE,solar-geolocator-twilight,Calidris ruficollis,BQ916,036-94909,Tracking Red-necked stints along the EAAF
16668354293,TRUE,2019-10-11T08:51:30Z,FALSE,2019-10-11T08:51:30Z,FALSE,FALSE,solar-geolocator-twilight,Calidris ruficollis,BQ916,036-94909,Tracking Red-necked stints along the EAAF
16668354307,TRUE,2019-10-11T19:19:28Z,TRUE,2019-10-11T19:19:28Z,FALSE,FALSE,solar-geolocator-twilight,Calidris ruficollis,BQ916,036-94909,Tracking Red-necked stints along the EAAF
16668354311,TRUE,2019-10-12T08:58:30Z,FALSE,2019-10-12T08:58:30Z,FALSE,FALSE,solar-geolocator-twilight,Calidris ruficollis,BQ916,036-94909,Tracking Red-necked stints along the EAAF
16668354323,TRUE,2019-10-12T19:17:53Z,TRUE,2019-10-12T19:17:53Z,FALSE,FALSE,solar-geolocator-twilight,Calidris ruficollis,BQ916,036-94909,Tracking Red-necked stints along the EAAF
16668354325,TRUE,2019-10-13T08:56:11Z,FALSE,2019-10-13T08:56:11Z,FALSE,FALSE,solar-geolocator-twilight,Calidris ruficollis,BQ916,036-94909,Tracking Red-necked stints along the EAAF
16668354340,TRUE,2019-10-13T19:28:04Z,TRUE,2019-10-13T19:28:04Z,FALSE,FALSE,solar-geolocator-twilight,Calidris ruficollis,BQ916,036-94909,Tracking Red-necked stints along the EAAF
16668354342,TRUE,2019-10-14T08:56:45Z,FALSE,2019-10-14T08:56:45Z,FALSE,FALSE,solar-geolocator-twilight,Calidris ruficollis,BQ916,036-94909,Tracking Red-necked stints along the EAAF
16668354356,TRUE,2019-10-14T19:26:27Z,TRUE,2019-10-14T19:26:27Z,FALSE,FALSE,solar-geolocator-twilight,Calidris ruficollis,BQ916,036-94909,Tracking Red-necked stints along the EAAF
16668354357,TRUE,2019-10-15T08:51:39Z,FALSE,2019-10-15T08:51:39Z,FALSE,FALSE,solar-geolocator-twilight,Calidris ruficollis,BQ916,036-94909,Tracking Red-necked stints along the EAAF
16668354371,TRUE,2019-10-15T19:38:46Z,TRUE,2019-10-15T19:38:46Z,FALSE,FALSE,solar-geolocator-twilight,Calidris ruficollis,BQ916,036-94909,Tracking Red-necked stints along the EAAF
16668354373,TRUE,2019-10-16T08:34:20Z,FALSE,2019-10-16T08:34:20Z,FALSE,FALSE,solar-geolocator-twilight,Calidris ruficollis,BQ916,036-94909,Tracking Red-necked stints along the EAAF
16668354387,TRUE,2019-10-16T19:24:41Z,TRUE,2019-10-16T19:24:41Z,FALSE,FALSE,solar-geolocator-twilight,Calidris ruficollis,BQ916,036-94909,Tracking Red-necked stints along the EAAF
16668354389,TRUE,2019-10-17T08:50:29Z,FALSE,2019-10-17T08:50:29Z,FALSE,FALSE,solar-geolocator-twilight,Calidris ruficollis,BQ916,036-94909,Tracking Red-necked stints along the EAAF
16668354403,TRUE,2019-10-17T19:15:11Z,TRUE,2019-10-17T19:15:11Z,FALSE,FALSE,solar-geolocator-twilight,Calidris ruficollis,BQ916,036-94909,Tracking Red-necked stints along the EAAF
16668354405,TRUE,2019-10-18T08:51:11Z,FALSE,2019-10-18T08:51:11Z,FALSE,FALSE,solar-geolocator-twilight,Calidris ruficollis,BQ916,036-94909,Tracking Red-necked stints along the EAAF
16668354420,TRUE,2019-10-18T19:13:04Z,TRUE,2019-10-18T19:13:04Z,FALSE,FALSE,solar-geolocator-twilight,Calidris ruficollis,BQ916,036-94909,Tracking Red-necked stints along the EAAF
16668354421,TRUE,2019-10-19T08:56:11Z,FALSE,2019-10-19T08:56:11Z,FALSE,FALSE,solar-geolocator-twilight,Calidris ruficollis,BQ916,036-94909,Tracking Red-necked stints along the EAAF
16668354435,TRUE,2019-10-19T19:14:41Z,TRUE,2019-10-19T19:14:41Z,FALSE,FALSE,solar-geolocator-twilight,Calidris ruficollis,BQ916,036-94909,Tracking Red-necked stints along the EAAF
16668354438,TRUE,2019-10-20T08:53:30Z,FALSE,2019-10-20T08:53:30Z,FALSE,FALSE,solar-geolocator-twilight,Calidris ruficollis,BQ916,036-94909,Tracking Red-necked stints along the EAAF
16668354452,TRUE,2019-10-20T19:39:11Z,TRUE,2019-10-20T19:39:11Z,FALSE,FALSE,solar-geolocator-twilight,Calidris ruficollis,BQ916,036-94909,Tracking Red-necked stints along the EAAF
16668354455,TRUE,2019-10-21T09:05:16Z,FALSE,2019-10-21T09:05:16Z,FALSE,FALSE,solar-geolocator-twilight,Calidris ruficollis,BQ916,036-94909,Tracking Red-necked stints along the EAAF
16668354466,TRUE,2019-10-21T19:16:27Z,TRUE,2019-10-21T19:16:27Z,FALSE,FALSE,solar-geolocator-twilight,Calidris ruficollis,BQ916,036-94909,Tracking Red-necked stints along the EAAF
16668354468,TRUE,2019-10-22T09:01:50Z,FALSE,2019-10-22T09:01:50Z,FALSE,FALSE,solar-geolocator-twilight,Calidris ruficollis,BQ916,036-94909,Tracking Red-necked stints along the EAAF
16668354480,TRUE,2019-10-22T19:04:43Z,TRUE,2019-10-22T19:04:43Z,FALSE,FALSE,solar-geolocator-twilight,Calidris ruficollis,BQ916,036-94909,Tracking Red-necked stints along the EAAF
16668354485,TRUE,2019-10-23T09:04:46Z,FALSE,2019-10-23T09:04:46Z,FALSE,FALSE,solar-geolocator-twilight,Calidris ruficollis,BQ916,036-94909,Tracking Red-necked stints along the EAAF
16668354494,TRUE,2019-10-23T19:08:12Z,TRUE,2019-10-23T19:08:12Z,FALSE,FALSE,solar-geolocator-twilight,Calidris ruficollis,BQ916,036-94909,Tracking Red-necked stints along the EAAF
16668354498,TRUE,2019-10-24T09:06:39Z,FALSE,2019-10-24T09:06:39Z,FALSE,FALSE,solar-geolocator-twilight,Calidris ruficollis,BQ916,036-94909,Tracking Red-necked stints along the EAAF
16668354508,TRUE,2019-10-24T19:11:27Z,TRUE,2019-10-24T19:11:27Z,FALSE,FALSE,solar-geolocator-twilight,Calidris ruficollis,BQ916,036-94909,Tracking Red-necked stints along the EAAF
16668354509,TRUE,2019-10-25T09:00:29Z,FALSE,2019-10-25T09:00:29Z,FALSE,FALSE,solar-geolocator-twilight,Calidris ruficollis,BQ916,036-94909,Tracking Red-necked stints along the EAAF
16668354522,TRUE,2019-10-25T19:06:27Z,TRUE,2019-10-25T19:06:27Z,FALSE,FALSE,solar-geolocator-twilight,Calidris ruficollis,BQ916,036-94909,Tracking Red-necked stints along the EAAF
16668354526,TRUE,2019-10-26T09:09:20Z,FALSE,2019-10-26T09:09:20Z,FALSE,FALSE,solar-geolocator-twilight,Calidris ruficollis,BQ916,036-94909,Tracking Red-necked stints along the EAAF
16668354536,TRUE,2019-10-26T19:00:37Z,TRUE,2019-10-26T19:00:37Z,FALSE,FALSE,solar-geolocator-twilight,Calidris ruficollis,BQ916,036-94909,Tracking Red-necked stints along the EAAF
16668354538,TRUE,2019-10-27T09:10:02Z,FALSE,2019-10-27T09:10:02Z,FALSE,FALSE,solar-geolocator-twilight,Calidris ruficollis,BQ916,036-94909,Tracking Red-necked stints along the EAAF
16668354550,TRUE,2019-10-27T18:51:27Z,TRUE,2019-10-27T18:51:27Z,FALSE,FALSE,solar-geolocator-twilight,Calidris ruficollis,BQ916,036-94909,Tracking Red-necked stints along the EAAF
16668354552,TRUE,2019-10-28T09:15:35Z,FALSE,2019-10-28T09:15:35Z,FALSE,FALSE,solar-geolocator-twilight,Calidris ruficollis,BQ916,036-94909,Tracking Red-necked stints along the EAAF
16668354564,TRUE,2019-10-28T19:04:43Z,TRUE,2019-10-28T19:04:43Z,FALSE,FALSE,solar-geolocator-twilight,Calidris ruficollis,BQ916,036-94909,Tracking Red-necked stints along the EAAF
16668354565,TRUE,2019-10-29T09:08:30Z,FALSE,2019-10-29T09:08:30Z,FALSE,FALSE,solar-geolocator-twilight,Calidris ruficollis,BQ916,036-94909,Tracking Red-necked stints along the EAAF
16668354577,TRUE,2019-10-29T18:55:11Z,TRUE,2019-10-29T18:55:11Z,FALSE,FALSE,solar-geolocator-twilight,Calidris ruficollis,BQ916,036-94909,Tracking Red-necked stints along the EAAF
16668354579,TRUE,2019-10-30T09:12:02Z,FALSE,2019-10-30T09:12:02Z,FALSE,FALSE,solar-geolocator-twilight,Calidris ruficollis,BQ916,036-94909,Tracking Red-necked stints along the EAAF
16668354592,TRUE,2019-10-30T18:56:27Z,TRUE,2019-10-30T18:56:27Z,FALSE,FALSE,solar-geolocator-twilight,Calidris ruficollis,BQ916,036-94909,Tracking Red-necked stints along the EAAF
16668354594,TRUE,2019-10-31T09:14:20Z,FALSE,2019-10-31T09:14:20Z,FALSE,FALSE,solar-geolocator-twilight,Calidris ruficollis,BQ916,036-94909,Tracking Red-necked stints along the EAAF
16668354605,TRUE,2019-10-31T18:53:46Z,TRUE,2019-10-31T18:53:46Z,FALSE,FALSE,solar-geolocator-twilight,Calidris ruficollis,BQ916,036-94909,Tracking Red-necked stints along the EAAF
16668354607,TRUE,2019-11-01T09:06:39Z,FALSE,2019-11-01T09:06:39Z,FALSE,FALSE,solar-geolocator-twilight,Calidris ruficollis,BQ916,036-94909,Tracking Red-necked stints along the EAAF
16668354619,TRUE,2019-11-01T19:06:27Z,TRUE,2019-11-01T19:06:27Z,FALSE,FALSE,solar-geolocator-twilight,Calidris ruficollis,BQ916,036-94909,Tracking Red-necked stints along the EAAF
16668354622,TRUE,2019-11-02T09:13:30Z,FALSE,2019-11-02T09:13:30Z,FALSE,FALSE,solar-geolocator-twilight,Calidris ruficollis,BQ916,036-94909,Tracking Red-necked stints along the EAAF
16668354634,TRUE,2019-11-02T19:00:37Z,TRUE,2019-11-02T19:00:37Z,FALSE,FALSE,solar-geolocator-twilight,Calidris ruficollis,BQ916,036-94909,Tracking Red-necked stints along the EAAF
16668354637,TRUE,2019-11-03T09:01:11Z,FALSE,2019-11-03T09:01:11Z,FALSE,FALSE,solar-geolocator-twilight,Calidris ruficollis,BQ916,036-94909,Tracking Red-necked stints along the EAAF
16668354648,TRUE,2019-11-03T18:53:46Z,TRUE,2019-11-03T18:53:46Z,FALSE,FALSE,solar-geolocator-twilight,Calidris ruficollis,BQ916,036-94909,Tracking Red-necked stints along the EAAF
16668354652,TRUE,2019-11-04T09:13:30Z,FALSE,2019-11-04T09:13:30Z,FALSE,FALSE,solar-geolocator-twilight,Calidris ruficollis,BQ916,036-94909,Tracking Red-necked stints along the EAAF
16668354662,TRUE,2019-11-04T18:51:27Z,TRUE,2019-11-04T18:51:27Z,FALSE,FALSE,solar-geolocator-twilight,Calidris ruficollis,BQ916,036-94909,Tracking Red-necked stints along the EAAF
16668354663,TRUE,2019-11-05T09:11:30Z,FALSE,2019-11-05T09:11:30Z,FALSE,FALSE,solar-geolocator-twilight,Calidris ruficollis,BQ916,036-94909,Tracking Red-necked stints along the EAAF
16668354676,TRUE,2019-11-05T18:59:41Z,TRUE,2019-11-05T18:59:41Z,FALSE,FALSE,solar-geolocator-twilight,Calidris ruficollis,BQ916,036-94909,Tracking Red-necked stints along the EAAF
16668354677,TRUE,2019-11-06T08:48:30Z,FALSE,2019-11-06T08:48:30Z,FALSE,FALSE,solar-geolocator-twilight,Calidris ruficollis,BQ916,036-94909,Tracking Red-necked stints along the EAAF
16668354690,TRUE,2019-11-06T18:50:11Z,TRUE,2019-11-06T18:50:11Z,FALSE,FALSE,solar-geolocator-twilight,Calidris ruficollis,BQ916,036-94909,Tracking Red-necked stints along the EAAF
16668354691,TRUE,2019-11-07T09:05:39Z,FALSE,2019-11-07T09:05:39Z,FALSE,FALSE,solar-geolocator-twilight,Calidris ruficollis,BQ916,036-94909,Tracking Red-necked stints along the EAAF
16668354704,TRUE,2019-11-07T18:55:37Z,TRUE,2019-11-07T18:55:37Z,FALSE,FALSE,solar-geolocator-twilight,Calidris ruficollis,BQ916,036-94909,Tracking Red-necked stints along the EAAF
16668354705,TRUE,2019-11-08T09:04:46Z,FALSE,2019-11-08T09:04:46Z,FALSE,FALSE,solar-geolocator-twilight,Calidris ruficollis,BQ916,036-94909,Tracking Red-necked stints along the EAAF
16668354718,TRUE,2019-11-08T18:52:54Z,TRUE,2019-11-08T18:52:54Z,FALSE,FALSE,solar-geolocator-twilight,Calidris ruficollis,BQ916,036-94909,Tracking Red-necked stints along the EAAF
16668354719,TRUE,2019-11-09T09:01:53Z,FALSE,2019-11-09T09:01:53Z,FALSE,FALSE,solar-geolocator-twilight,Calidris ruficollis,BQ916,036-94909,Tracking Red-necked stints along the EAAF
16668354732,TRUE,2019-11-09T19:03:07Z,TRUE,2019-11-09T19:03:07Z,FALSE,FALSE,solar-geolocator-twilight,Calidris ruficollis,BQ916,036-94909,Tracking Red-necked stints along the EAAF
16668354734,TRUE,2019-11-10T09:18:30Z,FALSE,2019-11-10T09:18:30Z,FALSE,FALSE,solar-geolocator-twilight,Calidris ruficollis,BQ916,036-94909,Tracking Red-necked stints along the EAAF
16668354746,TRUE,2019-11-10T18:39:18Z,TRUE,2019-11-10T18:39:18Z,FALSE,FALSE,solar-geolocator-twilight,Calidris ruficollis,BQ916,036-94909,Tracking Red-necked stints along the EAAF
16668354747,TRUE,2019-11-11T09:20:14Z,FALSE,2019-11-11T09:20:14Z,FALSE,FALSE,solar-geolocator-twilight,Calidris ruficollis,BQ916,036-94909,Tracking Red-necked stints along the EAAF
16668354758,TRUE,2019-11-11T18:49:41Z,TRUE,2019-11-11T18:49:41Z,FALSE,FALSE,solar-geolocator-twilight,Calidris ruficollis,BQ916,036-94909,Tracking Red-necked stints along the EAAF
16668354761,TRUE,2019-11-12T09:23:30Z,FALSE,2019-11-12T09:23:30Z,FALSE,FALSE,solar-geolocator-twilight,Calidris ruficollis,BQ916,036-94909,Tracking Red-necked stints along the EAAF
16668354773,TRUE,2019-11-12T18:49:41Z,TRUE,2019-11-12T18:49:41Z,FALSE,FALSE,solar-geolocator-twilight,Calidris ruficollis,BQ916,036-94909,Tracking Red-necked stints along the EAAF
16668354775,TRUE,2019-11-13T09:16:39Z,FALSE,2019-11-13T09:16:39Z,FALSE,FALSE,solar-geolocator-twilight,Calidris ruficollis,BQ916,036-94909,Tracking Red-necked stints along the EAAF
16668354788,TRUE,2019-11-13T18:53:46Z,TRUE,2019-11-13T18:53:46Z,FALSE,FALSE,solar-geolocator-twilight,Calidris ruficollis,BQ916,036-94909,Tracking Red-necked stints along the EAAF
16668354789,TRUE,2019-11-14T09:24:20Z,FALSE,2019-11-14T09:24:20Z,FALSE,FALSE,solar-geolocator-twilight,Calidris ruficollis,BQ916,036-94909,Tracking Red-necked stints along the EAAF
16668354802,TRUE,2019-11-14T19:23:36Z,TRUE,2019-11-14T19:23:36Z,FALSE,FALSE,solar-geolocator-twilight,Calidris ruficollis,BQ916,036-94909,Tracking Red-necked stints along the EAAF
16668354803,TRUE,2019-11-15T09:25:16Z,FALSE,2019-11-15T09:25:16Z,FALSE,FALSE,solar-geolocator-twilight,Calidris ruficollis,BQ916,036-94909,Tracking Red-necked stints along the EAAF
16668354814,TRUE,2019-11-15T18:38:18Z,TRUE,2019-11-15T18:38:18Z,FALSE,FALSE,solar-geolocator-twilight,Calidris ruficollis,BQ916,036-94909,Tracking Red-necked stints along the EAAF
16668354817,TRUE,2019-11-16T09:18:30Z,FALSE,2019-11-16T09:18:30Z,FALSE,FALSE,solar-geolocator-twilight,Calidris ruficollis,BQ916,036-94909,Tracking Red-necked stints along the EAAF
16668354828,TRUE,2019-11-16T18:49:41Z,TRUE,2019-11-16T18:49:41Z,FALSE,FALSE,solar-geolocator-twilight,Calidris ruficollis,BQ916,036-94909,Tracking Red-necked stints along the EAAF
16668354831,TRUE,2019-11-17T09:29:20Z,FALSE,2019-11-17T09:29:20Z,FALSE,FALSE,solar-geolocator-twilight,Calidris ruficollis,BQ916,036-94909,Tracking Red-necked stints along the EAAF
16668354844,TRUE,2019-11-17T18:43:12Z,TRUE,2019-11-17T18:43:12Z,FALSE,FALSE,solar-geolocator-twilight,Calidris ruficollis,BQ916,036-94909,Tracking Red-necked stints along the EAAF
16668354845,TRUE,2019-11-18T09:23:30Z,FALSE,2019-11-18T09:23:30Z,FALSE,FALSE,solar-geolocator-twilight,Calidris ruficollis,BQ916,036-94909,Tracking Red-necked stints along the EAAF
16668354857,TRUE,2019-11-18T18:38:00Z,TRUE,2019-11-18T18:38:00Z,FALSE,FALSE,solar-geolocator-twilight,Calidris ruficollis,BQ916,036-94909,Tracking Red-necked stints along the EAAF
16668354859,TRUE,2019-11-19T09:31:39Z,FALSE,2019-11-19T09:31:39Z,FALSE,FALSE,solar-geolocator-twilight,Calidris ruficollis,BQ916,036-94909,Tracking Red-necked stints along the EAAF
16668354872,TRUE,2019-11-19T18:40:11Z,TRUE,2019-11-19T18:40:11Z,FALSE,FALSE,solar-geolocator-twilight,Calidris ruficollis,BQ916,036-94909,Tracking Red-necked stints along the EAAF
16668354874,TRUE,2019-11-20T09:29:46Z,FALSE,2019-11-20T09:29:46Z,FALSE,FALSE,solar-geolocator-twilight,Calidris ruficollis,BQ916,036-94909,Tracking Red-necked stints along the EAAF
16668354886,TRUE,2019-11-20T18:41:27Z,TRUE,2019-11-20T18:41:27Z,FALSE,FALSE,solar-geolocator-twilight,Calidris ruficollis,BQ916,036-94909,Tracking Red-necked stints along the EAAF
16668354888,TRUE,2019-11-21T09:26:11Z,FALSE,2019-11-21T09:26:11Z,FALSE,FALSE,solar-geolocator-twilight,Calidris ruficollis,BQ916,036-94909,Tracking Red-necked stints along the EAAF
16668354900,TRUE,2019-11-21T18:59:28Z,TRUE,2019-11-21T18:59:28Z,FALSE,FALSE,solar-geolocator-twilight,Calidris ruficollis,BQ916,036-94909,Tracking Red-necked stints along the EAAF
16668354901,TRUE,2019-11-22T09:29:46Z,FALSE,2019-11-22T09:29:46Z,FALSE,FALSE,solar-geolocator-twilight,Calidris ruficollis,BQ916,036-94909,Tracking Red-necked stints along the EAAF
16668354914,TRUE,2019-11-22T18:31:27Z,TRUE,2019-11-22T18:31:27Z,FALSE,FALSE,solar-geolocator-twilight,Calidris ruficollis,BQ916,036-94909,Tracking Red-necked stints along the EAAF
16668354918,TRUE,2019-11-23T09:44:20Z,FALSE,2019-11-23T09:44:20Z,FALSE,FALSE,solar-geolocator-twilight,Calidris ruficollis,BQ916,036-94909,Tracking Red-necked stints along the EAAF
16668354928,TRUE,2019-11-23T18:34:18Z,TRUE,2019-11-23T18:34:18Z,FALSE,FALSE,solar-geolocator-twilight,Calidris ruficollis,BQ916,036-94909,Tracking Red-necked stints along the EAAF
16668354929,TRUE,2019-11-24T09:40:02Z,FALSE,2019-11-24T09:40:02Z,FALSE,FALSE,solar-geolocator-twilight,Calidris ruficollis,BQ916,036-94909,Tracking Red-necked stints along the EAAF
16668354941,TRUE,2019-11-24T18:24:43Z,TRUE,2019-11-24T18:24:43Z,FALSE,FALSE,solar-geolocator-twilight,Calidris ruficollis,BQ916,036-94909,Tracking Red-necked stints along the EAAF
16668354943,TRUE,2019-11-25T09:29:46Z,FALSE,2019-11-25T09:29:46Z,FALSE,FALSE,solar-geolocator-twilight,Calidris ruficollis,BQ916,036-94909,Tracking Red-necked stints along the EAAF
16668354956,TRUE,2019-11-25T19:04:41Z,TRUE,2019-11-25T19:04:41Z,FALSE,FALSE,solar-geolocator-twilight,Calidris ruficollis,BQ916,036-94909,Tracking Red-necked stints along the EAAF
16668354957,TRUE,2019-11-26T09:36:11Z,FALSE,2019-11-26T09:36:11Z,FALSE,FALSE,solar-geolocator-twilight,Calidris ruficollis,BQ916,036-94909,Tracking Red-necked stints along the EAAF
16668354970,TRUE,2019-11-26T18:33:46Z,TRUE,2019-11-26T18:33:46Z,FALSE,FALSE,solar-geolocator-twilight,Calidris ruficollis,BQ916,036-94909,Tracking Red-necked stints along the EAAF
16668354971,TRUE,2019-11-27T09:44:46Z,FALSE,2019-11-27T09:44:46Z,FALSE,FALSE,solar-geolocator-twilight,Calidris ruficollis,BQ916,036-94909,Tracking Red-necked stints along the EAAF
16668354984,TRUE,2019-11-27T18:35:11Z,TRUE,2019-11-27T18:35:11Z,FALSE,FALSE,solar-geolocator-twilight,Calidris ruficollis,BQ916,036-94909,Tracking Red-necked stints along the EAAF
16668354985,TRUE,2019-11-28T09:40:29Z,FALSE,2019-11-28T09:40:29Z,FALSE,FALSE,solar-geolocator-twilight,Calidris ruficollis,BQ916,036-94909,Tracking Red-necked stints along the EAAF
16668354998,TRUE,2019-11-28T18:35:12Z,TRUE,2019-11-28T18:35:12Z,FALSE,FALSE,solar-geolocator-twilight,Calidris ruficollis,BQ916,036-94909,Tracking Red-necked stints along the EAAF
16668354999,TRUE,2019-11-29T09:30:17Z,FALSE,2019-11-29T09:30:17Z,FALSE,FALSE,solar-geolocator-twilight,Calidris ruficollis,BQ916,036-94909,Tracking Red-necked stints along the EAAF
16668355012,TRUE,2019-11-29T18:34:19Z,TRUE,2019-11-29T18:34:19Z,FALSE,FALSE,solar-geolocator-twilight,Calidris ruficollis,BQ916,036-94909,Tracking Red-necked stints along the EAAF
16668355014,TRUE,2019-11-30T09:48:31Z,FALSE,2019-11-30T09:48:31Z,FALSE,FALSE,solar-geolocator-twilight,Calidris ruficollis,BQ916,036-94909,Tracking Red-necked stints along the EAAF
16668355026,TRUE,2019-11-30T18:43:05Z,TRUE,2019-11-30T18:43:05Z,FALSE,FALSE,solar-geolocator-twilight,Calidris ruficollis,BQ916,036-94909,Tracking Red-necked stints along the EAAF
16668355027,TRUE,2019-12-01T09:39:21Z,FALSE,2019-12-01T09:39:21Z,FALSE,FALSE,solar-geolocator-twilight,Calidris ruficollis,BQ916,036-94909,Tracking Red-necked stints along the EAAF
16668355040,TRUE,2019-12-01T18:54:44Z,TRUE,2019-12-01T18:54:44Z,FALSE,FALSE,solar-geolocator-twilight,Calidris ruficollis,BQ916,036-94909,Tracking Red-necked stints along the EAAF
16668355042,TRUE,2019-12-02T09:41:56Z,FALSE,2019-12-02T09:41:56Z,FALSE,FALSE,solar-geolocator-twilight,Calidris ruficollis,BQ916,036-94909,Tracking Red-necked stints along the EAAF
16668355054,TRUE,2019-12-02T18:53:13Z,TRUE,2019-12-02T18:53:13Z,FALSE,FALSE,solar-geolocator-twilight,Calidris ruficollis,BQ916,036-94909,Tracking Red-necked stints along the EAAF
16668355055,TRUE,2019-12-03T09:33:31Z,FALSE,2019-12-03T09:33:31Z,FALSE,FALSE,solar-geolocator-twilight,Calidris ruficollis,BQ916,036-94909,Tracking Red-necked stints along the EAAF
16668355067,TRUE,2019-12-03T18:41:28Z,TRUE,2019-12-03T18:41:28Z,FALSE,FALSE,solar-geolocator-twilight,Calidris ruficollis,BQ916,036-94909,Tracking Red-necked stints along the EAAF
16668355070,TRUE,2019-12-04T09:44:21Z,FALSE,2019-12-04T09:44:21Z,FALSE,FALSE,solar-geolocator-twilight,Calidris ruficollis,BQ916,036-94909,Tracking Red-necked stints along the EAAF
16668355081,TRUE,2019-12-04T18:35:12Z,TRUE,2019-12-04T18:35:12Z,FALSE,FALSE,solar-geolocator-twilight,Calidris ruficollis,BQ916,036-94909,Tracking Red-necked stints along the EAAF
16668355083,TRUE,2019-12-05T09:18:31Z,FALSE,2019-12-05T09:18:31Z,FALSE,FALSE,solar-geolocator-twilight,Calidris ruficollis,BQ916,036-94909,Tracking Red-necked stints along the EAAF
16668355096,TRUE,2019-12-05T18:38:47Z,TRUE,2019-12-05T18:38:47Z,FALSE,FALSE,solar-geolocator-twilight,Calidris ruficollis,BQ916,036-94909,Tracking Red-necked stints along the EAAF
16668355097,TRUE,2019-12-06T09:39:21Z,FALSE,2019-12-06T09:39:21Z,FALSE,FALSE,solar-geolocator-twilight,Calidris ruficollis,BQ916,036-94909,Tracking Red-necked stints along the EAAF
16668355110,TRUE,2019-12-06T18:43:19Z,TRUE,2019-12-06T18:43:19Z,FALSE,FALSE,solar-geolocator-twilight,Calidris ruficollis,BQ916,036-94909,Tracking Red-necked stints along the EAAF
16668355113,TRUE,2019-12-07T09:45:17Z,FALSE,2019-12-07T09:45:17Z,FALSE,FALSE,solar-geolocator-twilight,Calidris ruficollis,BQ916,036-94909,Tracking Red-necked stints along the EAAF
16668355123,TRUE,2019-12-07T18:31:28Z,TRUE,2019-12-07T18:31:28Z,FALSE,FALSE,solar-geolocator-twilight,Calidris ruficollis,BQ916,036-94909,Tracking Red-necked stints along the EAAF
16668355127,TRUE,2019-12-08T09:55:03Z,FALSE,2019-12-08T09:55:03Z,FALSE,FALSE,solar-geolocator-twilight,Calidris ruficollis,BQ916,036-94909,Tracking Red-necked stints along the EAAF
16668355137,TRUE,2019-12-08T18:30:12Z,TRUE,2019-12-08T18:30:12Z,FALSE,FALSE,solar-geolocator-twilight,Calidris ruficollis,BQ916,036-94909,Tracking Red-necked stints along the EAAF
16668355139,TRUE,2019-12-09T09:51:58Z,FALSE,2019-12-09T09:51:58Z,FALSE,FALSE,solar-geolocator-twilight,Calidris ruficollis,BQ916,036-94909,Tracking Red-necked stints along the EAAF
16668355152,TRUE,2019-12-09T18:41:28Z,TRUE,2019-12-09T18:41:28Z,FALSE,FALSE,solar-geolocator-twilight,Calidris ruficollis,BQ916,036-94909,Tracking Red-necked stints along the EAAF
16668355153,TRUE,2019-12-10T09:46:59Z,FALSE,2019-12-10T09:46:59Z,FALSE,FALSE,solar-geolocator-twilight,Calidris ruficollis,BQ916,036-94909,Tracking Red-necked stints along the EAAF
16668355166,TRUE,2019-12-10T18:44:42Z,TRUE,2019-12-10T18:44:42Z,FALSE,FALSE,solar-geolocator-twilight,Calidris ruficollis,BQ916,036-94909,Tracking Red-necked stints along the EAAF
16668355167,TRUE,2019-12-11T09:53:31Z,FALSE,2019-12-11T09:53:31Z,FALSE,FALSE,solar-geolocator-twilight,Calidris ruficollis,BQ916,036-94909,Tracking Red-necked stints along the EAAF
16668355180,TRUE,2019-12-11T18:41:28Z,TRUE,2019-12-11T18:41:28Z,FALSE,FALSE,solar-geolocator-twilight,Calidris ruficollis,BQ916,036-94909,Tracking Red-necked stints along the EAAF
16668355181,TRUE,2019-12-12T09:46:40Z,FALSE,2019-12-12T09:46:40Z,FALSE,FALSE,solar-geolocator-twilight,Calidris ruficollis,BQ916,036-94909,Tracking Red-necked stints along the EAAF
16668355194,TRUE,2019-12-12T18:45:12Z,TRUE,2019-12-12T18:45:12Z,FALSE,FALSE,solar-geolocator-twilight,Calidris ruficollis,BQ916,036-94909,Tracking Red-necked stints along the EAAF
16668355195,TRUE,2019-12-13T09:41:12Z,FALSE,2019-12-13T09:41:12Z,FALSE,FALSE,solar-geolocator-twilight,Calidris ruficollis,BQ916,036-94909,Tracking Red-necked stints along the EAAF
16668355208,TRUE,2019-12-13T18:49:42Z,TRUE,2019-12-13T18:49:42Z,FALSE,FALSE,solar-geolocator-twilight,Calidris ruficollis,BQ916,036-94909,Tracking Red-necked stints along the EAAF
16668355209,TRUE,2019-12-14T09:41:31Z,FALSE,2019-12-14T09:41:31Z,FALSE,FALSE,solar-geolocator-twilight,Calidris ruficollis,BQ916,036-94909,Tracking Red-necked stints along the EAAF
16668355221,TRUE,2019-12-14T18:43:47Z,TRUE,2019-12-14T18:43:47Z,FALSE,FALSE,solar-geolocator-twilight,Calidris ruficollis,BQ916,036-94909,Tracking Red-necked stints along the EAAF
16668355226,TRUE,2019-12-15T10:03:31Z,FALSE,2019-12-15T10:03:31Z,FALSE,FALSE,solar-geolocator-twilight,Calidris ruficollis,BQ916,036-94909,Tracking Red-necked stints along the EAAF
16668355235,TRUE,2019-12-15T18:39:29Z,TRUE,2019-12-15T18:39:29Z,FALSE,FALSE,solar-geolocator-twilight,Calidris ruficollis,BQ916,036-94909,Tracking Red-necked stints along the EAAF
16668355237,TRUE,2019-12-16T10:00:17Z,FALSE,2019-12-16T10:00:17Z,FALSE,FALSE,solar-geolocator-twilight,Calidris ruficollis,BQ916,036-94909,Tracking Red-necked stints along the EAAF
16668355248,TRUE,2019-12-16T18:29:35Z,TRUE,2019-12-16T18:29:35Z,FALSE,FALSE,solar-geolocator-twilight,Calidris ruficollis,BQ916,036-94909,Tracking Red-necked stints along the EAAF
16668355252,TRUE,2019-12-17T09:56:54Z,FALSE,2019-12-17T09:56:54Z,FALSE,FALSE,solar-geolocator-twilight,Calidris ruficollis,BQ916,036-94909,Tracking Red-necked stints along the EAAF
16668355262,TRUE,2019-12-17T18:29:35Z,TRUE,2019-12-17T18:29:35Z,FALSE,FALSE,solar-geolocator-twilight,Calidris ruficollis,BQ916,036-94909,Tracking Red-necked stints along the EAAF
16668355268,TRUE,2019-12-18T09:51:46Z,FALSE,2019-12-18T09:51:46Z,FALSE,FALSE,solar-geolocator-twilight,Calidris ruficollis,BQ916,036-94909,Tracking Red-necked stints along the EAAF
16668355278,TRUE,2019-12-18T18:54:00Z,TRUE,2019-12-18T18:54:00Z,FALSE,FALSE,solar-geolocator-twilight,Calidris ruficollis,BQ916,036-94909,Tracking Red-necked stints along the EAAF
16668355280,TRUE,2019-12-19T09:51:12Z,FALSE,2019-12-19T09:51:12Z,FALSE,FALSE,solar-geolocator-twilight,Calidris ruficollis,BQ916,036-94909,Tracking Red-necked stints along the EAAF
16668355291,TRUE,2019-12-19T18:36:28Z,TRUE,2019-12-19T18:36:28Z,FALSE,FALSE,solar-geolocator-twilight,Calidris ruficollis,BQ916,036-94909,Tracking Red-necked stints along the EAAF
16668355295,TRUE,2019-12-20T09:49:21Z,FALSE,2019-12-20T09:49:21Z,FALSE,FALSE,solar-geolocator-twilight,Calidris ruficollis,BQ916,036-94909,Tracking Red-necked stints along the EAAF
16668355306,TRUE,2019-12-20T18:58:47Z,TRUE,2019-12-20T18:58:47Z,FALSE,FALSE,solar-geolocator-twilight,Calidris ruficollis,BQ916,036-94909,Tracking Red-necked stints along the EAAF
16668355307,TRUE,2019-12-21T09:39:47Z,FALSE,2019-12-21T09:39:47Z,FALSE,FALSE,solar-geolocator-twilight,Calidris ruficollis,BQ916,036-94909,Tracking Red-necked stints along the EAAF
16668355320,TRUE,2019-12-21T18:48:28Z,TRUE,2019-12-21T18:48:28Z,FALSE,FALSE,solar-geolocator-twilight,Calidris ruficollis,BQ916,036-94909,Tracking Red-necked stints along the EAAF
16668355321,TRUE,2019-12-22T09:59:21Z,FALSE,2019-12-22T09:59:21Z,FALSE,FALSE,solar-geolocator-twilight,Calidris ruficollis,BQ916,036-94909,Tracking Red-necked stints along the EAAF
16668355334,TRUE,2019-12-22T18:43:08Z,TRUE,2019-12-22T18:43:08Z,FALSE,FALSE,solar-geolocator-twilight,Calidris ruficollis,BQ916,036-94909,Tracking Red-necked stints along the EAAF
16668355335,TRUE,2019-12-23T09:56:12Z,FALSE,2019-12-23T09:56:12Z,FALSE,FALSE,solar-geolocator-twilight,Calidris ruficollis,BQ916,036-94909,Tracking Red-necked stints along the EAAF
16668355348,TRUE,2019-12-23T18:34:56Z,TRUE,2019-12-23T18:34:56Z,FALSE,FALSE,solar-geolocator-twilight,Calidris ruficollis,BQ916,036-94909,Tracking Red-necked stints along the EAAF
16668355349,TRUE,2019-12-24T10:03:31Z,FALSE,2019-12-24T10:03:31Z,FALSE,FALSE,solar-geolocator-twilight,Calidris ruficollis,BQ916,036-94909,Tracking Red-necked stints along the EAAF
16668355362,TRUE,2019-12-24T18:38:13Z,TRUE,2019-12-24T18:38:13Z,FALSE,FALSE,solar-geolocator-twilight,Calidris ruficollis,BQ916,036-94909,Tracking Red-necked stints along the EAAF
16668355363,TRUE,2019-12-25T10:05:03Z,FALSE,2019-12-25T10:05:03Z,FALSE,FALSE,solar-geolocator-twilight,Calidris ruficollis,BQ916,036-94909,Tracking Red-necked stints along the EAAF
16668355375,TRUE,2019-12-25T18:45:38Z,TRUE,2019-12-25T18:45:38Z,FALSE,FALSE,solar-geolocator-twilight,Calidris ruficollis,BQ916,036-94909,Tracking Red-necked stints along the EAAF
16668355377,TRUE,2019-12-26T10:10:17Z,FALSE,2019-12-26T10:10:17Z,FALSE,FALSE,solar-geolocator-twilight,Calidris ruficollis,BQ916,036-94909,Tracking Red-necked stints along the EAAF
16668355390,TRUE,2019-12-26T18:38:19Z,TRUE,2019-12-26T18:38:19Z,FALSE,FALSE,solar-geolocator-twilight,Calidris ruficollis,BQ916,036-94909,Tracking Red-necked stints along the EAAF
16668355391,TRUE,2019-12-27T09:55:15Z,FALSE,2019-12-27T09:55:15Z,FALSE,FALSE,solar-geolocator-twilight,Calidris ruficollis,BQ916,036-94909,Tracking Red-necked stints along the EAAF
16668355404,TRUE,2019-12-27T19:18:55Z,TRUE,2019-12-27T19:18:55Z,FALSE,FALSE,solar-geolocator-twilight,Calidris ruficollis,BQ916,036-94909,Tracking Red-necked stints along the EAAF
16668355405,TRUE,2019-12-28T10:03:31Z,FALSE,2019-12-28T10:03:31Z,FALSE,FALSE,solar-geolocator-twilight,Calidris ruficollis,BQ916,036-94909,Tracking Red-necked stints along the EAAF
16668355417,TRUE,2019-12-28T18:40:38Z,TRUE,2019-12-28T18:40:38Z,FALSE,FALSE,solar-geolocator-twilight,Calidris ruficollis,BQ916,036-94909,Tracking Red-necked stints along the EAAF
16668355420,TRUE,2019-12-29T10:03:31Z,FALSE,2019-12-29T10:03:31Z,FALSE,FALSE,solar-geolocator-twilight,Calidris ruficollis,BQ916,036-94909,Tracking Red-necked stints along the EAAF
16668355428,TRUE,2019-12-29T18:31:28Z,TRUE,2019-12-29T18:31:28Z,FALSE,FALSE,solar-geolocator-twilight,Calidris ruficollis,BQ916,036-94909,Tracking Red-necked stints along the EAAF
16668355434,TRUE,2019-12-30T09:44:47Z,FALSE,2019-12-30T09:44:47Z,FALSE,FALSE,solar-geolocator-twilight,Calidris ruficollis,BQ916,036-94909,Tracking Red-necked stints along the EAAF
16668355445,TRUE,2019-12-30T19:01:28Z,TRUE,2019-12-30T19:01:28Z,FALSE,FALSE,solar-geolocator-twilight,Calidris ruficollis,BQ916,036-94909,Tracking Red-necked stints along the EAAF
16668355448,TRUE,2019-12-31T10:10:17Z,FALSE,2019-12-31T10:10:17Z,FALSE,FALSE,solar-geolocator-twilight,Calidris ruficollis,BQ916,036-94909,Tracking Red-necked stints along the EAAF
16668355458,TRUE,2019-12-31T18:39:19Z,TRUE,2019-12-31T18:39:19Z,FALSE,FALSE,solar-geolocator-twilight,Calidris ruficollis,BQ916,036-94909,Tracking Red-necked stints along the EAAF
16668355461,TRUE,2020-01-01T10:03:31Z,FALSE,2020-01-01T10:03:31Z,FALSE,FALSE,solar-geolocator-twilight,Calidris ruficollis,BQ916,036-94909,Tracking Red-necked stints along the EAAF
16668355472,TRUE,2020-01-01T18:38:28Z,TRUE,2020-01-01T18:38:28Z,FALSE,FALSE,solar-geolocator-twilight,Calidris ruficollis,BQ916,036-94909,Tracking Red-necked stints along the EAAF
16668355475,TRUE,2020-01-02T10:05:24Z,FALSE,2020-01-02T10:05:24Z,FALSE,FALSE,solar-geolocator-twilight,Calidris ruficollis,BQ916,036-94909,Tracking Red-necked stints along the EAAF
16668355487,TRUE,2020-01-02T18:44:44Z,TRUE,2020-01-02T18:44:44Z,FALSE,FALSE,solar-geolocator-twilight,Calidris ruficollis,BQ916,036-94909,Tracking Red-necked stints along the EAAF
16668355489,TRUE,2020-01-03T09:59:47Z,FALSE,2020-01-03T09:59:47Z,FALSE,FALSE,solar-geolocator-twilight,Calidris ruficollis,BQ916,036-94909,Tracking Red-necked stints along the EAAF
16668355502,TRUE,2020-01-03T18:48:08Z,TRUE,2020-01-03T18:48:08Z,FALSE,FALSE,solar-geolocator-twilight,Calidris ruficollis,BQ916,036-94909,Tracking Red-necked stints along the EAAF
16668355504,TRUE,2020-01-04T10:00:24Z,FALSE,2020-01-04T10:00:24Z,FALSE,FALSE,solar-geolocator-twilight,Calidris ruficollis,BQ916,036-94909,Tracking Red-necked stints along the EAAF
16668355515,TRUE,2020-01-04T19:03:13Z,TRUE,2020-01-04T19:03:13Z,FALSE,FALSE,solar-geolocator-twilight,Calidris ruficollis,BQ916,036-94909,Tracking Red-necked stints along the EAAF
16668355517,TRUE,2020-01-05T09:56:40Z,FALSE,2020-01-05T09:56:40Z,FALSE,FALSE,solar-geolocator-twilight,Calidris ruficollis,BQ916,036-94909,Tracking Red-necked stints along the EAAF
16668355530,TRUE,2020-01-05T19:23:19Z,TRUE,2020-01-05T19:23:19Z,FALSE,FALSE,solar-geolocator-twilight,Calidris ruficollis,BQ916,036-94909,Tracking Red-necked stints along the EAAF
16668355531,TRUE,2020-01-06T09:39:47Z,FALSE,2020-01-06T09:39:47Z,FALSE,FALSE,solar-geolocator-twilight,Calidris ruficollis,BQ916,036-94909,Tracking Red-necked stints along the EAAF
16668355543,TRUE,2020-01-06T18:59:56Z,TRUE,2020-01-06T18:59:56Z,FALSE,FALSE,solar-geolocator-twilight,Calidris ruficollis,BQ916,036-94909,Tracking Red-necked stints along the EAAF
16668355547,TRUE,2020-01-07T09:54:21Z,FALSE,2020-01-07T09:54:21Z,FALSE,FALSE,solar-geolocator-twilight,Calidris ruficollis,BQ916,036-94909,Tracking Red-necked stints along the EAAF
16668355558,TRUE,2020-01-07T18:59:42Z,TRUE,2020-01-07T18:59:42Z,FALSE,FALSE,solar-geolocator-twilight,Calidris ruficollis,BQ916,036-94909,Tracking Red-necked stints along the EAAF
16668355559,TRUE,2020-01-08T10:04:47Z,FALSE,2020-01-08T10:04:47Z,FALSE,FALSE,solar-geolocator-twilight,Calidris ruficollis,BQ916,036-94909,Tracking Red-necked stints along the EAAF
16668355572,TRUE,2020-01-08T18:51:28Z,TRUE,2020-01-08T18:51:28Z,FALSE,FALSE,solar-geolocator-twilight,Calidris ruficollis,BQ916,036-94909,Tracking Red-necked stints along the EAAF
16668355573,TRUE,2020-01-09T10:00:03Z,FALSE,2020-01-09T10:00:03Z,FALSE,FALSE,solar-geolocator-twilight,Calidris ruficollis,BQ916,036-94909,Tracking Red-necked stints along the EAAF
16668355586,TRUE,2020-01-09T18:55:38Z,TRUE,2020-01-09T18:55:38Z,FALSE,FALSE,solar-geolocator-twilight,Calidris ruficollis,BQ916,036-94909,Tracking Red-necked stints along the EAAF
16668355588,TRUE,2020-01-10T10:04:21Z,FALSE,2020-01-10T10:04:21Z,FALSE,FALSE,solar-geolocator-twilight,Calidris ruficollis,BQ916,036-94909,Tracking Red-necked stints along the EAAF
16668355597,TRUE,2020-01-10T18:54:02Z,TRUE,2020-01-10T18:54:02Z,FALSE,FALSE,solar-geolocator-twilight,Calidris ruficollis,BQ916,036-94909,Tracking Red-necked stints along the EAAF
16668355602,TRUE,2020-01-11T10:04:21Z,FALSE,2020-01-11T10:04:21Z,FALSE,FALSE,solar-geolocator-twilight,Calidris ruficollis,BQ916,036-94909,Tracking Red-necked stints along the EAAF
16668355613,TRUE,2020-01-11T18:50:38Z,TRUE,2020-01-11T18:50:38Z,FALSE,FALSE,solar-geolocator-twilight,Calidris ruficollis,BQ916,036-94909,Tracking Red-necked stints along the EAAF
16668355617,TRUE,2020-01-12T10:11:58Z,FALSE,2020-01-12T10:11:58Z,FALSE,FALSE,solar-geolocator-twilight,Calidris ruficollis,BQ916,036-94909,Tracking Red-necked stints along the EAAF
16668355627,TRUE,2020-01-12T18:54:42Z,TRUE,2020-01-12T18:54:42Z,FALSE,FALSE,solar-geolocator-twilight,Calidris ruficollis,BQ916,036-94909,Tracking Red-necked stints along the EAAF
16668355629,TRUE,2020-01-13T10:01:40Z,FALSE,2020-01-13T10:01:40Z,FALSE,FALSE,solar-geolocator-twilight,Calidris ruficollis,BQ916,036-94909,Tracking Red-necked stints along the EAAF
16668355641,TRUE,2020-01-13T19:04:42Z,TRUE,2020-01-13T19:04:42Z,FALSE,FALSE,solar-geolocator-twilight,Calidris ruficollis,BQ916,036-94909,Tracking Red-necked stints along the EAAF
16668355644,TRUE,2020-01-14T10:01:40Z,FALSE,2020-01-14T10:01:40Z,FALSE,FALSE,solar-geolocator-twilight,Calidris ruficollis,BQ916,036-94909,Tracking Red-necked stints along the EAAF
16668355654,TRUE,2020-01-14T19:10:38Z,TRUE,2020-01-14T19:10:38Z,FALSE,FALSE,solar-geolocator-twilight,Calidris ruficollis,BQ916,036-94909,Tracking Red-necked stints along the EAAF
16668355656,TRUE,2020-01-15T09:44:21Z,FALSE,2020-01-15T09:44:21Z,FALSE,FALSE,solar-geolocator-twilight,Calidris ruficollis,BQ916,036-94909,Tracking Red-necked stints along the EAAF
16668355665,TRUE,2020-01-15T19:25:38Z,TRUE,2020-01-15T19:25:38Z,FALSE,FALSE,solar-geolocator-twilight,Calidris ruficollis,BQ916,036-94909,Tracking Red-necked stints along the EAAF
