event-id,visible,Twilight,Rise,Twilight3,Deleted,Inserted,sensor-type,individual-taxon-canonical-name,ID,individual-local-identifier,study-name
16668351350,TRUE,2019-03-11T09:12:54Z,FALSE,2019-03-11T09:12:54Z,FALSE,FALSE,solar-geolocator-twilight,Calidris ruficollis,BQ913,036-99018,Tracking Red-necked stints along the EAAF
16668351352,TRUE,2019-03-11T19:47:49Z,TRUE,2019-03-11T19:47:49Z,FALSE,FALSE,solar-geolocator-twilight,Calidris ruficollis,BQ913,036-99018,Tracking Red-necked stints along the EAAF
16668351363,TRUE,2019-03-12T09:12:54Z,FALSE,2019-03-12T09:12:54Z,FALSE,FALSE,solar-geolocator-twilight,Calidris ruficollis,BQ913,036-99018,Tracking Red-necked stints along the EAAF
16668351365,TRUE,2019-03-12T19:45:45Z,TRUE,2019-03-12T19:45:45Z,FALSE,FALSE,solar-geolocator-twilight,Calidris ruficollis,BQ913,036-99018,Tracking Red-necked stints along the EAAF
16668351374,TRUE,2019-03-13T08:57:54Z,FALSE,2019-03-13T08:57:54Z,FALSE,FALSE,solar-geolocator-twilight,Calidris ruficollis,BQ913,036-99018,Tracking Red-necked stints along the EAAF
16668351379,TRUE,2019-03-13T19:52:19Z,TRUE,2019-03-13T19:52:19Z,FALSE,FALSE,solar-geolocator-twilight,Calidris ruficollis,BQ913,036-99018,Tracking Red-necked stints along the EAAF
16668351391,TRUE,2019-03-14T09:06:58Z,FALSE,2019-03-14T09:06:58Z,FALSE,FALSE,solar-geolocator-twilight,Calidris ruficollis,BQ913,036-99018,Tracking Red-necked stints along the EAAF
16668351397,TRUE,2019-03-14T19:49:05Z,TRUE,2019-03-14T19:49:05Z,FALSE,FALSE,solar-geolocator-twilight,Calidris ruficollis,BQ913,036-99018,Tracking Red-necked stints along the EAAF
16668351410,TRUE,2019-03-15T09:12:54Z,FALSE,2019-03-15T09:12:54Z,FALSE,FALSE,solar-geolocator-twilight,Calidris ruficollis,BQ913,036-99018,Tracking Red-necked stints along the EAAF
16668351411,TRUE,2019-03-15T19:44:05Z,TRUE,2019-03-15T19:44:05Z,FALSE,FALSE,solar-geolocator-twilight,Calidris ruficollis,BQ913,036-99018,Tracking Red-necked stints along the EAAF
16668351425,TRUE,2019-03-16T09:03:49Z,FALSE,2019-03-16T09:03:49Z,FALSE,FALSE,solar-geolocator-twilight,Calidris ruficollis,BQ913,036-99018,Tracking Red-necked stints along the EAAF
16668351427,TRUE,2019-03-16T19:50:50Z,TRUE,2019-03-16T19:50:50Z,FALSE,FALSE,solar-geolocator-twilight,Calidris ruficollis,BQ913,036-99018,Tracking Red-necked stints along the EAAF
16668351436,TRUE,2019-03-17T08:58:49Z,FALSE,2019-03-17T08:58:49Z,FALSE,FALSE,solar-geolocator-twilight,Calidris ruficollis,BQ913,036-99018,Tracking Red-necked stints along the EAAF
16668351444,TRUE,2019-03-17T19:52:49Z,TRUE,2019-03-17T19:52:49Z,FALSE,FALSE,solar-geolocator-twilight,Calidris ruficollis,BQ913,036-99018,Tracking Red-necked stints along the EAAF
16668351457,TRUE,2019-03-18T09:08:07Z,FALSE,2019-03-18T09:08:07Z,FALSE,FALSE,solar-geolocator-twilight,Calidris ruficollis,BQ913,036-99018,Tracking Red-necked stints along the EAAF
16668351461,TRUE,2019-03-18T19:51:24Z,TRUE,2019-03-18T19:51:24Z,FALSE,FALSE,solar-geolocator-twilight,Calidris ruficollis,BQ913,036-99018,Tracking Red-necked stints along the EAAF
16668351472,TRUE,2019-03-19T09:01:08Z,FALSE,2019-03-19T09:01:08Z,FALSE,FALSE,solar-geolocator-twilight,Calidris ruficollis,BQ913,036-99018,Tracking Red-necked stints along the EAAF
16668351476,TRUE,2019-03-19T20:02:19Z,TRUE,2019-03-19T20:02:19Z,FALSE,FALSE,solar-geolocator-twilight,Calidris ruficollis,BQ913,036-99018,Tracking Red-necked stints along the EAAF
16668351489,TRUE,2019-03-20T08:59:08Z,FALSE,2019-03-20T08:59:08Z,FALSE,FALSE,solar-geolocator-twilight,Calidris ruficollis,BQ913,036-99018,Tracking Red-necked stints along the EAAF
16668351495,TRUE,2019-03-20T20:06:05Z,TRUE,2019-03-20T20:06:05Z,FALSE,FALSE,solar-geolocator-twilight,Calidris ruficollis,BQ913,036-99018,Tracking Red-necked stints along the EAAF
16668351503,TRUE,2019-03-21T08:58:49Z,FALSE,2019-03-21T08:58:49Z,FALSE,FALSE,solar-geolocator-twilight,Calidris ruficollis,BQ913,036-99018,Tracking Red-necked stints along the EAAF
16668351507,TRUE,2019-03-21T19:59:05Z,TRUE,2019-03-21T19:59:05Z,FALSE,FALSE,solar-geolocator-twilight,Calidris ruficollis,BQ913,036-99018,Tracking Red-necked stints along the EAAF
16668351520,TRUE,2019-03-22T08:57:24Z,FALSE,2019-03-22T08:57:24Z,FALSE,FALSE,solar-geolocator-twilight,Calidris ruficollis,BQ913,036-99018,Tracking Red-necked stints along the EAAF
16668351526,TRUE,2019-03-22T20:04:05Z,TRUE,2019-03-22T20:04:05Z,FALSE,FALSE,solar-geolocator-twilight,Calidris ruficollis,BQ913,036-99018,Tracking Red-necked stints along the EAAF
16668351536,TRUE,2019-03-23T08:46:08Z,FALSE,2019-03-23T08:46:08Z,FALSE,FALSE,solar-geolocator-twilight,Calidris ruficollis,BQ913,036-99018,Tracking Red-necked stints along the EAAF
16668351539,TRUE,2019-03-23T19:56:24Z,TRUE,2019-03-23T19:56:24Z,FALSE,FALSE,solar-geolocator-twilight,Calidris ruficollis,BQ913,036-99018,Tracking Red-necked stints along the EAAF
16668351554,TRUE,2019-03-24T08:51:08Z,FALSE,2019-03-24T08:51:08Z,FALSE,FALSE,solar-geolocator-twilight,Calidris ruficollis,BQ913,036-99018,Tracking Red-necked stints along the EAAF
16668351555,TRUE,2019-03-24T20:11:24Z,TRUE,2019-03-24T20:11:24Z,FALSE,FALSE,solar-geolocator-twilight,Calidris ruficollis,BQ913,036-99018,Tracking Red-necked stints along the EAAF
16668351570,TRUE,2019-03-25T08:51:08Z,FALSE,2019-03-25T08:51:08Z,FALSE,FALSE,solar-geolocator-twilight,Calidris ruficollis,BQ913,036-99018,Tracking Red-necked stints along the EAAF
16668351573,TRUE,2019-03-25T20:09:05Z,TRUE,2019-03-25T20:09:05Z,FALSE,FALSE,solar-geolocator-twilight,Calidris ruficollis,BQ913,036-99018,Tracking Red-necked stints along the EAAF
16668351586,TRUE,2019-03-26T08:51:08Z,FALSE,2019-03-26T08:51:08Z,FALSE,FALSE,solar-geolocator-twilight,Calidris ruficollis,BQ913,036-99018,Tracking Red-necked stints along the EAAF
16668351590,TRUE,2019-03-26T20:16:24Z,TRUE,2019-03-26T20:16:24Z,FALSE,FALSE,solar-geolocator-twilight,Calidris ruficollis,BQ913,036-99018,Tracking Red-necked stints along the EAAF
16668351602,TRUE,2019-03-27T08:54:08Z,FALSE,2019-03-27T08:54:08Z,FALSE,FALSE,solar-geolocator-twilight,Calidris ruficollis,BQ913,036-99018,Tracking Red-necked stints along the EAAF
16668351608,TRUE,2019-03-27T20:13:15Z,TRUE,2019-03-27T20:13:15Z,FALSE,FALSE,solar-geolocator-twilight,Calidris ruficollis,BQ913,036-99018,Tracking Red-necked stints along the EAAF
16668351618,TRUE,2019-03-28T08:49:17Z,FALSE,2019-03-28T08:49:17Z,FALSE,FALSE,solar-geolocator-twilight,Calidris ruficollis,BQ913,036-99018,Tracking Red-necked stints along the EAAF
16668351620,TRUE,2019-03-28T20:14:05Z,TRUE,2019-03-28T20:14:05Z,FALSE,FALSE,solar-geolocator-twilight,Calidris ruficollis,BQ913,036-99018,Tracking Red-necked stints along the EAAF
16668351632,TRUE,2019-03-29T08:32:54Z,FALSE,2019-03-29T08:32:54Z,FALSE,FALSE,solar-geolocator-twilight,Calidris ruficollis,BQ913,036-99018,Tracking Red-necked stints along the EAAF
16668351637,TRUE,2019-03-29T20:19:05Z,TRUE,2019-03-29T20:19:05Z,FALSE,FALSE,solar-geolocator-twilight,Calidris ruficollis,BQ913,036-99018,Tracking Red-necked stints along the EAAF
16668351644,TRUE,2019-03-30T08:34:38Z,FALSE,2019-03-30T08:34:38Z,FALSE,FALSE,solar-geolocator-twilight,Calidris ruficollis,BQ913,036-99018,Tracking Red-necked stints along the EAAF
16668351656,TRUE,2019-03-30T20:16:24Z,TRUE,2019-03-30T20:16:24Z,FALSE,FALSE,solar-geolocator-twilight,Calidris ruficollis,BQ913,036-99018,Tracking Red-necked stints along the EAAF
16668351662,TRUE,2019-03-31T08:34:17Z,FALSE,2019-03-31T08:34:17Z,FALSE,FALSE,solar-geolocator-twilight,Calidris ruficollis,BQ913,036-99018,Tracking Red-necked stints along the EAAF
16668351674,TRUE,2019-03-31T20:17:19Z,TRUE,2019-03-31T20:17:19Z,FALSE,FALSE,solar-geolocator-twilight,Calidris ruficollis,BQ913,036-99018,Tracking Red-necked stints along the EAAF
16668351682,TRUE,2019-04-01T08:48:49Z,FALSE,2019-04-01T08:48:49Z,FALSE,FALSE,solar-geolocator-twilight,Calidris ruficollis,BQ913,036-99018,Tracking Red-necked stints along the EAAF
16668351684,TRUE,2019-04-01T20:01:24Z,TRUE,2019-04-01T20:01:24Z,FALSE,FALSE,solar-geolocator-twilight,Calidris ruficollis,BQ913,036-99018,Tracking Red-necked stints along the EAAF
16668351694,TRUE,2019-04-02T08:41:08Z,FALSE,2019-04-02T08:41:08Z,FALSE,FALSE,solar-geolocator-twilight,Calidris ruficollis,BQ913,036-99018,Tracking Red-necked stints along the EAAF
16668351703,TRUE,2019-04-02T20:07:21Z,TRUE,2019-04-02T20:07:21Z,FALSE,FALSE,solar-geolocator-twilight,Calidris ruficollis,BQ913,036-99018,Tracking Red-necked stints along the EAAF
16668351710,TRUE,2019-04-03T08:27:54Z,FALSE,2019-04-03T08:27:54Z,FALSE,FALSE,solar-geolocator-twilight,Calidris ruficollis,BQ913,036-99018,Tracking Red-necked stints along the EAAF
16668351715,TRUE,2019-04-03T20:02:19Z,TRUE,2019-04-03T20:02:19Z,FALSE,FALSE,solar-geolocator-twilight,Calidris ruficollis,BQ913,036-99018,Tracking Red-necked stints along the EAAF
16668351723,TRUE,2019-04-04T08:27:54Z,FALSE,2019-04-04T08:27:54Z,FALSE,FALSE,solar-geolocator-twilight,Calidris ruficollis,BQ913,036-99018,Tracking Red-necked stints along the EAAF
16668351732,TRUE,2019-04-04T20:06:24Z,TRUE,2019-04-04T20:06:24Z,FALSE,FALSE,solar-geolocator-twilight,Calidris ruficollis,BQ913,036-99018,Tracking Red-necked stints along the EAAF
16668351744,TRUE,2019-04-05T08:32:54Z,FALSE,2019-04-05T08:32:54Z,FALSE,FALSE,solar-geolocator-twilight,Calidris ruficollis,BQ913,036-99018,Tracking Red-necked stints along the EAAF
16668351749,TRUE,2019-04-05T20:17:19Z,TRUE,2019-04-05T20:17:19Z,FALSE,FALSE,solar-geolocator-twilight,Calidris ruficollis,BQ913,036-99018,Tracking Red-necked stints along the EAAF
16668351760,TRUE,2019-04-06T08:42:54Z,FALSE,2019-04-06T08:42:54Z,FALSE,FALSE,solar-geolocator-twilight,Calidris ruficollis,BQ913,036-99018,Tracking Red-necked stints along the EAAF
16668351766,TRUE,2019-04-06T20:07:49Z,TRUE,2019-04-06T20:07:49Z,FALSE,FALSE,solar-geolocator-twilight,Calidris ruficollis,BQ913,036-99018,Tracking Red-necked stints along the EAAF
16668351773,TRUE,2019-04-07T08:29:17Z,FALSE,2019-04-07T08:29:17Z,FALSE,FALSE,solar-geolocator-twilight,Calidris ruficollis,BQ913,036-99018,Tracking Red-necked stints along the EAAF
16668351781,TRUE,2019-04-07T20:13:15Z,TRUE,2019-04-07T20:13:15Z,FALSE,FALSE,solar-geolocator-twilight,Calidris ruficollis,BQ913,036-99018,Tracking Red-necked stints along the EAAF
16668351792,TRUE,2019-04-08T08:29:08Z,FALSE,2019-04-08T08:29:08Z,FALSE,FALSE,solar-geolocator-twilight,Calidris ruficollis,BQ913,036-99018,Tracking Red-necked stints along the EAAF
16668351795,TRUE,2019-04-08T20:16:24Z,TRUE,2019-04-08T20:16:24Z,FALSE,FALSE,solar-geolocator-twilight,Calidris ruficollis,BQ913,036-99018,Tracking Red-necked stints along the EAAF
16668351807,TRUE,2019-04-09T08:32:54Z,FALSE,2019-04-09T08:32:54Z,FALSE,FALSE,solar-geolocator-twilight,Calidris ruficollis,BQ913,036-99018,Tracking Red-necked stints along the EAAF
16668351812,TRUE,2019-04-09T20:14:05Z,TRUE,2019-04-09T20:14:05Z,FALSE,FALSE,solar-geolocator-twilight,Calidris ruficollis,BQ913,036-99018,Tracking Red-necked stints along the EAAF
16668351821,TRUE,2019-04-10T08:16:08Z,FALSE,2019-04-10T08:16:08Z,FALSE,FALSE,solar-geolocator-twilight,Calidris ruficollis,BQ913,036-99018,Tracking Red-necked stints along the EAAF
16668351830,TRUE,2019-04-10T20:25:56Z,TRUE,2019-04-10T20:25:56Z,FALSE,FALSE,solar-geolocator-twilight,Calidris ruficollis,BQ913,036-99018,Tracking Red-necked stints along the EAAF
16668351840,TRUE,2019-04-11T08:39:08Z,FALSE,2019-04-11T08:39:08Z,FALSE,FALSE,solar-geolocator-twilight,Calidris ruficollis,BQ913,036-99018,Tracking Red-necked stints along the EAAF
16668351845,TRUE,2019-04-11T20:16:24Z,TRUE,2019-04-11T20:16:24Z,FALSE,FALSE,solar-geolocator-twilight,Calidris ruficollis,BQ913,036-99018,Tracking Red-necked stints along the EAAF
16668351856,TRUE,2019-04-12T08:37:40Z,FALSE,2019-04-12T08:37:40Z,FALSE,FALSE,solar-geolocator-twilight,Calidris ruficollis,BQ913,036-99018,Tracking Red-necked stints along the EAAF
16668351859,TRUE,2019-04-12T20:22:19Z,TRUE,2019-04-12T20:22:19Z,FALSE,FALSE,solar-geolocator-twilight,Calidris ruficollis,BQ913,036-99018,Tracking Red-necked stints along the EAAF
16668351868,TRUE,2019-04-13T08:07:24Z,FALSE,2019-04-13T08:07:24Z,FALSE,FALSE,solar-geolocator-twilight,Calidris ruficollis,BQ913,036-99018,Tracking Red-necked stints along the EAAF
16668351875,TRUE,2019-04-13T20:07:19Z,TRUE,2019-04-13T20:07:19Z,FALSE,FALSE,solar-geolocator-twilight,Calidris ruficollis,BQ913,036-99018,Tracking Red-necked stints along the EAAF
16668351885,TRUE,2019-04-14T08:14:33Z,FALSE,2019-04-14T08:14:33Z,FALSE,FALSE,solar-geolocator-twilight,Calidris ruficollis,BQ913,036-99018,Tracking Red-necked stints along the EAAF
16668351891,TRUE,2019-04-14T20:14:05Z,TRUE,2019-04-14T20:14:05Z,FALSE,FALSE,solar-geolocator-twilight,Calidris ruficollis,BQ913,036-99018,Tracking Red-necked stints along the EAAF
16668351900,TRUE,2019-04-15T08:14:17Z,FALSE,2019-04-15T08:14:17Z,FALSE,FALSE,solar-geolocator-twilight,Calidris ruficollis,BQ913,036-99018,Tracking Red-necked stints along the EAAF
16668351907,TRUE,2019-04-15T20:07:19Z,TRUE,2019-04-15T20:07:19Z,FALSE,FALSE,solar-geolocator-twilight,Calidris ruficollis,BQ913,036-99018,Tracking Red-necked stints along the EAAF
16668351917,TRUE,2019-04-16T08:14:41Z,FALSE,2019-04-16T08:14:41Z,FALSE,FALSE,solar-geolocator-twilight,Calidris ruficollis,BQ913,036-99018,Tracking Red-necked stints along the EAAF
16668351923,TRUE,2019-04-16T20:13:15Z,TRUE,2019-04-16T20:13:15Z,FALSE,FALSE,solar-geolocator-twilight,Calidris ruficollis,BQ913,036-99018,Tracking Red-necked stints along the EAAF
16668351935,TRUE,2019-04-17T08:07:54Z,FALSE,2019-04-17T08:07:54Z,FALSE,FALSE,solar-geolocator-twilight,Calidris ruficollis,BQ913,036-99018,Tracking Red-necked stints along the EAAF
16668351939,TRUE,2019-04-17T20:12:19Z,TRUE,2019-04-17T20:12:19Z,FALSE,FALSE,solar-geolocator-twilight,Calidris ruficollis,BQ913,036-99018,Tracking Red-necked stints along the EAAF
16668351947,TRUE,2019-04-18T08:06:08Z,FALSE,2019-04-18T08:06:08Z,FALSE,FALSE,solar-geolocator-twilight,Calidris ruficollis,BQ913,036-99018,Tracking Red-necked stints along the EAAF
16668351956,TRUE,2019-04-18T20:14:05Z,TRUE,2019-04-18T20:14:05Z,FALSE,FALSE,solar-geolocator-twilight,Calidris ruficollis,BQ913,036-99018,Tracking Red-necked stints along the EAAF
16668351964,TRUE,2019-04-19T08:12:54Z,FALSE,2019-04-19T08:12:54Z,FALSE,FALSE,solar-geolocator-twilight,Calidris ruficollis,BQ913,036-99018,Tracking Red-necked stints along the EAAF
16668351972,TRUE,2019-04-19T20:16:05Z,TRUE,2019-04-19T20:16:05Z,FALSE,FALSE,solar-geolocator-twilight,Calidris ruficollis,BQ913,036-99018,Tracking Red-necked stints along the EAAF
16668351980,TRUE,2019-04-20T08:06:08Z,FALSE,2019-04-20T08:06:08Z,FALSE,FALSE,solar-geolocator-twilight,Calidris ruficollis,BQ913,036-99018,Tracking Red-necked stints along the EAAF
16668351987,TRUE,2019-04-20T20:15:45Z,TRUE,2019-04-20T20:15:45Z,FALSE,FALSE,solar-geolocator-twilight,Calidris ruficollis,BQ913,036-99018,Tracking Red-necked stints along the EAAF
16668351995,TRUE,2019-04-21T08:04:33Z,FALSE,2019-04-21T08:04:33Z,FALSE,FALSE,solar-geolocator-twilight,Calidris ruficollis,BQ913,036-99018,Tracking Red-necked stints along the EAAF
16668352003,TRUE,2019-04-21T20:25:45Z,TRUE,2019-04-21T20:25:45Z,FALSE,FALSE,solar-geolocator-twilight,Calidris ruficollis,BQ913,036-99018,Tracking Red-necked stints along the EAAF
16668352011,TRUE,2019-04-22T08:03:49Z,FALSE,2019-04-22T08:03:49Z,FALSE,FALSE,solar-geolocator-twilight,Calidris ruficollis,BQ913,036-99018,Tracking Red-necked stints along the EAAF
16668352019,TRUE,2019-04-22T20:19:05Z,TRUE,2019-04-22T20:19:05Z,FALSE,FALSE,solar-geolocator-twilight,Calidris ruficollis,BQ913,036-99018,Tracking Red-necked stints along the EAAF
16668352028,TRUE,2019-04-23T07:59:08Z,FALSE,2019-04-23T07:59:08Z,FALSE,FALSE,solar-geolocator-twilight,Calidris ruficollis,BQ913,036-99018,Tracking Red-necked stints along the EAAF
16668352035,TRUE,2019-04-23T20:26:05Z,TRUE,2019-04-23T20:26:05Z,FALSE,FALSE,solar-geolocator-twilight,Calidris ruficollis,BQ913,036-99018,Tracking Red-necked stints along the EAAF
16668352043,TRUE,2019-04-24T07:54:17Z,FALSE,2019-04-24T07:54:17Z,FALSE,FALSE,solar-geolocator-twilight,Calidris ruficollis,BQ913,036-99018,Tracking Red-necked stints along the EAAF
16668352051,TRUE,2019-04-24T20:25:38Z,TRUE,2019-04-24T20:25:38Z,FALSE,FALSE,solar-geolocator-twilight,Calidris ruficollis,BQ913,036-99018,Tracking Red-necked stints along the EAAF
16668352059,TRUE,2019-04-25T08:01:08Z,FALSE,2019-04-25T08:01:08Z,FALSE,FALSE,solar-geolocator-twilight,Calidris ruficollis,BQ913,036-99018,Tracking Red-necked stints along the EAAF
16668352067,TRUE,2019-04-25T20:21:24Z,TRUE,2019-04-25T20:21:24Z,FALSE,FALSE,solar-geolocator-twilight,Calidris ruficollis,BQ913,036-99018,Tracking Red-necked stints along the EAAF
16668352075,TRUE,2019-04-26T07:54:33Z,FALSE,2019-04-26T07:54:33Z,FALSE,FALSE,solar-geolocator-twilight,Calidris ruficollis,BQ913,036-99018,Tracking Red-necked stints along the EAAF
16668352083,TRUE,2019-04-26T20:17:19Z,TRUE,2019-04-26T20:17:19Z,FALSE,FALSE,solar-geolocator-twilight,Calidris ruficollis,BQ913,036-99018,Tracking Red-necked stints along the EAAF
16668352091,TRUE,2019-04-27T07:54:44Z,FALSE,2019-04-27T07:54:44Z,FALSE,FALSE,solar-geolocator-twilight,Calidris ruficollis,BQ913,036-99018,Tracking Red-necked stints along the EAAF
16668352099,TRUE,2019-04-27T20:11:05Z,TRUE,2019-04-27T20:11:05Z,FALSE,FALSE,solar-geolocator-twilight,Calidris ruficollis,BQ913,036-99018,Tracking Red-necked stints along the EAAF
16668352110,TRUE,2019-04-28T08:34:33Z,FALSE,2019-04-28T08:34:33Z,FALSE,FALSE,solar-geolocator-twilight,Calidris ruficollis,BQ913,036-99018,Tracking Red-necked stints along the EAAF
16668352115,TRUE,2019-04-28T20:27:19Z,TRUE,2019-04-28T20:27:19Z,FALSE,FALSE,solar-geolocator-twilight,Calidris ruficollis,BQ913,036-99018,Tracking Red-necked stints along the EAAF
16668352124,TRUE,2019-04-29T08:27:54Z,FALSE,2019-04-29T08:27:54Z,FALSE,FALSE,solar-geolocator-twilight,Calidris ruficollis,BQ913,036-99018,Tracking Red-necked stints along the EAAF
16668352132,TRUE,2019-04-29T20:37:49Z,TRUE,2019-04-29T20:37:49Z,FALSE,FALSE,solar-geolocator-twilight,Calidris ruficollis,BQ913,036-99018,Tracking Red-necked stints along the EAAF
16668352141,TRUE,2019-04-30T08:26:58Z,FALSE,2019-04-30T08:26:58Z,FALSE,FALSE,solar-geolocator-twilight,Calidris ruficollis,BQ913,036-99018,Tracking Red-necked stints along the EAAF
16668352147,TRUE,2019-04-30T20:34:05Z,TRUE,2019-04-30T20:34:05Z,FALSE,FALSE,solar-geolocator-twilight,Calidris ruficollis,BQ913,036-99018,Tracking Red-necked stints along the EAAF
16668352157,TRUE,2019-05-01T08:24:17Z,FALSE,2019-05-01T08:24:17Z,FALSE,FALSE,solar-geolocator-twilight,Calidris ruficollis,BQ913,036-99018,Tracking Red-necked stints along the EAAF
16668352163,TRUE,2019-05-01T20:31:05Z,TRUE,2019-05-01T20:31:05Z,FALSE,FALSE,solar-geolocator-twilight,Calidris ruficollis,BQ913,036-99018,Tracking Red-necked stints along the EAAF
16668352172,TRUE,2019-05-02T08:24:08Z,FALSE,2019-05-02T08:24:08Z,FALSE,FALSE,solar-geolocator-twilight,Calidris ruficollis,BQ913,036-99018,Tracking Red-necked stints along the EAAF
16668352180,TRUE,2019-05-02T20:41:05Z,TRUE,2019-05-02T20:41:05Z,FALSE,FALSE,solar-geolocator-twilight,Calidris ruficollis,BQ913,036-99018,Tracking Red-necked stints along the EAAF
16668352189,TRUE,2019-05-03T08:24:17Z,FALSE,2019-05-03T08:24:17Z,FALSE,FALSE,solar-geolocator-twilight,Calidris ruficollis,BQ913,036-99018,Tracking Red-necked stints along the EAAF
16668352196,TRUE,2019-05-03T20:49:05Z,TRUE,2019-05-03T20:49:05Z,FALSE,FALSE,solar-geolocator-twilight,Calidris ruficollis,BQ913,036-99018,Tracking Red-necked stints along the EAAF
16668352205,TRUE,2019-05-04T09:27:24Z,FALSE,2019-05-04T09:27:24Z,FALSE,FALSE,solar-geolocator-twilight,Calidris ruficollis,BQ913,036-99018,Tracking Red-necked stints along the EAAF
16668352213,TRUE,2019-05-04T21:31:05Z,TRUE,2019-05-04T21:31:05Z,FALSE,FALSE,solar-geolocator-twilight,Calidris ruficollis,BQ913,036-99018,Tracking Red-necked stints along the EAAF
16668352222,TRUE,2019-05-05T10:21:58Z,FALSE,2019-05-05T10:21:58Z,FALSE,FALSE,solar-geolocator-twilight,Calidris ruficollis,BQ913,036-99018,Tracking Red-necked stints along the EAAF
16668352230,TRUE,2019-05-05T21:44:05Z,TRUE,2019-05-05T21:44:05Z,FALSE,FALSE,solar-geolocator-twilight,Calidris ruficollis,BQ913,036-99018,Tracking Red-necked stints along the EAAF
16668352238,TRUE,2019-05-06T10:28:01Z,FALSE,2019-05-06T10:28:01Z,FALSE,FALSE,solar-geolocator-twilight,Calidris ruficollis,BQ913,036-99018,Tracking Red-necked stints along the EAAF
16668352247,TRUE,2019-05-06T21:47:49Z,TRUE,2019-05-06T21:47:49Z,FALSE,FALSE,solar-geolocator-twilight,Calidris ruficollis,BQ913,036-99018,Tracking Red-necked stints along the EAAF
16668352254,TRUE,2019-05-07T10:29:35Z,FALSE,2019-05-07T10:29:35Z,FALSE,FALSE,solar-geolocator-twilight,Calidris ruficollis,BQ913,036-99018,Tracking Red-necked stints along the EAAF
16668352262,TRUE,2019-05-07T21:40:56Z,TRUE,2019-05-07T21:40:56Z,FALSE,FALSE,solar-geolocator-twilight,Calidris ruficollis,BQ913,036-99018,Tracking Red-necked stints along the EAAF
16668352273,TRUE,2019-05-08T10:32:54Z,FALSE,2019-05-08T10:32:54Z,FALSE,FALSE,solar-geolocator-twilight,Calidris ruficollis,BQ913,036-99018,Tracking Red-necked stints along the EAAF
16668352278,TRUE,2019-05-08T21:52:56Z,TRUE,2019-05-08T17:09:05Z,FALSE,FALSE,solar-geolocator-twilight,Calidris ruficollis,BQ913,036-99018,Tracking Red-necked stints along the EAAF
16668352288,TRUE,2019-05-09T10:31:08Z,FALSE,2019-05-09T10:31:08Z,FALSE,FALSE,solar-geolocator-twilight,Calidris ruficollis,BQ913,036-99018,Tracking Red-necked stints along the EAAF
16668352294,TRUE,2019-05-09T21:43:15Z,TRUE,2019-05-09T21:43:15Z,FALSE,FALSE,solar-geolocator-twilight,Calidris ruficollis,BQ913,036-99018,Tracking Red-necked stints along the EAAF
16668352303,TRUE,2019-05-10T10:36:08Z,FALSE,2019-05-10T10:36:08Z,FALSE,FALSE,solar-geolocator-twilight,Calidris ruficollis,BQ913,036-99018,Tracking Red-necked stints along the EAAF
16668352310,TRUE,2019-05-10T21:47:49Z,TRUE,2019-05-10T21:47:49Z,FALSE,FALSE,solar-geolocator-twilight,Calidris ruficollis,BQ913,036-99018,Tracking Red-necked stints along the EAAF
16668352317,TRUE,2019-05-11T10:36:08Z,FALSE,2019-05-11T10:36:08Z,FALSE,FALSE,solar-geolocator-twilight,Calidris ruficollis,BQ913,036-99018,Tracking Red-necked stints along the EAAF
16668352326,TRUE,2019-05-11T21:41:24Z,TRUE,2019-05-11T21:41:24Z,FALSE,FALSE,solar-geolocator-twilight,Calidris ruficollis,BQ913,036-99018,Tracking Red-necked stints along the EAAF
16668352333,TRUE,2019-05-12T10:29:31Z,FALSE,2019-05-12T10:29:31Z,FALSE,FALSE,solar-geolocator-twilight,Calidris ruficollis,BQ913,036-99018,Tracking Red-necked stints along the EAAF
16668352342,TRUE,2019-05-12T21:35:50Z,TRUE,2019-05-12T21:35:50Z,FALSE,FALSE,solar-geolocator-twilight,Calidris ruficollis,BQ913,036-99018,Tracking Red-necked stints along the EAAF
16668352351,TRUE,2019-05-13T10:46:58Z,FALSE,2019-05-13T10:46:58Z,FALSE,FALSE,solar-geolocator-twilight,Calidris ruficollis,BQ913,036-99018,Tracking Red-necked stints along the EAAF
16668352357,TRUE,2019-05-13T21:23:15Z,TRUE,2019-05-13T21:23:15Z,FALSE,FALSE,solar-geolocator-twilight,Calidris ruficollis,BQ913,036-99018,Tracking Red-necked stints along the EAAF
16668352367,TRUE,2019-05-14T10:54:17Z,FALSE,2019-05-14T10:54:17Z,FALSE,FALSE,solar-geolocator-twilight,Calidris ruficollis,BQ913,036-99018,Tracking Red-necked stints along the EAAF
16668352371,TRUE,2019-05-14T20:44:05Z,TRUE,2019-05-14T20:44:05Z,FALSE,FALSE,solar-geolocator-twilight,Calidris ruficollis,BQ913,036-99018,Tracking Red-necked stints along the EAAF
16668352383,TRUE,2019-05-15T10:53:49Z,FALSE,2019-05-15T10:53:49Z,FALSE,FALSE,solar-geolocator-twilight,Calidris ruficollis,BQ913,036-99018,Tracking Red-necked stints along the EAAF
16668352387,TRUE,2019-05-15T20:42:19Z,TRUE,2019-05-15T20:42:19Z,FALSE,FALSE,solar-geolocator-twilight,Calidris ruficollis,BQ913,036-99018,Tracking Red-necked stints along the EAAF
16668352400,TRUE,2019-05-16T10:59:08Z,FALSE,2019-05-16T10:59:08Z,FALSE,FALSE,solar-geolocator-twilight,Calidris ruficollis,BQ913,036-99018,Tracking Red-necked stints along the EAAF
16668352406,TRUE,2019-05-16T20:51:24Z,TRUE,2019-05-16T20:51:24Z,FALSE,FALSE,solar-geolocator-twilight,Calidris ruficollis,BQ913,036-99018,Tracking Red-necked stints along the EAAF
16668352415,TRUE,2019-05-17T11:03:49Z,FALSE,2019-05-17T11:03:49Z,FALSE,FALSE,solar-geolocator-twilight,Calidris ruficollis,BQ913,036-99018,Tracking Red-necked stints along the EAAF
16668352421,TRUE,2019-05-17T20:45:50Z,TRUE,2019-05-17T20:45:50Z,FALSE,FALSE,solar-geolocator-twilight,Calidris ruficollis,BQ913,036-99018,Tracking Red-necked stints along the EAAF
16668352433,TRUE,2019-05-18T11:07:54Z,FALSE,2019-05-18T11:07:54Z,FALSE,FALSE,solar-geolocator-twilight,Calidris ruficollis,BQ913,036-99018,Tracking Red-necked stints along the EAAF
16668352436,TRUE,2019-05-18T20:36:24Z,TRUE,2019-05-18T20:36:24Z,FALSE,FALSE,solar-geolocator-twilight,Calidris ruficollis,BQ913,036-99018,Tracking Red-necked stints along the EAAF
16668352448,TRUE,2019-05-19T11:14:23Z,FALSE,2019-05-19T11:14:23Z,FALSE,FALSE,solar-geolocator-twilight,Calidris ruficollis,BQ913,036-99018,Tracking Red-necked stints along the EAAF
16668352451,TRUE,2019-05-19T20:34:05Z,TRUE,2019-05-19T20:34:05Z,FALSE,FALSE,solar-geolocator-twilight,Calidris ruficollis,BQ913,036-99018,Tracking Red-necked stints along the EAAF
16668352466,TRUE,2019-05-20T11:21:08Z,FALSE,2019-05-20T11:21:08Z,FALSE,FALSE,solar-geolocator-twilight,Calidris ruficollis,BQ913,036-99018,Tracking Red-necked stints along the EAAF
16668352468,TRUE,2019-05-20T20:29:05Z,TRUE,2019-05-20T20:29:05Z,FALSE,FALSE,solar-geolocator-twilight,Calidris ruficollis,BQ913,036-99018,Tracking Red-necked stints along the EAAF
16668352479,TRUE,2019-05-21T11:11:08Z,FALSE,2019-05-21T11:11:08Z,FALSE,FALSE,solar-geolocator-twilight,Calidris ruficollis,BQ913,036-99018,Tracking Red-necked stints along the EAAF
16668352483,TRUE,2019-05-21T20:19:05Z,TRUE,2019-05-21T20:19:05Z,FALSE,FALSE,solar-geolocator-twilight,Calidris ruficollis,BQ913,036-99018,Tracking Red-necked stints along the EAAF
16668352498,TRUE,2019-05-22T11:49:17Z,FALSE,2019-05-22T11:49:17Z,FALSE,FALSE,solar-geolocator-twilight,Calidris ruficollis,BQ913,036-99018,Tracking Red-necked stints along the EAAF
16668352501,TRUE,2019-05-22T20:22:19Z,TRUE,2019-05-22T20:22:19Z,FALSE,FALSE,solar-geolocator-twilight,Calidris ruficollis,BQ913,036-99018,Tracking Red-necked stints along the EAAF
16668352512,TRUE,2019-05-23T11:46:08Z,FALSE,2019-05-23T11:46:08Z,FALSE,FALSE,solar-geolocator-twilight,Calidris ruficollis,BQ913,036-99018,Tracking Red-necked stints along the EAAF
16668352515,TRUE,2019-05-23T20:18:15Z,TRUE,2019-05-23T20:18:15Z,FALSE,FALSE,solar-geolocator-twilight,Calidris ruficollis,BQ913,036-99018,Tracking Red-necked stints along the EAAF
16668352528,TRUE,2019-05-24T11:42:54Z,FALSE,2019-05-24T11:42:54Z,FALSE,FALSE,solar-geolocator-twilight,Calidris ruficollis,BQ913,036-99018,Tracking Red-necked stints along the EAAF
16668352533,TRUE,2019-05-24T20:20:56Z,TRUE,2019-05-24T20:20:56Z,FALSE,FALSE,solar-geolocator-twilight,Calidris ruficollis,BQ913,036-99018,Tracking Red-necked stints along the EAAF
16668352542,TRUE,2019-05-25T11:39:08Z,FALSE,2019-05-25T11:39:08Z,FALSE,FALSE,solar-geolocator-twilight,Calidris ruficollis,BQ913,036-99018,Tracking Red-necked stints along the EAAF
16668352549,TRUE,2019-05-25T20:25:38Z,TRUE,2019-05-25T20:25:38Z,FALSE,FALSE,solar-geolocator-twilight,Calidris ruficollis,BQ913,036-99018,Tracking Red-necked stints along the EAAF
16668352560,TRUE,2019-05-26T11:36:08Z,FALSE,2019-05-26T11:36:08Z,FALSE,FALSE,solar-geolocator-twilight,Calidris ruficollis,BQ913,036-99018,Tracking Red-necked stints along the EAAF
16668352567,TRUE,2019-05-26T20:29:05Z,TRUE,2019-05-26T20:29:05Z,FALSE,FALSE,solar-geolocator-twilight,Calidris ruficollis,BQ913,036-99018,Tracking Red-necked stints along the EAAF
16668352575,TRUE,2019-05-27T11:48:49Z,FALSE,2019-05-27T11:48:49Z,FALSE,FALSE,solar-geolocator-twilight,Calidris ruficollis,BQ913,036-99018,Tracking Red-necked stints along the EAAF
16668352582,TRUE,2019-05-27T20:14:05Z,TRUE,2019-05-27T20:14:05Z,FALSE,FALSE,solar-geolocator-twilight,Calidris ruficollis,BQ913,036-99018,Tracking Red-necked stints along the EAAF
16668352592,TRUE,2019-05-28T11:52:54Z,FALSE,2019-05-28T11:52:54Z,FALSE,FALSE,solar-geolocator-twilight,Calidris ruficollis,BQ913,036-99018,Tracking Red-necked stints along the EAAF
16668352600,TRUE,2019-05-28T20:18:15Z,TRUE,2019-05-28T20:18:15Z,FALSE,FALSE,solar-geolocator-twilight,Calidris ruficollis,BQ913,036-99018,Tracking Red-necked stints along the EAAF
16668352606,TRUE,2019-05-29T11:48:49Z,FALSE,2019-05-29T11:48:49Z,FALSE,FALSE,solar-geolocator-twilight,Calidris ruficollis,BQ913,036-99018,Tracking Red-necked stints along the EAAF
16668352613,TRUE,2019-05-29T19:37:19Z,TRUE,2019-05-29T19:37:19Z,FALSE,FALSE,solar-geolocator-twilight,Calidris ruficollis,BQ913,036-99018,Tracking Red-necked stints along the EAAF
16668352623,TRUE,2019-05-30T11:48:41Z,FALSE,2019-05-30T10:43:49Z,FALSE,FALSE,solar-geolocator-twilight,Calidris ruficollis,BQ913,036-99018,Tracking Red-necked stints along the EAAF
16668352627,TRUE,2019-05-30T17:21:24Z,TRUE,2019-05-30T17:21:24Z,FALSE,FALSE,solar-geolocator-twilight,Calidris ruficollis,BQ913,036-99018,Tracking Red-necked stints along the EAAF
16668352637,TRUE,2019-05-31T11:47:54Z,FALSE,2019-05-31T11:47:54Z,FALSE,FALSE,solar-geolocator-twilight,Calidris ruficollis,BQ913,036-99018,Tracking Red-necked stints along the EAAF
16668352643,TRUE,2019-05-31T15:31:24Z,TRUE,2019-05-31T15:31:24Z,FALSE,FALSE,solar-geolocator-twilight,Calidris ruficollis,BQ913,036-99018,Tracking Red-necked stints along the EAAF
16668352937,TRUE,2019-07-19T12:42:54Z,FALSE,2019-07-19T12:42:54Z,FALSE,FALSE,solar-geolocator-twilight,Calidris ruficollis,BQ913,036-99018,Tracking Red-necked stints along the EAAF
16668352938,TRUE,2019-07-19T13:07:19Z,TRUE,2019-07-19T13:07:19Z,FALSE,FALSE,solar-geolocator-twilight,Calidris ruficollis,BQ913,036-99018,Tracking Red-necked stints along the EAAF
16668352944,TRUE,2019-07-20T11:21:08Z,FALSE,2019-07-20T11:21:08Z,FALSE,FALSE,solar-geolocator-twilight,Calidris ruficollis,BQ913,036-99018,Tracking Red-necked stints along the EAAF
16668352948,TRUE,2019-07-20T14:28:15Z,TRUE,2019-07-20T14:28:15Z,FALSE,FALSE,solar-geolocator-twilight,Calidris ruficollis,BQ913,036-99018,Tracking Red-necked stints along the EAAF
16668352956,TRUE,2019-07-21T11:47:50Z,FALSE,2019-07-21T11:47:54Z,FALSE,FALSE,solar-geolocator-twilight,Calidris ruficollis,BQ913,036-99018,Tracking Red-necked stints along the EAAF
16668352959,TRUE,2019-07-21T14:56:24Z,TRUE,2019-07-21T14:56:24Z,FALSE,FALSE,solar-geolocator-twilight,Calidris ruficollis,BQ913,036-99018,Tracking Red-necked stints along the EAAF
16668352967,TRUE,2019-07-22T11:41:49Z,FALSE,2019-07-22T11:31:08Z,FALSE,FALSE,solar-geolocator-twilight,Calidris ruficollis,BQ913,036-99018,Tracking Red-necked stints along the EAAF
16668352971,TRUE,2019-07-22T14:59:05Z,TRUE,2019-07-22T14:59:05Z,FALSE,FALSE,solar-geolocator-twilight,Calidris ruficollis,BQ913,036-99018,Tracking Red-necked stints along the EAAF
16668352979,TRUE,2019-07-23T11:47:54Z,FALSE,2019-07-23T11:47:54Z,FALSE,FALSE,solar-geolocator-twilight,Calidris ruficollis,BQ913,036-99018,Tracking Red-necked stints along the EAAF
16668352984,TRUE,2019-07-23T15:52:19Z,TRUE,2019-07-23T15:52:19Z,FALSE,FALSE,solar-geolocator-twilight,Calidris ruficollis,BQ913,036-99018,Tracking Red-necked stints along the EAAF
16668352993,TRUE,2019-07-24T11:42:54Z,FALSE,2019-07-24T11:42:54Z,FALSE,FALSE,solar-geolocator-twilight,Calidris ruficollis,BQ913,036-99018,Tracking Red-necked stints along the EAAF
16668352999,TRUE,2019-07-24T16:17:19Z,TRUE,2019-07-24T16:17:19Z,FALSE,FALSE,solar-geolocator-twilight,Calidris ruficollis,BQ913,036-99018,Tracking Red-necked stints along the EAAF
16668353008,TRUE,2019-07-25T11:22:54Z,FALSE,2019-07-25T11:22:54Z,FALSE,FALSE,solar-geolocator-twilight,Calidris ruficollis,BQ913,036-99018,Tracking Red-necked stints along the EAAF
16668353015,TRUE,2019-07-25T16:14:05Z,TRUE,2019-07-25T16:14:05Z,FALSE,FALSE,solar-geolocator-twilight,Calidris ruficollis,BQ913,036-99018,Tracking Red-necked stints along the EAAF
16668353024,TRUE,2019-07-26T11:12:24Z,FALSE,2019-07-26T11:12:24Z,FALSE,FALSE,solar-geolocator-twilight,Calidris ruficollis,BQ913,036-99018,Tracking Red-necked stints along the EAAF
16668353031,TRUE,2019-07-26T16:16:24Z,TRUE,2019-07-26T16:16:24Z,FALSE,FALSE,solar-geolocator-twilight,Calidris ruficollis,BQ913,036-99018,Tracking Red-necked stints along the EAAF
16668353040,TRUE,2019-07-27T11:26:08Z,FALSE,2019-07-27T11:26:08Z,FALSE,FALSE,solar-geolocator-twilight,Calidris ruficollis,BQ913,036-99018,Tracking Red-necked stints along the EAAF
16668353047,TRUE,2019-07-27T16:24:05Z,TRUE,2019-07-27T16:24:05Z,FALSE,FALSE,solar-geolocator-twilight,Calidris ruficollis,BQ913,036-99018,Tracking Red-necked stints along the EAAF
16668353057,TRUE,2019-07-28T11:27:54Z,FALSE,2019-07-28T11:27:54Z,FALSE,FALSE,solar-geolocator-twilight,Calidris ruficollis,BQ913,036-99018,Tracking Red-necked stints along the EAAF
16668353063,TRUE,2019-07-28T17:17:19Z,TRUE,2019-07-28T17:17:19Z,FALSE,FALSE,solar-geolocator-twilight,Calidris ruficollis,BQ913,036-99018,Tracking Red-necked stints along the EAAF
16668353073,TRUE,2019-07-29T11:17:54Z,FALSE,2019-07-29T11:17:54Z,FALSE,FALSE,solar-geolocator-twilight,Calidris ruficollis,BQ913,036-99018,Tracking Red-necked stints along the EAAF
16668353079,TRUE,2019-07-29T18:14:05Z,TRUE,2019-07-29T18:14:05Z,FALSE,FALSE,solar-geolocator-twilight,Calidris ruficollis,BQ913,036-99018,Tracking Red-necked stints along the EAAF
16668353089,TRUE,2019-07-30T11:17:54Z,FALSE,2019-07-30T11:17:54Z,FALSE,FALSE,solar-geolocator-twilight,Calidris ruficollis,BQ913,036-99018,Tracking Red-necked stints along the EAAF
16668353095,TRUE,2019-07-30T18:22:33Z,TRUE,2019-07-30T18:22:33Z,FALSE,FALSE,solar-geolocator-twilight,Calidris ruficollis,BQ913,036-99018,Tracking Red-necked stints along the EAAF
16668353105,TRUE,2019-07-31T11:06:58Z,FALSE,2019-07-31T11:06:58Z,FALSE,FALSE,solar-geolocator-twilight,Calidris ruficollis,BQ913,036-99018,Tracking Red-necked stints along the EAAF
16668353111,TRUE,2019-07-31T18:19:05Z,TRUE,2019-07-31T18:19:05Z,FALSE,FALSE,solar-geolocator-twilight,Calidris ruficollis,BQ913,036-99018,Tracking Red-necked stints along the EAAF
16668353120,TRUE,2019-08-01T11:02:54Z,FALSE,2019-08-01T11:02:54Z,FALSE,FALSE,solar-geolocator-twilight,Calidris ruficollis,BQ913,036-99018,Tracking Red-necked stints along the EAAF
16668353127,TRUE,2019-08-01T18:29:05Z,TRUE,2019-08-01T18:29:05Z,FALSE,FALSE,solar-geolocator-twilight,Calidris ruficollis,BQ913,036-99018,Tracking Red-necked stints along the EAAF
16668353137,TRUE,2019-08-02T11:11:08Z,FALSE,2019-08-02T11:11:08Z,FALSE,FALSE,solar-geolocator-twilight,Calidris ruficollis,BQ913,036-99018,Tracking Red-necked stints along the EAAF
16668353143,TRUE,2019-08-02T18:21:05Z,TRUE,2019-08-02T18:21:05Z,FALSE,FALSE,solar-geolocator-twilight,Calidris ruficollis,BQ913,036-99018,Tracking Red-necked stints along the EAAF
16668353152,TRUE,2019-08-03T11:01:58Z,FALSE,2019-08-03T11:01:58Z,FALSE,FALSE,solar-geolocator-twilight,Calidris ruficollis,BQ913,036-99018,Tracking Red-necked stints along the EAAF
16668353159,TRUE,2019-08-03T18:21:05Z,TRUE,2019-08-03T18:21:05Z,FALSE,FALSE,solar-geolocator-twilight,Calidris ruficollis,BQ913,036-99018,Tracking Red-necked stints along the EAAF
16668353168,TRUE,2019-08-04T11:06:08Z,FALSE,2019-08-04T11:06:08Z,FALSE,FALSE,solar-geolocator-twilight,Calidris ruficollis,BQ913,036-99018,Tracking Red-necked stints along the EAAF
16668353175,TRUE,2019-08-04T18:19:05Z,TRUE,2019-08-04T18:19:05Z,FALSE,FALSE,solar-geolocator-twilight,Calidris ruficollis,BQ913,036-99018,Tracking Red-necked stints along the EAAF
16668353185,TRUE,2019-08-05T11:02:01Z,FALSE,2019-08-05T10:33:49Z,FALSE,FALSE,solar-geolocator-twilight,Calidris ruficollis,BQ913,036-99018,Tracking Red-necked stints along the EAAF
16668353191,TRUE,2019-08-05T18:24:05Z,TRUE,2019-08-05T18:24:05Z,FALSE,FALSE,solar-geolocator-twilight,Calidris ruficollis,BQ913,036-99018,Tracking Red-necked stints along the EAAF
16668353201,TRUE,2019-08-06T10:59:17Z,FALSE,2019-08-06T10:59:17Z,FALSE,FALSE,solar-geolocator-twilight,Calidris ruficollis,BQ913,036-99018,Tracking Red-necked stints along the EAAF
16668353207,TRUE,2019-08-06T19:07:19Z,TRUE,2019-08-06T19:07:19Z,FALSE,FALSE,solar-geolocator-twilight,Calidris ruficollis,BQ913,036-99018,Tracking Red-necked stints along the EAAF
16668353217,TRUE,2019-08-07T10:55:03Z,FALSE,2019-08-07T10:37:54Z,FALSE,FALSE,solar-geolocator-twilight,Calidris ruficollis,BQ913,036-99018,Tracking Red-necked stints along the EAAF
16668353223,TRUE,2019-08-07T19:44:05Z,TRUE,2019-08-07T19:44:05Z,FALSE,FALSE,solar-geolocator-twilight,Calidris ruficollis,BQ913,036-99018,Tracking Red-necked stints along the EAAF
16668353233,TRUE,2019-08-08T10:52:54Z,FALSE,2019-08-08T10:52:54Z,FALSE,FALSE,solar-geolocator-twilight,Calidris ruficollis,BQ913,036-99018,Tracking Red-necked stints along the EAAF
16668353239,TRUE,2019-08-08T19:54:05Z,TRUE,2019-08-08T19:54:05Z,FALSE,FALSE,solar-geolocator-twilight,Calidris ruficollis,BQ913,036-99018,Tracking Red-necked stints along the EAAF
16668353249,TRUE,2019-08-09T10:46:08Z,FALSE,2019-08-09T10:46:08Z,FALSE,FALSE,solar-geolocator-twilight,Calidris ruficollis,BQ913,036-99018,Tracking Red-necked stints along the EAAF
16668353255,TRUE,2019-08-09T19:57:49Z,TRUE,2019-08-09T19:57:49Z,FALSE,FALSE,solar-geolocator-twilight,Calidris ruficollis,BQ913,036-99018,Tracking Red-necked stints along the EAAF
16668353265,TRUE,2019-08-10T10:37:54Z,FALSE,2019-08-10T10:37:54Z,FALSE,FALSE,solar-geolocator-twilight,Calidris ruficollis,BQ913,036-99018,Tracking Red-necked stints along the EAAF
16668353271,TRUE,2019-08-10T20:00:42Z,TRUE,2019-08-10T20:00:42Z,FALSE,FALSE,solar-geolocator-twilight,Calidris ruficollis,BQ913,036-99018,Tracking Red-necked stints along the EAAF
16668353281,TRUE,2019-08-11T10:41:08Z,FALSE,2019-08-11T10:41:08Z,FALSE,FALSE,solar-geolocator-twilight,Calidris ruficollis,BQ913,036-99018,Tracking Red-necked stints along the EAAF
16668353287,TRUE,2019-08-11T19:56:24Z,TRUE,2019-08-11T19:56:24Z,FALSE,FALSE,solar-geolocator-twilight,Calidris ruficollis,BQ913,036-99018,Tracking Red-necked stints along the EAAF
16668353297,TRUE,2019-08-12T10:51:51Z,FALSE,2019-08-12T14:38:13Z,FALSE,FALSE,solar-geolocator-twilight,Calidris ruficollis,BQ913,036-99018,Tracking Red-necked stints along the EAAF
16668353303,TRUE,2019-08-12T20:07:25Z,TRUE,2019-08-12T17:08:15Z,FALSE,FALSE,solar-geolocator-twilight,Calidris ruficollis,BQ913,036-99018,Tracking Red-necked stints along the EAAF
16668353314,TRUE,2019-08-13T11:07:24Z,FALSE,2019-08-13T11:07:24Z,FALSE,FALSE,solar-geolocator-twilight,Calidris ruficollis,BQ913,036-99018,Tracking Red-necked stints along the EAAF
16668353319,TRUE,2019-08-13T20:24:05Z,TRUE,2019-08-13T20:24:05Z,FALSE,FALSE,solar-geolocator-twilight,Calidris ruficollis,BQ913,036-99018,Tracking Red-necked stints along the EAAF
16668353332,TRUE,2019-08-14T11:02:54Z,FALSE,2019-08-14T11:02:54Z,FALSE,FALSE,solar-geolocator-twilight,Calidris ruficollis,BQ913,036-99018,Tracking Red-necked stints along the EAAF
16668353335,TRUE,2019-08-14T20:34:05Z,TRUE,2019-08-14T20:34:05Z,FALSE,FALSE,solar-geolocator-twilight,Calidris ruficollis,BQ913,036-99018,Tracking Red-necked stints along the EAAF
16668353345,TRUE,2019-08-15T10:56:08Z,FALSE,2019-08-15T10:56:08Z,FALSE,FALSE,solar-geolocator-twilight,Calidris ruficollis,BQ913,036-99018,Tracking Red-necked stints along the EAAF
16668353351,TRUE,2019-08-15T20:37:19Z,TRUE,2019-08-15T20:37:19Z,FALSE,FALSE,solar-geolocator-twilight,Calidris ruficollis,BQ913,036-99018,Tracking Red-necked stints along the EAAF
16668353364,TRUE,2019-08-16T11:01:08Z,FALSE,2019-08-16T11:01:08Z,FALSE,FALSE,solar-geolocator-twilight,Calidris ruficollis,BQ913,036-99018,Tracking Red-necked stints along the EAAF
16668353367,TRUE,2019-08-16T20:24:05Z,TRUE,2019-08-16T20:24:05Z,FALSE,FALSE,solar-geolocator-twilight,Calidris ruficollis,BQ913,036-99018,Tracking Red-necked stints along the EAAF
16668353379,TRUE,2019-08-17T10:56:58Z,FALSE,2019-08-17T10:56:58Z,FALSE,FALSE,solar-geolocator-twilight,Calidris ruficollis,BQ913,036-99018,Tracking Red-necked stints along the EAAF
16668353383,TRUE,2019-08-17T20:29:05Z,TRUE,2019-08-17T20:29:05Z,FALSE,FALSE,solar-geolocator-twilight,Calidris ruficollis,BQ913,036-99018,Tracking Red-necked stints along the EAAF
16668353396,TRUE,2019-08-18T10:59:17Z,FALSE,2019-08-18T10:59:17Z,FALSE,FALSE,solar-geolocator-twilight,Calidris ruficollis,BQ913,036-99018,Tracking Red-necked stints along the EAAF
16668353399,TRUE,2019-08-18T20:30:50Z,TRUE,2019-08-18T20:30:50Z,FALSE,FALSE,solar-geolocator-twilight,Calidris ruficollis,BQ913,036-99018,Tracking Red-necked stints along the EAAF
16668353412,TRUE,2019-08-19T10:59:08Z,FALSE,2019-08-19T10:59:08Z,FALSE,FALSE,solar-geolocator-twilight,Calidris ruficollis,BQ913,036-99018,Tracking Red-necked stints along the EAAF
16668353415,TRUE,2019-08-19T20:28:15Z,TRUE,2019-08-19T20:28:15Z,FALSE,FALSE,solar-geolocator-twilight,Calidris ruficollis,BQ913,036-99018,Tracking Red-necked stints along the EAAF
16668353426,TRUE,2019-08-20T10:49:39Z,FALSE,2019-08-20T10:49:39Z,FALSE,FALSE,solar-geolocator-twilight,Calidris ruficollis,BQ913,036-99018,Tracking Red-necked stints along the EAAF
16668353432,TRUE,2019-08-20T20:42:49Z,TRUE,2019-08-20T20:42:49Z,FALSE,FALSE,solar-geolocator-twilight,Calidris ruficollis,BQ913,036-99018,Tracking Red-necked stints along the EAAF
16668353443,TRUE,2019-08-21T10:57:24Z,FALSE,2019-08-21T10:57:24Z,FALSE,FALSE,solar-geolocator-twilight,Calidris ruficollis,BQ913,036-99018,Tracking Red-necked stints along the EAAF
16668353447,TRUE,2019-08-21T20:34:05Z,TRUE,2019-08-21T20:34:05Z,FALSE,FALSE,solar-geolocator-twilight,Calidris ruficollis,BQ913,036-99018,Tracking Red-necked stints along the EAAF
16668353459,TRUE,2019-08-22T10:51:58Z,FALSE,2019-08-22T10:51:58Z,FALSE,FALSE,solar-geolocator-twilight,Calidris ruficollis,BQ913,036-99018,Tracking Red-necked stints along the EAAF
16668353464,TRUE,2019-08-22T20:34:05Z,TRUE,2019-08-22T20:34:05Z,FALSE,FALSE,solar-geolocator-twilight,Calidris ruficollis,BQ913,036-99018,Tracking Red-necked stints along the EAAF
16668353476,TRUE,2019-08-23T10:56:58Z,FALSE,2019-08-23T10:56:58Z,FALSE,FALSE,solar-geolocator-twilight,Calidris ruficollis,BQ913,036-99018,Tracking Red-necked stints along the EAAF
16668353480,TRUE,2019-08-23T20:48:15Z,TRUE,2019-08-23T20:48:15Z,FALSE,FALSE,solar-geolocator-twilight,Calidris ruficollis,BQ913,036-99018,Tracking Red-necked stints along the EAAF
16668353492,TRUE,2019-08-24T10:59:23Z,FALSE,2019-08-24T10:59:23Z,FALSE,FALSE,solar-geolocator-twilight,Calidris ruficollis,BQ913,036-99018,Tracking Red-necked stints along the EAAF
16668353496,TRUE,2019-08-24T21:09:05Z,TRUE,2019-08-24T21:09:05Z,FALSE,FALSE,solar-geolocator-twilight,Calidris ruficollis,BQ913,036-99018,Tracking Red-necked stints along the EAAF
16668353508,TRUE,2019-08-25T10:56:08Z,FALSE,2019-08-25T10:56:08Z,FALSE,FALSE,solar-geolocator-twilight,Calidris ruficollis,BQ913,036-99018,Tracking Red-necked stints along the EAAF
16668353512,TRUE,2019-08-25T21:07:49Z,TRUE,2019-08-25T21:07:49Z,FALSE,FALSE,solar-geolocator-twilight,Calidris ruficollis,BQ913,036-99018,Tracking Red-necked stints along the EAAF
16668353522,TRUE,2019-08-26T10:44:28Z,FALSE,2019-08-26T10:44:28Z,FALSE,FALSE,solar-geolocator-twilight,Calidris ruficollis,BQ913,036-99018,Tracking Red-necked stints along the EAAF
16668353528,TRUE,2019-08-26T21:19:05Z,TRUE,2019-08-26T21:19:05Z,FALSE,FALSE,solar-geolocator-twilight,Calidris ruficollis,BQ913,036-99018,Tracking Red-necked stints along the EAAF
16668353538,TRUE,2019-08-27T10:37:52Z,FALSE,2019-08-27T10:37:52Z,FALSE,FALSE,solar-geolocator-twilight,Calidris ruficollis,BQ913,036-99018,Tracking Red-necked stints along the EAAF
16668353544,TRUE,2019-08-27T21:22:49Z,TRUE,2019-08-27T21:22:49Z,FALSE,FALSE,solar-geolocator-twilight,Calidris ruficollis,BQ913,036-99018,Tracking Red-necked stints along the EAAF
16668353555,TRUE,2019-08-28T10:39:17Z,FALSE,2019-08-28T10:39:17Z,FALSE,FALSE,solar-geolocator-twilight,Calidris ruficollis,BQ913,036-99018,Tracking Red-necked stints along the EAAF
16668353560,TRUE,2019-08-28T21:14:05Z,TRUE,2019-08-28T21:14:05Z,FALSE,FALSE,solar-geolocator-twilight,Calidris ruficollis,BQ913,036-99018,Tracking Red-necked stints along the EAAF
16668353571,TRUE,2019-08-29T10:43:49Z,FALSE,2019-08-29T10:43:49Z,FALSE,FALSE,solar-geolocator-twilight,Calidris ruficollis,BQ913,036-99018,Tracking Red-necked stints along the EAAF
16668353577,TRUE,2019-08-29T21:10:42Z,TRUE,2019-08-29T21:10:42Z,FALSE,FALSE,solar-geolocator-twilight,Calidris ruficollis,BQ913,036-99018,Tracking Red-necked stints along the EAAF
16668353585,TRUE,2019-08-30T10:28:49Z,FALSE,2019-08-30T10:28:49Z,FALSE,FALSE,solar-geolocator-twilight,Calidris ruficollis,BQ913,036-99018,Tracking Red-necked stints along the EAAF
16668353593,TRUE,2019-08-30T21:19:05Z,TRUE,2019-08-30T21:19:05Z,FALSE,FALSE,solar-geolocator-twilight,Calidris ruficollis,BQ913,036-99018,Tracking Red-necked stints along the EAAF
16668353602,TRUE,2019-08-31T10:42:54Z,FALSE,2019-08-31T10:42:54Z,FALSE,FALSE,solar-geolocator-twilight,Calidris ruficollis,BQ913,036-99018,Tracking Red-necked stints along the EAAF
16668353609,TRUE,2019-08-31T21:20:45Z,TRUE,2019-08-31T21:20:45Z,FALSE,FALSE,solar-geolocator-twilight,Calidris ruficollis,BQ913,036-99018,Tracking Red-necked stints along the EAAF
16668353617,TRUE,2019-09-01T10:26:08Z,FALSE,2019-09-01T10:26:08Z,FALSE,FALSE,solar-geolocator-twilight,Calidris ruficollis,BQ913,036-99018,Tracking Red-necked stints along the EAAF
16668353625,TRUE,2019-09-01T21:21:05Z,TRUE,2019-09-01T21:21:05Z,FALSE,FALSE,solar-geolocator-twilight,Calidris ruficollis,BQ913,036-99018,Tracking Red-necked stints along the EAAF
16668353635,TRUE,2019-09-02T10:36:08Z,FALSE,2019-09-02T10:36:08Z,FALSE,FALSE,solar-geolocator-twilight,Calidris ruficollis,BQ913,036-99018,Tracking Red-necked stints along the EAAF
16668353642,TRUE,2019-09-02T21:11:24Z,TRUE,2019-09-02T21:11:24Z,FALSE,FALSE,solar-geolocator-twilight,Calidris ruficollis,BQ913,036-99018,Tracking Red-necked stints along the EAAF
16668353651,TRUE,2019-09-03T10:36:08Z,FALSE,2019-09-03T10:36:08Z,FALSE,FALSE,solar-geolocator-twilight,Calidris ruficollis,BQ913,036-99018,Tracking Red-necked stints along the EAAF
16668353658,TRUE,2019-09-03T21:18:15Z,TRUE,2019-09-03T21:18:15Z,FALSE,FALSE,solar-geolocator-twilight,Calidris ruficollis,BQ913,036-99018,Tracking Red-necked stints along the EAAF
16668353667,TRUE,2019-09-04T10:36:08Z,FALSE,2019-09-04T10:36:08Z,FALSE,FALSE,solar-geolocator-twilight,Calidris ruficollis,BQ913,036-99018,Tracking Red-necked stints along the EAAF
16668353675,TRUE,2019-09-04T21:59:05Z,TRUE,2019-09-04T21:59:05Z,FALSE,FALSE,solar-geolocator-twilight,Calidris ruficollis,BQ913,036-99018,Tracking Red-necked stints along the EAAF
16668353684,TRUE,2019-09-05T10:51:58Z,FALSE,2019-09-05T10:51:58Z,FALSE,FALSE,solar-geolocator-twilight,Calidris ruficollis,BQ913,036-99018,Tracking Red-necked stints along the EAAF
16668353692,TRUE,2019-09-05T22:02:49Z,TRUE,2019-09-05T22:02:49Z,FALSE,FALSE,solar-geolocator-twilight,Calidris ruficollis,BQ913,036-99018,Tracking Red-necked stints along the EAAF
16668353700,TRUE,2019-09-06T10:39:23Z,FALSE,2019-09-06T10:39:23Z,FALSE,FALSE,solar-geolocator-twilight,Calidris ruficollis,BQ913,036-99018,Tracking Red-necked stints along the EAAF
16668353706,TRUE,2019-09-06T21:37:19Z,TRUE,2019-09-06T21:37:19Z,FALSE,FALSE,solar-geolocator-twilight,Calidris ruficollis,BQ913,036-99018,Tracking Red-necked stints along the EAAF
16668353716,TRUE,2019-09-07T10:31:08Z,FALSE,2019-09-07T10:31:08Z,FALSE,FALSE,solar-geolocator-twilight,Calidris ruficollis,BQ913,036-99018,Tracking Red-necked stints along the EAAF
16668353723,TRUE,2019-09-07T21:29:05Z,TRUE,2019-09-07T21:29:05Z,FALSE,FALSE,solar-geolocator-twilight,Calidris ruficollis,BQ913,036-99018,Tracking Red-necked stints along the EAAF
16668353731,TRUE,2019-09-08T10:27:54Z,FALSE,2019-09-08T10:27:54Z,FALSE,FALSE,solar-geolocator-twilight,Calidris ruficollis,BQ913,036-99018,Tracking Red-necked stints along the EAAF
16668353739,TRUE,2019-09-08T21:34:05Z,TRUE,2019-09-08T21:34:05Z,FALSE,FALSE,solar-geolocator-twilight,Calidris ruficollis,BQ913,036-99018,Tracking Red-necked stints along the EAAF
16668353747,TRUE,2019-09-09T10:24:28Z,FALSE,2019-09-09T10:24:28Z,FALSE,FALSE,solar-geolocator-twilight,Calidris ruficollis,BQ913,036-99018,Tracking Red-necked stints along the EAAF
16668353755,TRUE,2019-09-09T21:36:56Z,TRUE,2019-09-09T21:36:56Z,FALSE,FALSE,solar-geolocator-twilight,Calidris ruficollis,BQ913,036-99018,Tracking Red-necked stints along the EAAF
16668353763,TRUE,2019-09-10T10:24:17Z,FALSE,2019-09-10T10:24:17Z,FALSE,FALSE,solar-geolocator-twilight,Calidris ruficollis,BQ913,036-99018,Tracking Red-necked stints along the EAAF
16668353771,TRUE,2019-09-10T21:36:24Z,TRUE,2019-09-10T21:36:24Z,FALSE,FALSE,solar-geolocator-twilight,Calidris ruficollis,BQ913,036-99018,Tracking Red-necked stints along the EAAF
16668353779,TRUE,2019-09-11T10:19:23Z,FALSE,2019-09-11T10:19:23Z,FALSE,FALSE,solar-geolocator-twilight,Calidris ruficollis,BQ913,036-99018,Tracking Red-necked stints along the EAAF
16668353787,TRUE,2019-09-11T21:30:40Z,TRUE,2019-09-11T21:30:40Z,FALSE,FALSE,solar-geolocator-twilight,Calidris ruficollis,BQ913,036-99018,Tracking Red-necked stints along the EAAF
16668353795,TRUE,2019-09-12T10:16:58Z,FALSE,2019-09-12T10:16:58Z,FALSE,FALSE,solar-geolocator-twilight,Calidris ruficollis,BQ913,036-99018,Tracking Red-necked stints along the EAAF
16668353804,TRUE,2019-09-12T21:46:05Z,TRUE,2019-09-12T21:46:05Z,FALSE,FALSE,solar-geolocator-twilight,Calidris ruficollis,BQ913,036-99018,Tracking Red-necked stints along the EAAF
16668353811,TRUE,2019-09-13T09:59:31Z,FALSE,2019-09-13T09:59:31Z,FALSE,FALSE,solar-geolocator-twilight,Calidris ruficollis,BQ913,036-99018,Tracking Red-necked stints along the EAAF
16668353820,TRUE,2019-09-13T21:54:05Z,TRUE,2019-09-13T21:54:05Z,FALSE,FALSE,solar-geolocator-twilight,Calidris ruficollis,BQ913,036-99018,Tracking Red-necked stints along the EAAF
16668353828,TRUE,2019-09-14T10:21:58Z,FALSE,2019-09-14T10:21:58Z,FALSE,FALSE,solar-geolocator-twilight,Calidris ruficollis,BQ913,036-99018,Tracking Red-necked stints along the EAAF
16668353838,TRUE,2019-09-14T21:44:05Z,TRUE,2019-09-14T21:44:05Z,FALSE,FALSE,solar-geolocator-twilight,Calidris ruficollis,BQ913,036-99018,Tracking Red-necked stints along the EAAF
16668353846,TRUE,2019-09-15T10:24:08Z,FALSE,2019-09-15T10:24:08Z,FALSE,FALSE,solar-geolocator-twilight,Calidris ruficollis,BQ913,036-99018,Tracking Red-necked stints along the EAAF
16668353856,TRUE,2019-09-15T21:45:40Z,TRUE,2019-09-15T21:45:40Z,FALSE,FALSE,solar-geolocator-twilight,Calidris ruficollis,BQ913,036-99018,Tracking Red-necked stints along the EAAF
16668353864,TRUE,2019-09-16T10:24:31Z,FALSE,2019-09-16T10:24:31Z,FALSE,FALSE,solar-geolocator-twilight,Calidris ruficollis,BQ913,036-99018,Tracking Red-necked stints along the EAAF
16668353874,TRUE,2019-09-16T21:47:49Z,TRUE,2019-09-16T21:47:49Z,FALSE,FALSE,solar-geolocator-twilight,Calidris ruficollis,BQ913,036-99018,Tracking Red-necked stints along the EAAF
16668353882,TRUE,2019-09-17T10:24:31Z,FALSE,2019-09-17T10:24:31Z,FALSE,FALSE,solar-geolocator-twilight,Calidris ruficollis,BQ913,036-99018,Tracking Red-necked stints along the EAAF
16668353892,TRUE,2019-09-17T21:44:05Z,TRUE,2019-09-17T21:44:05Z,FALSE,FALSE,solar-geolocator-twilight,Calidris ruficollis,BQ913,036-99018,Tracking Red-necked stints along the EAAF
16668353900,TRUE,2019-09-18T10:24:40Z,FALSE,2019-09-18T10:24:40Z,FALSE,FALSE,solar-geolocator-twilight,Calidris ruficollis,BQ913,036-99018,Tracking Red-necked stints along the EAAF
16668353910,TRUE,2019-09-18T21:40:42Z,TRUE,2019-09-18T21:40:42Z,FALSE,FALSE,solar-geolocator-twilight,Calidris ruficollis,BQ913,036-99018,Tracking Red-necked stints along the EAAF
16668353918,TRUE,2019-09-19T10:21:58Z,FALSE,2019-09-19T10:21:58Z,FALSE,FALSE,solar-geolocator-twilight,Calidris ruficollis,BQ913,036-99018,Tracking Red-necked stints along the EAAF
16668353928,TRUE,2019-09-19T21:35:56Z,TRUE,2019-09-19T21:35:56Z,FALSE,FALSE,solar-geolocator-twilight,Calidris ruficollis,BQ913,036-99018,Tracking Red-necked stints along the EAAF
16668353936,TRUE,2019-09-20T10:17:24Z,FALSE,2019-09-20T10:17:24Z,FALSE,FALSE,solar-geolocator-twilight,Calidris ruficollis,BQ913,036-99018,Tracking Red-necked stints along the EAAF
16668353945,TRUE,2019-09-20T21:34:05Z,TRUE,2019-09-20T21:34:05Z,FALSE,FALSE,solar-geolocator-twilight,Calidris ruficollis,BQ913,036-99018,Tracking Red-necked stints along the EAAF
16668353954,TRUE,2019-09-21T10:14:08Z,FALSE,2019-09-21T10:14:08Z,FALSE,FALSE,solar-geolocator-twilight,Calidris ruficollis,BQ913,036-99018,Tracking Red-necked stints along the EAAF
16668353964,TRUE,2019-09-21T21:37:49Z,TRUE,2019-09-21T21:37:49Z,FALSE,FALSE,solar-geolocator-twilight,Calidris ruficollis,BQ913,036-99018,Tracking Red-necked stints along the EAAF
16668353972,TRUE,2019-09-22T10:29:08Z,FALSE,2019-09-22T10:29:08Z,FALSE,FALSE,solar-geolocator-twilight,Calidris ruficollis,BQ913,036-99018,Tracking Red-necked stints along the EAAF
16668353982,TRUE,2019-09-22T21:45:42Z,TRUE,2019-09-22T21:45:42Z,FALSE,FALSE,solar-geolocator-twilight,Calidris ruficollis,BQ913,036-99018,Tracking Red-necked stints along the EAAF
16668353990,TRUE,2019-09-23T10:27:54Z,FALSE,2019-09-23T10:27:54Z,FALSE,FALSE,solar-geolocator-twilight,Calidris ruficollis,BQ913,036-99018,Tracking Red-necked stints along the EAAF
16668354002,TRUE,2019-09-23T21:36:05Z,TRUE,2019-09-23T21:36:05Z,FALSE,FALSE,solar-geolocator-twilight,Calidris ruficollis,BQ913,036-99018,Tracking Red-necked stints along the EAAF
16668354010,TRUE,2019-09-24T10:21:08Z,FALSE,2019-09-24T10:21:08Z,FALSE,FALSE,solar-geolocator-twilight,Calidris ruficollis,BQ913,036-99018,Tracking Red-necked stints along the EAAF
16668354022,TRUE,2019-09-24T21:37:33Z,TRUE,2019-09-24T21:37:33Z,FALSE,FALSE,solar-geolocator-twilight,Calidris ruficollis,BQ913,036-99018,Tracking Red-necked stints along the EAAF
16668354030,TRUE,2019-09-25T10:24:08Z,FALSE,2019-09-25T10:24:08Z,FALSE,FALSE,solar-geolocator-twilight,Calidris ruficollis,BQ913,036-99018,Tracking Red-necked stints along the EAAF
16668354040,TRUE,2019-09-25T21:30:50Z,TRUE,2019-09-25T21:30:50Z,FALSE,FALSE,solar-geolocator-twilight,Calidris ruficollis,BQ913,036-99018,Tracking Red-necked stints along the EAAF
16668354048,TRUE,2019-09-26T10:16:08Z,FALSE,2019-09-26T10:16:08Z,FALSE,FALSE,solar-geolocator-twilight,Calidris ruficollis,BQ913,036-99018,Tracking Red-necked stints along the EAAF
16668354060,TRUE,2019-09-26T21:33:15Z,TRUE,2019-09-26T21:33:15Z,FALSE,FALSE,solar-geolocator-twilight,Calidris ruficollis,BQ913,036-99018,Tracking Red-necked stints along the EAAF
16668354068,TRUE,2019-09-27T10:19:35Z,FALSE,2019-09-27T10:19:35Z,FALSE,FALSE,solar-geolocator-twilight,Calidris ruficollis,BQ913,036-99018,Tracking Red-necked stints along the EAAF
16668354078,TRUE,2019-09-27T21:34:05Z,TRUE,2019-09-27T21:34:05Z,FALSE,FALSE,solar-geolocator-twilight,Calidris ruficollis,BQ913,036-99018,Tracking Red-necked stints along the EAAF
16668354086,TRUE,2019-09-28T10:21:08Z,FALSE,2019-09-28T10:21:08Z,FALSE,FALSE,solar-geolocator-twilight,Calidris ruficollis,BQ913,036-99018,Tracking Red-necked stints along the EAAF
16668354096,TRUE,2019-09-28T21:32:06Z,TRUE,2019-09-28T21:32:06Z,FALSE,FALSE,solar-geolocator-twilight,Calidris ruficollis,BQ913,036-99018,Tracking Red-necked stints along the EAAF
16668354104,TRUE,2019-09-29T10:18:27Z,FALSE,2019-09-29T10:18:27Z,FALSE,FALSE,solar-geolocator-twilight,Calidris ruficollis,BQ913,036-99018,Tracking Red-necked stints along the EAAF
16668354114,TRUE,2019-09-29T21:32:12Z,TRUE,2019-09-29T21:32:12Z,FALSE,FALSE,solar-geolocator-twilight,Calidris ruficollis,BQ913,036-99018,Tracking Red-necked stints along the EAAF
16668354122,TRUE,2019-09-30T10:21:08Z,FALSE,2019-09-30T10:21:08Z,FALSE,FALSE,solar-geolocator-twilight,Calidris ruficollis,BQ913,036-99018,Tracking Red-necked stints along the EAAF
16668354130,TRUE,2019-09-30T21:32:21Z,TRUE,2019-09-30T21:32:21Z,FALSE,FALSE,solar-geolocator-twilight,Calidris ruficollis,BQ913,036-99018,Tracking Red-necked stints along the EAAF
16668354137,TRUE,2019-10-01T10:19:39Z,FALSE,2019-10-01T10:19:39Z,FALSE,FALSE,solar-geolocator-twilight,Calidris ruficollis,BQ913,036-99018,Tracking Red-necked stints along the EAAF
16668354146,TRUE,2019-10-01T21:31:05Z,TRUE,2019-10-01T21:31:05Z,FALSE,FALSE,solar-geolocator-twilight,Calidris ruficollis,BQ913,036-99018,Tracking Red-necked stints along the EAAF
16668354153,TRUE,2019-10-02T10:21:08Z,FALSE,2019-10-02T10:21:08Z,FALSE,FALSE,solar-geolocator-twilight,Calidris ruficollis,BQ913,036-99018,Tracking Red-necked stints along the EAAF
16668354162,TRUE,2019-10-02T21:31:05Z,TRUE,2019-10-02T21:31:05Z,FALSE,FALSE,solar-geolocator-twilight,Calidris ruficollis,BQ913,036-99018,Tracking Red-necked stints along the EAAF
16668354169,TRUE,2019-10-03T10:19:17Z,FALSE,2019-10-03T10:19:17Z,FALSE,FALSE,solar-geolocator-twilight,Calidris ruficollis,BQ913,036-99018,Tracking Red-necked stints along the EAAF
16668354178,TRUE,2019-10-03T21:30:32Z,TRUE,2019-10-03T21:30:32Z,FALSE,FALSE,solar-geolocator-twilight,Calidris ruficollis,BQ913,036-99018,Tracking Red-necked stints along the EAAF
16668354186,TRUE,2019-10-04T10:21:08Z,FALSE,2019-10-04T10:21:08Z,FALSE,FALSE,solar-geolocator-twilight,Calidris ruficollis,BQ913,036-99018,Tracking Red-necked stints along the EAAF
16668354194,TRUE,2019-10-04T21:28:15Z,TRUE,2019-10-04T21:28:15Z,FALSE,FALSE,solar-geolocator-twilight,Calidris ruficollis,BQ913,036-99018,Tracking Red-necked stints along the EAAF
16668354202,TRUE,2019-10-05T10:17:24Z,FALSE,2019-10-05T10:17:24Z,FALSE,FALSE,solar-geolocator-twilight,Calidris ruficollis,BQ913,036-99018,Tracking Red-necked stints along the EAAF
16668354210,TRUE,2019-10-05T21:30:35Z,TRUE,2019-10-05T21:30:35Z,FALSE,FALSE,solar-geolocator-twilight,Calidris ruficollis,BQ913,036-99018,Tracking Red-necked stints along the EAAF
16668354218,TRUE,2019-10-06T10:19:33Z,FALSE,2019-10-06T10:19:33Z,FALSE,FALSE,solar-geolocator-twilight,Calidris ruficollis,BQ913,036-99018,Tracking Red-necked stints along the EAAF
16668354228,TRUE,2019-10-06T21:32:21Z,TRUE,2019-10-06T21:32:21Z,FALSE,FALSE,solar-geolocator-twilight,Calidris ruficollis,BQ913,036-99018,Tracking Red-necked stints along the EAAF
16668354236,TRUE,2019-10-07T10:16:08Z,FALSE,2019-10-07T10:16:08Z,FALSE,FALSE,solar-geolocator-twilight,Calidris ruficollis,BQ913,036-99018,Tracking Red-necked stints along the EAAF
16668354244,TRUE,2019-10-07T21:29:05Z,TRUE,2019-10-07T21:29:05Z,FALSE,FALSE,solar-geolocator-twilight,Calidris ruficollis,BQ913,036-99018,Tracking Red-necked stints along the EAAF
16668354252,TRUE,2019-10-08T10:21:08Z,FALSE,2019-10-08T10:21:08Z,FALSE,FALSE,solar-geolocator-twilight,Calidris ruficollis,BQ913,036-99018,Tracking Red-necked stints along the EAAF
16668354260,TRUE,2019-10-08T21:32:21Z,TRUE,2019-10-08T21:32:21Z,FALSE,FALSE,solar-geolocator-twilight,Calidris ruficollis,BQ913,036-99018,Tracking Red-necked stints along the EAAF
16668354268,TRUE,2019-10-09T10:21:08Z,FALSE,2019-10-09T10:21:08Z,FALSE,FALSE,solar-geolocator-twilight,Calidris ruficollis,BQ913,036-99018,Tracking Red-necked stints along the EAAF
16668354276,TRUE,2019-10-09T21:30:45Z,TRUE,2019-10-09T21:30:45Z,FALSE,FALSE,solar-geolocator-twilight,Calidris ruficollis,BQ913,036-99018,Tracking Red-necked stints along the EAAF
16668354284,TRUE,2019-10-10T10:26:08Z,FALSE,2019-10-10T10:26:08Z,FALSE,FALSE,solar-geolocator-twilight,Calidris ruficollis,BQ913,036-99018,Tracking Red-necked stints along the EAAF
16668354292,TRUE,2019-10-10T21:27:49Z,TRUE,2019-10-10T21:27:49Z,FALSE,FALSE,solar-geolocator-twilight,Calidris ruficollis,BQ913,036-99018,Tracking Red-necked stints along the EAAF
16668354300,TRUE,2019-10-11T10:22:24Z,FALSE,2019-10-11T10:22:24Z,FALSE,FALSE,solar-geolocator-twilight,Calidris ruficollis,BQ913,036-99018,Tracking Red-necked stints along the EAAF
16668354308,TRUE,2019-10-11T20:55:50Z,TRUE,2019-10-11T20:55:50Z,FALSE,FALSE,solar-geolocator-twilight,Calidris ruficollis,BQ913,036-99018,Tracking Red-necked stints along the EAAF
16668354316,TRUE,2019-10-12T09:46:58Z,FALSE,2019-10-12T09:46:58Z,FALSE,FALSE,solar-geolocator-twilight,Calidris ruficollis,BQ913,036-99018,Tracking Red-necked stints along the EAAF
16668354324,TRUE,2019-10-12T20:00:38Z,TRUE,2019-10-12T20:00:38Z,FALSE,FALSE,solar-geolocator-twilight,Calidris ruficollis,BQ913,036-99018,Tracking Red-necked stints along the EAAF
16668354327,TRUE,2019-10-13T08:59:08Z,FALSE,2019-10-13T08:59:08Z,FALSE,FALSE,solar-geolocator-twilight,Calidris ruficollis,BQ913,036-99018,Tracking Red-necked stints along the EAAF
16668354337,TRUE,2019-10-13T19:24:05Z,TRUE,2019-10-13T19:24:05Z,FALSE,FALSE,solar-geolocator-twilight,Calidris ruficollis,BQ913,036-99018,Tracking Red-necked stints along the EAAF
16668354344,TRUE,2019-10-14T08:57:52Z,FALSE,2019-10-14T08:57:52Z,FALSE,FALSE,solar-geolocator-twilight,Calidris ruficollis,BQ913,036-99018,Tracking Red-necked stints along the EAAF
16668354353,TRUE,2019-10-14T19:19:05Z,TRUE,2019-10-14T19:19:05Z,FALSE,FALSE,solar-geolocator-twilight,Calidris ruficollis,BQ913,036-99018,Tracking Red-necked stints along the EAAF
16668354361,TRUE,2019-10-15T08:54:08Z,FALSE,2019-10-15T08:54:08Z,FALSE,FALSE,solar-geolocator-twilight,Calidris ruficollis,BQ913,036-99018,Tracking Red-necked stints along the EAAF
16668354368,TRUE,2019-10-15T19:20:56Z,TRUE,2019-10-15T19:20:56Z,FALSE,FALSE,solar-geolocator-twilight,Calidris ruficollis,BQ913,036-99018,Tracking Red-necked stints along the EAAF
16668354376,TRUE,2019-10-16T08:59:28Z,FALSE,2019-10-16T08:59:28Z,FALSE,FALSE,solar-geolocator-twilight,Calidris ruficollis,BQ913,036-99018,Tracking Red-necked stints along the EAAF
16668354386,TRUE,2019-10-16T19:18:15Z,TRUE,2019-10-16T19:18:15Z,FALSE,FALSE,solar-geolocator-twilight,Calidris ruficollis,BQ913,036-99018,Tracking Red-necked stints along the EAAF
16668354391,TRUE,2019-10-17T08:59:08Z,FALSE,2019-10-17T08:59:08Z,FALSE,FALSE,solar-geolocator-twilight,Calidris ruficollis,BQ913,036-99018,Tracking Red-necked stints along the EAAF
16668354399,TRUE,2019-10-17T19:10:37Z,TRUE,2019-10-17T19:10:37Z,FALSE,FALSE,solar-geolocator-twilight,Calidris ruficollis,BQ913,036-99018,Tracking Red-necked stints along the EAAF
16668354409,TRUE,2019-10-18T08:56:58Z,FALSE,2019-10-18T08:56:58Z,FALSE,FALSE,solar-geolocator-twilight,Calidris ruficollis,BQ913,036-99018,Tracking Red-necked stints along the EAAF
16668354416,TRUE,2019-10-18T19:04:05Z,TRUE,2019-10-18T19:04:05Z,FALSE,FALSE,solar-geolocator-twilight,Calidris ruficollis,BQ913,036-99018,Tracking Red-necked stints along the EAAF
16668354424,TRUE,2019-10-19T09:02:40Z,FALSE,2019-10-19T09:02:40Z,FALSE,FALSE,solar-geolocator-twilight,Calidris ruficollis,BQ913,036-99018,Tracking Red-necked stints along the EAAF
16668354432,TRUE,2019-10-19T19:08:15Z,TRUE,2019-10-19T19:08:15Z,FALSE,FALSE,solar-geolocator-twilight,Calidris ruficollis,BQ913,036-99018,Tracking Red-necked stints along the EAAF
16668354441,TRUE,2019-10-20T08:56:08Z,FALSE,2019-10-20T08:56:08Z,FALSE,FALSE,solar-geolocator-twilight,Calidris ruficollis,BQ913,036-99018,Tracking Red-necked stints along the EAAF
16668354449,TRUE,2019-10-20T19:14:05Z,TRUE,2019-10-20T19:14:05Z,FALSE,FALSE,solar-geolocator-twilight,Calidris ruficollis,BQ913,036-99018,Tracking Red-necked stints along the EAAF
16668354454,TRUE,2019-10-21T09:02:52Z,FALSE,2019-10-21T09:02:52Z,FALSE,FALSE,solar-geolocator-twilight,Calidris ruficollis,BQ913,036-99018,Tracking Red-necked stints along the EAAF
16668354463,TRUE,2019-10-21T19:10:50Z,TRUE,2019-10-21T19:10:50Z,FALSE,FALSE,solar-geolocator-twilight,Calidris ruficollis,BQ913,036-99018,Tracking Red-necked stints along the EAAF
16668354473,TRUE,2019-10-22T09:11:58Z,FALSE,2019-10-22T09:11:58Z,FALSE,FALSE,solar-geolocator-twilight,Calidris ruficollis,BQ913,036-99018,Tracking Red-necked stints along the EAAF
16668354478,TRUE,2019-10-22T19:02:06Z,TRUE,2019-10-22T19:02:06Z,FALSE,FALSE,solar-geolocator-twilight,Calidris ruficollis,BQ913,036-99018,Tracking Red-necked stints along the EAAF
16668354486,TRUE,2019-10-23T09:11:08Z,FALSE,2019-10-23T09:11:08Z,FALSE,FALSE,solar-geolocator-twilight,Calidris ruficollis,BQ913,036-99018,Tracking Red-necked stints along the EAAF
16668354490,TRUE,2019-10-23T18:56:05Z,TRUE,2019-10-23T18:56:05Z,FALSE,FALSE,solar-geolocator-twilight,Calidris ruficollis,BQ913,036-99018,Tracking Red-necked stints along the EAAF
16668354495,TRUE,2019-10-24T09:04:23Z,FALSE,2019-10-24T09:04:23Z,FALSE,FALSE,solar-geolocator-twilight,Calidris ruficollis,BQ913,036-99018,Tracking Red-necked stints along the EAAF
16668354503,TRUE,2019-10-24T18:58:15Z,TRUE,2019-10-24T18:58:15Z,FALSE,FALSE,solar-geolocator-twilight,Calidris ruficollis,BQ913,036-99018,Tracking Red-necked stints along the EAAF
16668354510,TRUE,2019-10-25T09:01:08Z,FALSE,2019-10-25T09:01:08Z,FALSE,FALSE,solar-geolocator-twilight,Calidris ruficollis,BQ913,036-99018,Tracking Red-necked stints along the EAAF
16668354518,TRUE,2019-10-25T19:01:56Z,TRUE,2019-10-25T19:01:56Z,FALSE,FALSE,solar-geolocator-twilight,Calidris ruficollis,BQ913,036-99018,Tracking Red-necked stints along the EAAF
16668354524,TRUE,2019-10-26T09:07:54Z,FALSE,2019-10-26T09:07:54Z,FALSE,FALSE,solar-geolocator-twilight,Calidris ruficollis,BQ913,036-99018,Tracking Red-necked stints along the EAAF
16668354531,TRUE,2019-10-26T18:53:15Z,TRUE,2019-10-26T18:53:15Z,FALSE,FALSE,solar-geolocator-twilight,Calidris ruficollis,BQ913,036-99018,Tracking Red-necked stints along the EAAF
16668354539,TRUE,2019-10-27T09:11:58Z,FALSE,2019-10-27T09:11:58Z,FALSE,FALSE,solar-geolocator-twilight,Calidris ruficollis,BQ913,036-99018,Tracking Red-necked stints along the EAAF
16668354547,TRUE,2019-10-27T18:49:05Z,TRUE,2019-10-27T18:49:05Z,FALSE,FALSE,solar-geolocator-twilight,Calidris ruficollis,BQ913,036-99018,Tracking Red-necked stints along the EAAF
16668354551,TRUE,2019-10-28T09:14:31Z,FALSE,2019-10-28T09:14:31Z,FALSE,FALSE,solar-geolocator-twilight,Calidris ruficollis,BQ913,036-99018,Tracking Red-necked stints along the EAAF
16668354560,TRUE,2019-10-28T18:47:33Z,TRUE,2019-10-28T18:47:33Z,FALSE,FALSE,solar-geolocator-twilight,Calidris ruficollis,BQ913,036-99018,Tracking Red-necked stints along the EAAF
16668354567,TRUE,2019-10-29T09:14:38Z,FALSE,2019-10-29T09:14:38Z,FALSE,FALSE,solar-geolocator-twilight,Calidris ruficollis,BQ913,036-99018,Tracking Red-necked stints along the EAAF
16668354574,TRUE,2019-10-29T18:54:05Z,TRUE,2019-10-29T18:54:05Z,FALSE,FALSE,solar-geolocator-twilight,Calidris ruficollis,BQ913,036-99018,Tracking Red-necked stints along the EAAF
16668354581,TRUE,2019-10-30T09:19:28Z,FALSE,2019-10-30T09:19:28Z,FALSE,FALSE,solar-geolocator-twilight,Calidris ruficollis,BQ913,036-99018,Tracking Red-necked stints along the EAAF
16668354587,TRUE,2019-10-30T18:43:15Z,TRUE,2019-10-30T18:43:15Z,FALSE,FALSE,solar-geolocator-twilight,Calidris ruficollis,BQ913,036-99018,Tracking Red-necked stints along the EAAF
16668354596,TRUE,2019-10-31T09:17:24Z,FALSE,2019-10-31T09:17:24Z,FALSE,FALSE,solar-geolocator-twilight,Calidris ruficollis,BQ913,036-99018,Tracking Red-necked stints along the EAAF
16668354601,TRUE,2019-10-31T18:44:05Z,TRUE,2019-10-31T18:44:05Z,FALSE,FALSE,solar-geolocator-twilight,Calidris ruficollis,BQ913,036-99018,Tracking Red-necked stints along the EAAF
16668354611,TRUE,2019-11-01T09:09:38Z,FALSE,2019-11-01T09:09:38Z,FALSE,FALSE,solar-geolocator-twilight,Calidris ruficollis,BQ913,036-99018,Tracking Red-necked stints along the EAAF
16668354617,TRUE,2019-11-01T19:00:40Z,TRUE,2019-11-01T19:00:40Z,FALSE,FALSE,solar-geolocator-twilight,Calidris ruficollis,BQ913,036-99018,Tracking Red-necked stints along the EAAF
16668354624,TRUE,2019-11-02T09:14:47Z,FALSE,2019-11-02T09:14:47Z,FALSE,FALSE,solar-geolocator-twilight,Calidris ruficollis,BQ913,036-99018,Tracking Red-necked stints along the EAAF
16668354629,TRUE,2019-11-02T18:49:05Z,TRUE,2019-11-02T18:49:05Z,FALSE,FALSE,solar-geolocator-twilight,Calidris ruficollis,BQ913,036-99018,Tracking Red-necked stints along the EAAF
16668354641,TRUE,2019-11-03T09:06:58Z,FALSE,2019-11-03T09:06:58Z,FALSE,FALSE,solar-geolocator-twilight,Calidris ruficollis,BQ913,036-99018,Tracking Red-necked stints along the EAAF
16668354644,TRUE,2019-11-03T18:40:56Z,TRUE,2019-11-03T18:40:56Z,FALSE,FALSE,solar-geolocator-twilight,Calidris ruficollis,BQ913,036-99018,Tracking Red-necked stints along the EAAF
16668354654,TRUE,2019-11-04T09:18:49Z,FALSE,2019-11-04T09:18:49Z,FALSE,FALSE,solar-geolocator-twilight,Calidris ruficollis,BQ913,036-99018,Tracking Red-necked stints along the EAAF
16668354658,TRUE,2019-11-04T18:44:05Z,TRUE,2019-11-04T18:44:05Z,FALSE,FALSE,solar-geolocator-twilight,Calidris ruficollis,BQ913,036-99018,Tracking Red-necked stints along the EAAF
16668354665,TRUE,2019-11-05T09:21:58Z,FALSE,2019-11-05T09:21:58Z,FALSE,FALSE,solar-geolocator-twilight,Calidris ruficollis,BQ913,036-99018,Tracking Red-necked stints along the EAAF
16668354672,TRUE,2019-11-05T18:44:05Z,TRUE,2019-11-05T18:44:05Z,FALSE,FALSE,solar-geolocator-twilight,Calidris ruficollis,BQ913,036-99018,Tracking Red-necked stints along the EAAF
16668354682,TRUE,2019-11-06T09:14:17Z,FALSE,2019-11-06T09:14:17Z,FALSE,FALSE,solar-geolocator-twilight,Calidris ruficollis,BQ913,036-99018,Tracking Red-necked stints along the EAAF
16668354686,TRUE,2019-11-06T18:44:05Z,TRUE,2019-11-06T18:44:05Z,FALSE,FALSE,solar-geolocator-twilight,Calidris ruficollis,BQ913,036-99018,Tracking Red-necked stints along the EAAF
16668354695,TRUE,2019-11-07T09:12:24Z,FALSE,2019-11-07T09:12:24Z,FALSE,FALSE,solar-geolocator-twilight,Calidris ruficollis,BQ913,036-99018,Tracking Red-necked stints along the EAAF
16668354700,TRUE,2019-11-07T18:44:05Z,TRUE,2019-11-07T18:44:05Z,FALSE,FALSE,solar-geolocator-twilight,Calidris ruficollis,BQ913,036-99018,Tracking Red-necked stints along the EAAF
16668354708,TRUE,2019-11-08T09:18:06Z,FALSE,2019-11-08T09:27:54Z,FALSE,FALSE,solar-geolocator-twilight,Calidris ruficollis,BQ913,036-99018,Tracking Red-necked stints along the EAAF
16668354716,TRUE,2019-11-08T18:39:05Z,TRUE,2019-11-08T18:39:05Z,FALSE,FALSE,solar-geolocator-twilight,Calidris ruficollis,BQ913,036-99018,Tracking Red-necked stints along the EAAF
16668354722,TRUE,2019-11-09T09:11:08Z,FALSE,2019-11-09T09:11:08Z,FALSE,FALSE,solar-geolocator-twilight,Calidris ruficollis,BQ913,036-99018,Tracking Red-necked stints along the EAAF
16668354728,TRUE,2019-11-09T18:45:56Z,TRUE,2019-11-09T18:45:56Z,FALSE,FALSE,solar-geolocator-twilight,Calidris ruficollis,BQ913,036-99018,Tracking Red-necked stints along the EAAF
16668354738,TRUE,2019-11-10T09:21:08Z,FALSE,2019-11-10T09:21:08Z,FALSE,FALSE,solar-geolocator-twilight,Calidris ruficollis,BQ913,036-99018,Tracking Red-necked stints along the EAAF
16668354742,TRUE,2019-11-10T18:29:05Z,TRUE,2019-11-10T18:29:05Z,FALSE,FALSE,solar-geolocator-twilight,Calidris ruficollis,BQ913,036-99018,Tracking Red-necked stints along the EAAF
16668354750,TRUE,2019-11-11T09:28:49Z,FALSE,2019-11-11T09:28:49Z,FALSE,FALSE,solar-geolocator-twilight,Calidris ruficollis,BQ913,036-99018,Tracking Red-necked stints along the EAAF
16668354760,TRUE,2019-11-11T18:52:21Z,TRUE,2019-11-11T18:52:21Z,FALSE,FALSE,solar-geolocator-twilight,Calidris ruficollis,BQ913,036-99018,Tracking Red-necked stints along the EAAF
16668354767,TRUE,2019-11-12T09:34:23Z,FALSE,2019-11-12T09:34:23Z,FALSE,FALSE,solar-geolocator-twilight,Calidris ruficollis,BQ913,036-99018,Tracking Red-necked stints along the EAAF
16668354769,TRUE,2019-11-12T18:35:56Z,TRUE,2019-11-12T18:35:56Z,FALSE,FALSE,solar-geolocator-twilight,Calidris ruficollis,BQ913,036-99018,Tracking Red-necked stints along the EAAF
16668354779,TRUE,2019-11-13T09:29:28Z,FALSE,2019-11-13T09:29:28Z,FALSE,FALSE,solar-geolocator-twilight,Calidris ruficollis,BQ913,036-99018,Tracking Red-necked stints along the EAAF
16668354782,TRUE,2019-11-13T18:36:05Z,TRUE,2019-11-13T18:36:05Z,FALSE,FALSE,solar-geolocator-twilight,Calidris ruficollis,BQ913,036-99018,Tracking Red-necked stints along the EAAF
16668354792,TRUE,2019-11-14T09:33:49Z,FALSE,2019-11-14T09:33:49Z,FALSE,FALSE,solar-geolocator-twilight,Calidris ruficollis,BQ913,036-99018,Tracking Red-necked stints along the EAAF
16668354797,TRUE,2019-11-14T18:41:05Z,TRUE,2019-11-14T18:41:05Z,FALSE,FALSE,solar-geolocator-twilight,Calidris ruficollis,BQ913,036-99018,Tracking Red-necked stints along the EAAF
16668354808,TRUE,2019-11-15T09:36:08Z,FALSE,2019-11-15T09:36:08Z,FALSE,FALSE,solar-geolocator-twilight,Calidris ruficollis,BQ913,036-99018,Tracking Red-necked stints along the EAAF
16668354810,TRUE,2019-11-15T18:30:40Z,TRUE,2019-11-15T18:30:40Z,FALSE,FALSE,solar-geolocator-twilight,Calidris ruficollis,BQ913,036-99018,Tracking Red-necked stints along the EAAF
16668354819,TRUE,2019-11-16T09:27:24Z,FALSE,2019-11-16T09:27:24Z,FALSE,FALSE,solar-geolocator-twilight,Calidris ruficollis,BQ913,036-99018,Tracking Red-necked stints along the EAAF
16668354824,TRUE,2019-11-16T18:34:05Z,TRUE,2019-11-16T18:34:05Z,FALSE,FALSE,solar-geolocator-twilight,Calidris ruficollis,BQ913,036-99018,Tracking Red-necked stints along the EAAF
16668354836,TRUE,2019-11-17T09:37:54Z,FALSE,2019-11-17T09:37:54Z,FALSE,FALSE,solar-geolocator-twilight,Calidris ruficollis,BQ913,036-99018,Tracking Red-necked stints along the EAAF
16668354843,TRUE,2019-11-17T18:32:49Z,TRUE,2019-11-17T18:32:49Z,FALSE,FALSE,solar-geolocator-twilight,Calidris ruficollis,BQ913,036-99018,Tracking Red-necked stints along the EAAF
16668354847,TRUE,2019-11-18T09:36:08Z,FALSE,2019-11-18T09:36:08Z,FALSE,FALSE,solar-geolocator-twilight,Calidris ruficollis,BQ913,036-99018,Tracking Red-necked stints along the EAAF
16668354853,TRUE,2019-11-18T18:33:15Z,TRUE,2019-11-18T18:33:15Z,FALSE,FALSE,solar-geolocator-twilight,Calidris ruficollis,BQ913,036-99018,Tracking Red-necked stints along the EAAF
16668354864,TRUE,2019-11-19T09:41:08Z,FALSE,2019-11-19T09:41:08Z,FALSE,FALSE,solar-geolocator-twilight,Calidris ruficollis,BQ913,036-99018,Tracking Red-necked stints along the EAAF
16668354869,TRUE,2019-11-19T18:25:50Z,TRUE,2019-11-19T18:25:50Z,FALSE,FALSE,solar-geolocator-twilight,Calidris ruficollis,BQ913,036-99018,Tracking Red-necked stints along the EAAF
16668354878,TRUE,2019-11-20T09:41:08Z,FALSE,2019-11-20T09:41:08Z,FALSE,FALSE,solar-geolocator-twilight,Calidris ruficollis,BQ913,036-99018,Tracking Red-necked stints along the EAAF
16668354882,TRUE,2019-11-20T18:27:19Z,TRUE,2019-11-20T18:27:19Z,FALSE,FALSE,solar-geolocator-twilight,Calidris ruficollis,BQ913,036-99018,Tracking Red-necked stints along the EAAF
16668354893,TRUE,2019-11-21T09:33:49Z,FALSE,2019-11-21T09:33:49Z,FALSE,FALSE,solar-geolocator-twilight,Calidris ruficollis,BQ913,036-99018,Tracking Red-necked stints along the EAAF
16668354895,TRUE,2019-11-21T18:29:05Z,TRUE,2019-11-21T18:29:05Z,FALSE,FALSE,solar-geolocator-twilight,Calidris ruficollis,BQ913,036-99018,Tracking Red-necked stints along the EAAF
16668354906,TRUE,2019-11-22T09:41:08Z,FALSE,2019-11-22T09:41:08Z,FALSE,FALSE,solar-geolocator-twilight,Calidris ruficollis,BQ913,036-99018,Tracking Red-necked stints along the EAAF
16668354911,TRUE,2019-11-22T18:22:49Z,TRUE,2019-11-22T18:22:49Z,FALSE,FALSE,solar-geolocator-twilight,Calidris ruficollis,BQ913,036-99018,Tracking Red-necked stints along the EAAF
16668354916,TRUE,2019-11-23T09:38:49Z,FALSE,2019-11-23T09:38:49Z,FALSE,FALSE,solar-geolocator-twilight,Calidris ruficollis,BQ913,036-99018,Tracking Red-necked stints along the EAAF
16668354925,TRUE,2019-11-23T18:22:49Z,TRUE,2019-11-23T18:22:49Z,FALSE,FALSE,solar-geolocator-twilight,Calidris ruficollis,BQ913,036-99018,Tracking Red-necked stints along the EAAF
16668354934,TRUE,2019-11-24T09:46:58Z,FALSE,2019-11-24T09:46:58Z,FALSE,FALSE,solar-geolocator-twilight,Calidris ruficollis,BQ913,036-99018,Tracking Red-necked stints along the EAAF
16668354938,TRUE,2019-11-24T18:18:15Z,TRUE,2019-11-24T18:18:15Z,FALSE,FALSE,solar-geolocator-twilight,Calidris ruficollis,BQ913,036-99018,Tracking Red-necked stints along the EAAF
16668354946,TRUE,2019-11-25T09:32:40Z,FALSE,2019-11-25T09:32:40Z,FALSE,FALSE,solar-geolocator-twilight,Calidris ruficollis,BQ913,036-99018,Tracking Red-necked stints along the EAAF
16668354951,TRUE,2019-11-25T18:37:33Z,TRUE,2019-11-25T18:37:33Z,FALSE,FALSE,solar-geolocator-twilight,Calidris ruficollis,BQ913,036-99018,Tracking Red-necked stints along the EAAF
16668354962,TRUE,2019-11-26T09:46:58Z,FALSE,2019-11-26T09:46:58Z,FALSE,FALSE,solar-geolocator-twilight,Calidris ruficollis,BQ913,036-99018,Tracking Red-necked stints along the EAAF
16668354965,TRUE,2019-11-26T18:19:05Z,TRUE,2019-11-26T18:19:05Z,FALSE,FALSE,solar-geolocator-twilight,Calidris ruficollis,BQ913,036-99018,Tracking Red-necked stints along the EAAF
16668354976,TRUE,2019-11-27T09:56:08Z,FALSE,2019-11-27T09:56:08Z,FALSE,FALSE,solar-geolocator-twilight,Calidris ruficollis,BQ913,036-99018,Tracking Red-necked stints along the EAAF
16668354981,TRUE,2019-11-27T18:25:38Z,TRUE,2019-11-27T18:25:38Z,FALSE,FALSE,solar-geolocator-twilight,Calidris ruficollis,BQ913,036-99018,Tracking Red-necked stints along the EAAF
16668354991,TRUE,2019-11-28T09:51:58Z,FALSE,2019-11-28T09:51:58Z,FALSE,FALSE,solar-geolocator-twilight,Calidris ruficollis,BQ913,036-99018,Tracking Red-necked stints along the EAAF
16668354993,TRUE,2019-11-28T18:24:05Z,TRUE,2019-11-28T18:24:05Z,FALSE,FALSE,solar-geolocator-twilight,Calidris ruficollis,BQ913,036-99018,Tracking Red-necked stints along the EAAF
16668355000,TRUE,2019-11-29T09:39:23Z,FALSE,2019-11-29T09:39:23Z,FALSE,FALSE,solar-geolocator-twilight,Calidris ruficollis,BQ913,036-99018,Tracking Red-necked stints along the EAAF
16668355008,TRUE,2019-11-29T18:22:19Z,TRUE,2019-11-29T18:22:19Z,FALSE,FALSE,solar-geolocator-twilight,Calidris ruficollis,BQ913,036-99018,Tracking Red-necked stints along the EAAF
16668355017,TRUE,2019-11-30T09:56:08Z,FALSE,2019-11-30T09:56:08Z,FALSE,FALSE,solar-geolocator-twilight,Calidris ruficollis,BQ913,036-99018,Tracking Red-necked stints along the EAAF
16668355022,TRUE,2019-11-30T18:29:05Z,TRUE,2019-11-30T18:29:05Z,FALSE,FALSE,solar-geolocator-twilight,Calidris ruficollis,BQ913,036-99018,Tracking Red-necked stints along the EAAF
16668355029,TRUE,2019-12-01T09:46:08Z,FALSE,2019-12-01T09:46:08Z,FALSE,FALSE,solar-geolocator-twilight,Calidris ruficollis,BQ913,036-99018,Tracking Red-necked stints along the EAAF
16668355035,TRUE,2019-12-01T18:27:00Z,TRUE,2019-12-01T18:27:00Z,FALSE,FALSE,solar-geolocator-twilight,Calidris ruficollis,BQ913,036-99018,Tracking Red-necked stints along the EAAF
16668355043,TRUE,2019-12-02T09:49:17Z,FALSE,2019-12-02T09:49:17Z,FALSE,FALSE,solar-geolocator-twilight,Calidris ruficollis,BQ913,036-99018,Tracking Red-necked stints along the EAAF
16668355048,TRUE,2019-12-02T18:26:05Z,TRUE,2019-12-02T18:26:05Z,FALSE,FALSE,solar-geolocator-twilight,Calidris ruficollis,BQ913,036-99018,Tracking Red-necked stints along the EAAF
16668355057,TRUE,2019-12-03T09:43:49Z,FALSE,2019-12-03T09:43:49Z,FALSE,FALSE,solar-geolocator-twilight,Calidris ruficollis,BQ913,036-99018,Tracking Red-necked stints along the EAAF
16668355062,TRUE,2019-12-03T18:29:05Z,TRUE,2019-12-03T18:29:05Z,FALSE,FALSE,solar-geolocator-twilight,Calidris ruficollis,BQ913,036-99018,Tracking Red-necked stints along the EAAF
16668355075,TRUE,2019-12-04T09:52:24Z,FALSE,2019-12-04T09:52:24Z,FALSE,FALSE,solar-geolocator-twilight,Calidris ruficollis,BQ913,036-99018,Tracking Red-necked stints along the EAAF
16668355077,TRUE,2019-12-04T18:23:15Z,TRUE,2019-12-04T18:23:15Z,FALSE,FALSE,solar-geolocator-twilight,Calidris ruficollis,BQ913,036-99018,Tracking Red-necked stints along the EAAF
16668355087,TRUE,2019-12-05T09:56:08Z,FALSE,2019-12-05T09:56:08Z,FALSE,FALSE,solar-geolocator-twilight,Calidris ruficollis,BQ913,036-99018,Tracking Red-necked stints along the EAAF
16668355092,TRUE,2019-12-05T18:29:05Z,TRUE,2019-12-05T18:29:05Z,FALSE,FALSE,solar-geolocator-twilight,Calidris ruficollis,BQ913,036-99018,Tracking Red-necked stints along the EAAF
16668355100,TRUE,2019-12-06T09:53:01Z,FALSE,2019-12-06T09:53:01Z,FALSE,FALSE,solar-geolocator-twilight,Calidris ruficollis,BQ913,036-99018,Tracking Red-necked stints along the EAAF
16668355105,TRUE,2019-12-06T18:27:49Z,TRUE,2019-12-06T18:27:49Z,FALSE,FALSE,solar-geolocator-twilight,Calidris ruficollis,BQ913,036-99018,Tracking Red-necked stints along the EAAF
16668355115,TRUE,2019-12-07T09:49:23Z,FALSE,2019-12-07T09:49:23Z,FALSE,FALSE,solar-geolocator-twilight,Calidris ruficollis,BQ913,036-99018,Tracking Red-necked stints along the EAAF
16668355120,TRUE,2019-12-07T18:25:56Z,TRUE,2019-12-07T18:25:56Z,FALSE,FALSE,solar-geolocator-twilight,Calidris ruficollis,BQ913,036-99018,Tracking Red-necked stints along the EAAF
16668355129,TRUE,2019-12-08T10:03:49Z,FALSE,2019-12-08T10:03:49Z,FALSE,FALSE,solar-geolocator-twilight,Calidris ruficollis,BQ913,036-99018,Tracking Red-necked stints along the EAAF
16668355135,TRUE,2019-12-08T18:21:56Z,TRUE,2019-12-08T18:21:56Z,FALSE,FALSE,solar-geolocator-twilight,Calidris ruficollis,BQ913,036-99018,Tracking Red-necked stints along the EAAF
16668355142,TRUE,2019-12-09T09:56:58Z,FALSE,2019-12-09T09:56:58Z,FALSE,FALSE,solar-geolocator-twilight,Calidris ruficollis,BQ913,036-99018,Tracking Red-necked stints along the EAAF
16668355148,TRUE,2019-12-09T18:29:05Z,TRUE,2019-12-09T18:29:05Z,FALSE,FALSE,solar-geolocator-twilight,Calidris ruficollis,BQ913,036-99018,Tracking Red-necked stints along the EAAF
16668355158,TRUE,2019-12-10T09:57:24Z,FALSE,2019-12-10T09:57:24Z,FALSE,FALSE,solar-geolocator-twilight,Calidris ruficollis,BQ913,036-99018,Tracking Red-necked stints along the EAAF
16668355161,TRUE,2019-12-10T18:29:05Z,TRUE,2019-12-10T18:29:05Z,FALSE,FALSE,solar-geolocator-twilight,Calidris ruficollis,BQ913,036-99018,Tracking Red-necked stints along the EAAF
16668355169,TRUE,2019-12-11T09:56:58Z,FALSE,2019-12-11T09:56:58Z,FALSE,FALSE,solar-geolocator-twilight,Calidris ruficollis,BQ913,036-99018,Tracking Red-necked stints along the EAAF
16668355177,TRUE,2019-12-11T18:32:49Z,TRUE,2019-12-11T18:32:49Z,FALSE,FALSE,solar-geolocator-twilight,Calidris ruficollis,BQ913,036-99018,Tracking Red-necked stints along the EAAF
16668355182,TRUE,2019-12-12T09:54:35Z,FALSE,2019-12-12T09:54:35Z,FALSE,FALSE,solar-geolocator-twilight,Calidris ruficollis,BQ913,036-99018,Tracking Red-necked stints along the EAAF
16668355189,TRUE,2019-12-12T18:31:05Z,TRUE,2019-12-12T18:31:05Z,FALSE,FALSE,solar-geolocator-twilight,Calidris ruficollis,BQ913,036-99018,Tracking Red-necked stints along the EAAF
16668355200,TRUE,2019-12-13T09:52:24Z,FALSE,2019-12-13T09:52:24Z,FALSE,FALSE,solar-geolocator-twilight,Calidris ruficollis,BQ913,036-99018,Tracking Red-necked stints along the EAAF
16668355204,TRUE,2019-12-13T18:32:19Z,TRUE,2019-12-13T18:32:19Z,FALSE,FALSE,solar-geolocator-twilight,Calidris ruficollis,BQ913,036-99018,Tracking Red-necked stints along the EAAF
16668355214,TRUE,2019-12-14T09:57:54Z,FALSE,2019-12-14T09:57:54Z,FALSE,FALSE,solar-geolocator-twilight,Calidris ruficollis,BQ913,036-99018,Tracking Red-necked stints along the EAAF
16668355217,TRUE,2019-12-14T18:33:15Z,TRUE,2019-12-14T18:33:15Z,FALSE,FALSE,solar-geolocator-twilight,Calidris ruficollis,BQ913,036-99018,Tracking Red-necked stints along the EAAF
16668355229,TRUE,2019-12-15T10:07:54Z,FALSE,2019-12-15T10:07:54Z,FALSE,FALSE,solar-geolocator-twilight,Calidris ruficollis,BQ913,036-99018,Tracking Red-necked stints along the EAAF
16668355230,TRUE,2019-12-15T18:24:05Z,TRUE,2019-12-15T18:24:05Z,FALSE,FALSE,solar-geolocator-twilight,Calidris ruficollis,BQ913,036-99018,Tracking Red-necked stints along the EAAF
16668355240,TRUE,2019-12-16T10:08:49Z,FALSE,2019-12-16T10:08:49Z,FALSE,FALSE,solar-geolocator-twilight,Calidris ruficollis,BQ913,036-99018,Tracking Red-necked stints along the EAAF
16668355246,TRUE,2019-12-16T18:22:19Z,TRUE,2019-12-16T18:22:19Z,FALSE,FALSE,solar-geolocator-twilight,Calidris ruficollis,BQ913,036-99018,Tracking Red-necked stints along the EAAF
16668355253,TRUE,2019-12-17T10:02:52Z,FALSE,2019-12-17T10:02:52Z,FALSE,FALSE,solar-geolocator-twilight,Calidris ruficollis,BQ913,036-99018,Tracking Red-necked stints along the EAAF
16668355259,TRUE,2019-12-17T18:22:19Z,TRUE,2019-12-17T18:22:19Z,FALSE,FALSE,solar-geolocator-twilight,Calidris ruficollis,BQ913,036-99018,Tracking Red-necked stints along the EAAF
16668355266,TRUE,2019-12-18T09:48:49Z,FALSE,2019-12-18T09:48:49Z,FALSE,FALSE,solar-geolocator-twilight,Calidris ruficollis,BQ913,036-99018,Tracking Red-necked stints along the EAAF
16668355274,TRUE,2019-12-18T18:26:05Z,TRUE,2019-12-18T18:26:05Z,FALSE,FALSE,solar-geolocator-twilight,Calidris ruficollis,BQ913,036-99018,Tracking Red-necked stints along the EAAF
16668355285,TRUE,2019-12-19T10:11:08Z,FALSE,2019-12-19T10:11:08Z,FALSE,FALSE,solar-geolocator-twilight,Calidris ruficollis,BQ913,036-99018,Tracking Red-necked stints along the EAAF
16668355288,TRUE,2019-12-19T18:23:15Z,TRUE,2019-12-19T18:23:15Z,FALSE,FALSE,solar-geolocator-twilight,Calidris ruficollis,BQ913,036-99018,Tracking Red-necked stints along the EAAF
16668355293,TRUE,2019-12-20T09:29:15Z,FALSE,2019-12-20T09:29:15Z,FALSE,FALSE,solar-geolocator-twilight,Calidris ruficollis,BQ913,036-99018,Tracking Red-necked stints along the EAAF
16668355302,TRUE,2019-12-20T18:37:19Z,TRUE,2019-12-20T18:37:19Z,FALSE,FALSE,solar-geolocator-twilight,Calidris ruficollis,BQ913,036-99018,Tracking Red-necked stints along the EAAF
16668355312,TRUE,2019-12-21T10:03:27Z,FALSE,2019-12-21T10:03:27Z,FALSE,FALSE,solar-geolocator-twilight,Calidris ruficollis,BQ913,036-99018,Tracking Red-necked stints along the EAAF
16668355315,TRUE,2019-12-21T18:27:19Z,TRUE,2019-12-21T18:27:19Z,FALSE,FALSE,solar-geolocator-twilight,Calidris ruficollis,BQ913,036-99018,Tracking Red-necked stints along the EAAF
16668355323,TRUE,2019-12-22T10:04:23Z,FALSE,2019-12-22T10:04:23Z,FALSE,FALSE,solar-geolocator-twilight,Calidris ruficollis,BQ913,036-99018,Tracking Red-necked stints along the EAAF
16668355330,TRUE,2019-12-22T18:27:19Z,TRUE,2019-12-22T18:27:19Z,FALSE,FALSE,solar-geolocator-twilight,Calidris ruficollis,BQ913,036-99018,Tracking Red-necked stints along the EAAF
16668355339,TRUE,2019-12-23T10:04:31Z,FALSE,2019-12-23T10:04:31Z,FALSE,FALSE,solar-geolocator-twilight,Calidris ruficollis,BQ913,036-99018,Tracking Red-necked stints along the EAAF
16668355345,TRUE,2019-12-23T18:26:24Z,TRUE,2019-12-23T18:26:24Z,FALSE,FALSE,solar-geolocator-twilight,Calidris ruficollis,BQ913,036-99018,Tracking Red-necked stints along the EAAF
16668355351,TRUE,2019-12-24T10:16:08Z,FALSE,2019-12-24T10:16:08Z,FALSE,FALSE,solar-geolocator-twilight,Calidris ruficollis,BQ913,036-99018,Tracking Red-necked stints along the EAAF
16668355360,TRUE,2019-12-24T18:31:05Z,TRUE,2019-12-24T18:31:05Z,FALSE,FALSE,solar-geolocator-twilight,Calidris ruficollis,BQ913,036-99018,Tracking Red-necked stints along the EAAF
16668355365,TRUE,2019-12-25T10:13:07Z,FALSE,2019-12-25T10:13:07Z,FALSE,FALSE,solar-geolocator-twilight,Calidris ruficollis,BQ913,036-99018,Tracking Red-necked stints along the EAAF
16668355373,TRUE,2019-12-25T18:35:45Z,TRUE,2019-12-25T18:35:45Z,FALSE,FALSE,solar-geolocator-twilight,Calidris ruficollis,BQ913,036-99018,Tracking Red-necked stints along the EAAF
16668355379,TRUE,2019-12-26T10:16:58Z,FALSE,2019-12-26T10:16:58Z,FALSE,FALSE,solar-geolocator-twilight,Calidris ruficollis,BQ913,036-99018,Tracking Red-necked stints along the EAAF
16668355385,TRUE,2019-12-26T18:28:15Z,TRUE,2019-12-26T18:28:15Z,FALSE,FALSE,solar-geolocator-twilight,Calidris ruficollis,BQ913,036-99018,Tracking Red-necked stints along the EAAF
16668355394,TRUE,2019-12-27T10:11:08Z,FALSE,2019-12-27T10:11:08Z,FALSE,FALSE,solar-geolocator-twilight,Calidris ruficollis,BQ913,036-99018,Tracking Red-necked stints along the EAAF
16668355400,TRUE,2019-12-27T18:35:40Z,TRUE,2019-12-27T18:35:40Z,FALSE,FALSE,solar-geolocator-twilight,Calidris ruficollis,BQ913,036-99018,Tracking Red-necked stints along the EAAF
16668355408,TRUE,2019-12-28T10:11:58Z,FALSE,2019-12-28T10:11:58Z,FALSE,FALSE,solar-geolocator-twilight,Calidris ruficollis,BQ913,036-99018,Tracking Red-necked stints along the EAAF
16668355414,TRUE,2019-12-28T18:30:29Z,TRUE,2019-12-28T18:30:29Z,FALSE,FALSE,solar-geolocator-twilight,Calidris ruficollis,BQ913,036-99018,Tracking Red-necked stints along the EAAF
16668355422,TRUE,2019-12-29T10:11:58Z,FALSE,2019-12-29T10:11:58Z,FALSE,FALSE,solar-geolocator-twilight,Calidris ruficollis,BQ913,036-99018,Tracking Red-necked stints along the EAAF
16668355429,TRUE,2019-12-29T18:32:06Z,TRUE,2019-12-29T18:32:06Z,FALSE,FALSE,solar-geolocator-twilight,Calidris ruficollis,BQ913,036-99018,Tracking Red-necked stints along the EAAF
16668355439,TRUE,2019-12-30T10:12:24Z,FALSE,2019-12-30T10:12:24Z,FALSE,FALSE,solar-geolocator-twilight,Calidris ruficollis,BQ913,036-99018,Tracking Red-necked stints along the EAAF
16668355442,TRUE,2019-12-30T18:49:05Z,TRUE,2019-12-30T18:49:05Z,FALSE,FALSE,solar-geolocator-twilight,Calidris ruficollis,BQ913,036-99018,Tracking Red-necked stints along the EAAF
16668355450,TRUE,2019-12-31T10:13:49Z,FALSE,2019-12-31T10:13:49Z,FALSE,FALSE,solar-geolocator-twilight,Calidris ruficollis,BQ913,036-99018,Tracking Red-necked stints along the EAAF
16668355456,TRUE,2019-12-31T18:28:15Z,TRUE,2019-12-31T18:28:15Z,FALSE,FALSE,solar-geolocator-twilight,Calidris ruficollis,BQ913,036-99018,Tracking Red-necked stints along the EAAF
16668355466,TRUE,2020-01-01T10:17:54Z,FALSE,2020-01-01T10:17:54Z,FALSE,FALSE,solar-geolocator-twilight,Calidris ruficollis,BQ913,036-99018,Tracking Red-necked stints along the EAAF
16668355471,TRUE,2020-01-01T18:34:05Z,TRUE,2020-01-01T18:34:05Z,FALSE,FALSE,solar-geolocator-twilight,Calidris ruficollis,BQ913,036-99018,Tracking Red-necked stints along the EAAF
16668355479,TRUE,2020-01-02T10:16:08Z,FALSE,2020-01-02T10:16:08Z,FALSE,FALSE,solar-geolocator-twilight,Calidris ruficollis,BQ913,036-99018,Tracking Red-necked stints along the EAAF
16668355482,TRUE,2020-01-02T18:29:05Z,TRUE,2020-01-02T18:29:05Z,FALSE,FALSE,solar-geolocator-twilight,Calidris ruficollis,BQ913,036-99018,Tracking Red-necked stints along the EAAF
16668355492,TRUE,2020-01-03T10:07:24Z,FALSE,2020-01-03T10:07:24Z,FALSE,FALSE,solar-geolocator-twilight,Calidris ruficollis,BQ913,036-99018,Tracking Red-necked stints along the EAAF
16668355499,TRUE,2020-01-03T18:34:05Z,TRUE,2020-01-03T18:34:05Z,FALSE,FALSE,solar-geolocator-twilight,Calidris ruficollis,BQ913,036-99018,Tracking Red-necked stints along the EAAF
16668355506,TRUE,2020-01-04T10:06:58Z,FALSE,2020-01-04T10:06:58Z,FALSE,FALSE,solar-geolocator-twilight,Calidris ruficollis,BQ913,036-99018,Tracking Red-necked stints along the EAAF
16668355511,TRUE,2020-01-04T18:44:05Z,TRUE,2020-01-04T18:44:05Z,FALSE,FALSE,solar-geolocator-twilight,Calidris ruficollis,BQ913,036-99018,Tracking Red-necked stints along the EAAF
16668355522,TRUE,2020-01-05T10:01:58Z,FALSE,2020-01-05T10:01:58Z,FALSE,FALSE,solar-geolocator-twilight,Calidris ruficollis,BQ913,036-99018,Tracking Red-necked stints along the EAAF
16668355526,TRUE,2020-01-05T18:59:05Z,TRUE,2020-01-05T18:59:05Z,FALSE,FALSE,solar-geolocator-twilight,Calidris ruficollis,BQ913,036-99018,Tracking Red-necked stints along the EAAF
16668355535,TRUE,2020-01-06T09:58:49Z,FALSE,2020-01-06T09:58:49Z,FALSE,FALSE,solar-geolocator-twilight,Calidris ruficollis,BQ913,036-99018,Tracking Red-necked stints along the EAAF
16668355539,TRUE,2020-01-06T18:47:33Z,TRUE,2020-01-06T18:47:33Z,FALSE,FALSE,solar-geolocator-twilight,Calidris ruficollis,BQ913,036-99018,Tracking Red-necked stints along the EAAF
16668355550,TRUE,2020-01-07T10:06:58Z,FALSE,2020-01-07T10:06:58Z,FALSE,FALSE,solar-geolocator-twilight,Calidris ruficollis,BQ913,036-99018,Tracking Red-necked stints along the EAAF
16668355554,TRUE,2020-01-07T18:45:42Z,TRUE,2020-01-07T18:45:42Z,FALSE,FALSE,solar-geolocator-twilight,Calidris ruficollis,BQ913,036-99018,Tracking Red-necked stints along the EAAF
16668355564,TRUE,2020-01-08T10:18:49Z,FALSE,2020-01-08T10:18:49Z,FALSE,FALSE,solar-geolocator-twilight,Calidris ruficollis,BQ913,036-99018,Tracking Red-necked stints along the EAAF
16668355567,TRUE,2020-01-08T18:32:49Z,TRUE,2020-01-08T18:32:49Z,FALSE,FALSE,solar-geolocator-twilight,Calidris ruficollis,BQ913,036-99018,Tracking Red-necked stints along the EAAF
16668355576,TRUE,2020-01-09T10:08:49Z,FALSE,2020-01-09T10:08:49Z,FALSE,FALSE,solar-geolocator-twilight,Calidris ruficollis,BQ913,036-99018,Tracking Red-necked stints along the EAAF
16668355581,TRUE,2020-01-09T18:42:33Z,TRUE,2020-01-09T18:42:33Z,FALSE,FALSE,solar-geolocator-twilight,Calidris ruficollis,BQ913,036-99018,Tracking Red-necked stints along the EAAF
16668355590,TRUE,2020-01-10T10:07:40Z,FALSE,2020-01-10T10:07:40Z,FALSE,FALSE,solar-geolocator-twilight,Calidris ruficollis,BQ913,036-99018,Tracking Red-necked stints along the EAAF
16668355595,TRUE,2020-01-10T18:48:15Z,TRUE,2020-01-10T18:48:15Z,FALSE,FALSE,solar-geolocator-twilight,Calidris ruficollis,BQ913,036-99018,Tracking Red-necked stints along the EAAF
16668355604,TRUE,2020-01-11T10:07:40Z,FALSE,2020-01-11T10:07:40Z,FALSE,FALSE,solar-geolocator-twilight,Calidris ruficollis,BQ913,036-99018,Tracking Red-necked stints along the EAAF
16668355610,TRUE,2020-01-11T18:42:12Z,TRUE,2020-01-11T18:42:12Z,FALSE,FALSE,solar-geolocator-twilight,Calidris ruficollis,BQ913,036-99018,Tracking Red-necked stints along the EAAF
16668355618,TRUE,2020-01-12T10:16:58Z,FALSE,2020-01-12T10:16:58Z,FALSE,FALSE,solar-geolocator-twilight,Calidris ruficollis,BQ913,036-99018,Tracking Red-necked stints along the EAAF
16668355622,TRUE,2020-01-12T18:43:15Z,TRUE,2020-01-12T18:43:15Z,FALSE,FALSE,solar-geolocator-twilight,Calidris ruficollis,BQ913,036-99018,Tracking Red-necked stints along the EAAF
16668355634,TRUE,2020-01-13T10:11:08Z,FALSE,2020-01-13T10:11:08Z,FALSE,FALSE,solar-geolocator-twilight,Calidris ruficollis,BQ913,036-99018,Tracking Red-necked stints along the EAAF
16668355636,TRUE,2020-01-13T18:49:05Z,TRUE,2020-01-13T18:49:05Z,FALSE,FALSE,solar-geolocator-twilight,Calidris ruficollis,BQ913,036-99018,Tracking Red-necked stints along the EAAF
16668355647,TRUE,2020-01-14T10:08:01Z,FALSE,2020-01-14T10:08:01Z,FALSE,FALSE,solar-geolocator-twilight,Calidris ruficollis,BQ913,036-99018,Tracking Red-necked stints along the EAAF
16668355649,TRUE,2020-01-14T18:46:24Z,TRUE,2020-01-14T18:46:24Z,FALSE,FALSE,solar-geolocator-twilight,Calidris ruficollis,BQ913,036-99018,Tracking Red-necked stints along the EAAF
16668355657,TRUE,2020-01-15T09:47:40Z,FALSE,2020-01-15T09:47:40Z,FALSE,FALSE,solar-geolocator-twilight,Calidris ruficollis,BQ913,036-99018,Tracking Red-necked stints along the EAAF
16668355664,TRUE,2020-01-15T19:06:05Z,TRUE,2020-01-15T19:06:05Z,FALSE,FALSE,solar-geolocator-twilight,Calidris ruficollis,BQ913,036-99018,Tracking Red-necked stints along the EAAF
16668355669,TRUE,2020-01-16T10:07:54Z,FALSE,2020-01-16T10:07:54Z,FALSE,FALSE,solar-geolocator-twilight,Calidris ruficollis,BQ913,036-99018,Tracking Red-necked stints along the EAAF
16668355672,TRUE,2020-01-16T18:55:56Z,TRUE,2020-01-16T18:55:56Z,FALSE,FALSE,solar-geolocator-twilight,Calidris ruficollis,BQ913,036-99018,Tracking Red-necked stints along the EAAF
16668355675,TRUE,2020-01-17T10:01:08Z,FALSE,2020-01-17T10:01:08Z,FALSE,FALSE,solar-geolocator-twilight,Calidris ruficollis,BQ913,036-99018,Tracking Red-necked stints along the EAAF
16668355678,TRUE,2020-01-17T18:52:19Z,TRUE,2020-01-17T18:52:19Z,FALSE,FALSE,solar-geolocator-twilight,Calidris ruficollis,BQ913,036-99018,Tracking Red-necked stints along the EAAF
16668355679,TRUE,2020-01-18T09:54:08Z,FALSE,2020-01-18T09:54:08Z,FALSE,FALSE,solar-geolocator-twilight,Calidris ruficollis,BQ913,036-99018,Tracking Red-necked stints along the EAAF
16668355682,TRUE,2020-01-18T18:51:05Z,TRUE,2020-01-18T18:51:05Z,FALSE,FALSE,solar-geolocator-twilight,Calidris ruficollis,BQ913,036-99018,Tracking Red-necked stints along the EAAF
16668355684,TRUE,2020-01-19T09:57:54Z,FALSE,2020-01-19T09:57:54Z,FALSE,FALSE,solar-geolocator-twilight,Calidris ruficollis,BQ913,036-99018,Tracking Red-necked stints along the EAAF
16668355686,TRUE,2020-01-19T19:07:21Z,TRUE,2020-01-19T19:07:21Z,FALSE,FALSE,solar-geolocator-twilight,Calidris ruficollis,BQ913,036-99018,Tracking Red-necked stints along the EAAF
16668355687,TRUE,2020-01-20T09:49:42Z,FALSE,2020-01-20T09:49:42Z,FALSE,FALSE,solar-geolocator-twilight,Calidris ruficollis,BQ913,036-99018,Tracking Red-necked stints along the EAAF
16668355690,TRUE,2020-01-20T19:00:37Z,TRUE,2020-01-20T19:00:37Z,FALSE,FALSE,solar-geolocator-twilight,Calidris ruficollis,BQ913,036-99018,Tracking Red-necked stints along the EAAF
16668355692,TRUE,2020-01-21T10:12:54Z,FALSE,2020-01-21T10:12:54Z,FALSE,FALSE,solar-geolocator-twilight,Calidris ruficollis,BQ913,036-99018,Tracking Red-necked stints along the EAAF
16668355693,TRUE,2020-01-21T18:53:15Z,TRUE,2020-01-21T18:53:15Z,FALSE,FALSE,solar-geolocator-twilight,Calidris ruficollis,BQ913,036-99018,Tracking Red-necked stints along the EAAF
16668355695,TRUE,2020-01-22T10:01:08Z,FALSE,2020-01-22T10:01:08Z,FALSE,FALSE,solar-geolocator-twilight,Calidris ruficollis,BQ913,036-99018,Tracking Red-necked stints along the EAAF
16668355697,TRUE,2020-01-22T19:10:42Z,TRUE,2020-01-22T19:10:42Z,FALSE,FALSE,solar-geolocator-twilight,Calidris ruficollis,BQ913,036-99018,Tracking Red-necked stints along the EAAF
16668355699,TRUE,2020-01-23T10:06:08Z,FALSE,2020-01-23T10:06:08Z,FALSE,FALSE,solar-geolocator-twilight,Calidris ruficollis,BQ913,036-99018,Tracking Red-necked stints along the EAAF
16668355702,TRUE,2020-01-23T18:56:05Z,TRUE,2020-01-23T18:56:05Z,FALSE,FALSE,solar-geolocator-twilight,Calidris ruficollis,BQ913,036-99018,Tracking Red-necked stints along the EAAF
16668355703,TRUE,2020-01-24T10:09:08Z,FALSE,2020-01-24T10:09:08Z,FALSE,FALSE,solar-geolocator-twilight,Calidris ruficollis,BQ913,036-99018,Tracking Red-necked stints along the EAAF
16668355706,TRUE,2020-01-24T18:50:40Z,TRUE,2020-01-24T18:50:40Z,FALSE,FALSE,solar-geolocator-twilight,Calidris ruficollis,BQ913,036-99018,Tracking Red-necked stints along the EAAF
16668355708,TRUE,2020-01-25T10:04:35Z,FALSE,2020-01-25T10:04:35Z,FALSE,FALSE,solar-geolocator-twilight,Calidris ruficollis,BQ913,036-99018,Tracking Red-necked stints along the EAAF
16668355710,TRUE,2020-01-25T18:54:05Z,TRUE,2020-01-25T18:54:05Z,FALSE,FALSE,solar-geolocator-twilight,Calidris ruficollis,BQ913,036-99018,Tracking Red-necked stints along the EAAF
16668355712,TRUE,2020-01-26T10:01:58Z,FALSE,2020-01-26T10:01:58Z,FALSE,FALSE,solar-geolocator-twilight,Calidris ruficollis,BQ913,036-99018,Tracking Red-necked stints along the EAAF
16668355713,TRUE,2020-01-26T18:59:05Z,TRUE,2020-01-26T18:59:05Z,FALSE,FALSE,solar-geolocator-twilight,Calidris ruficollis,BQ913,036-99018,Tracking Red-necked stints along the EAAF
16668355716,TRUE,2020-01-27T10:09:08Z,FALSE,2020-01-27T10:09:08Z,FALSE,FALSE,solar-geolocator-twilight,Calidris ruficollis,BQ913,036-99018,Tracking Red-necked stints along the EAAF
16668355717,TRUE,2020-01-27T19:05:45Z,TRUE,2020-01-27T19:05:45Z,FALSE,FALSE,solar-geolocator-twilight,Calidris ruficollis,BQ913,036-99018,Tracking Red-necked stints along the EAAF
16668355720,TRUE,2020-01-28T10:06:58Z,FALSE,2020-01-28T10:06:58Z,FALSE,FALSE,solar-geolocator-twilight,Calidris ruficollis,BQ913,036-99018,Tracking Red-necked stints along the EAAF
16668355721,TRUE,2020-01-28T19:04:05Z,TRUE,2020-01-28T19:04:05Z,FALSE,FALSE,solar-geolocator-twilight,Calidris ruficollis,BQ913,036-99018,Tracking Red-necked stints along the EAAF
16668355724,TRUE,2020-01-29T10:11:08Z,FALSE,2020-01-29T10:11:08Z,FALSE,FALSE,solar-geolocator-twilight,Calidris ruficollis,BQ913,036-99018,Tracking Red-necked stints along the EAAF
16668355725,TRUE,2020-01-29T18:57:21Z,TRUE,2020-01-29T18:57:21Z,FALSE,FALSE,solar-geolocator-twilight,Calidris ruficollis,BQ913,036-99018,Tracking Red-necked stints along the EAAF
16668355727,TRUE,2020-01-30T10:09:17Z,FALSE,2020-01-30T10:09:17Z,FALSE,FALSE,solar-geolocator-twilight,Calidris ruficollis,BQ913,036-99018,Tracking Red-necked stints along the EAAF
16668355730,TRUE,2020-01-30T18:59:05Z,TRUE,2020-01-30T18:59:05Z,FALSE,FALSE,solar-geolocator-twilight,Calidris ruficollis,BQ913,036-99018,Tracking Red-necked stints along the EAAF
16668355731,TRUE,2020-01-31T09:44:45Z,FALSE,2020-01-31T09:44:45Z,FALSE,FALSE,solar-geolocator-twilight,Calidris ruficollis,BQ913,036-99018,Tracking Red-necked stints along the EAAF
16668355733,TRUE,2020-01-31T19:14:05Z,TRUE,2020-01-31T19:14:05Z,FALSE,FALSE,solar-geolocator-twilight,Calidris ruficollis,BQ913,036-99018,Tracking Red-necked stints along the EAAF
16668355735,TRUE,2020-02-01T09:36:58Z,FALSE,2020-02-01T09:36:58Z,FALSE,FALSE,solar-geolocator-twilight,Calidris ruficollis,BQ913,036-99018,Tracking Red-necked stints along the EAAF
16668355738,TRUE,2020-02-01T19:12:49Z,TRUE,2020-02-01T19:12:49Z,FALSE,FALSE,solar-geolocator-twilight,Calidris ruficollis,BQ913,036-99018,Tracking Red-necked stints along the EAAF
16668355739,TRUE,2020-02-02T09:56:58Z,FALSE,2020-02-02T09:56:58Z,FALSE,FALSE,solar-geolocator-twilight,Calidris ruficollis,BQ913,036-99018,Tracking Red-necked stints along the EAAF
16668355742,TRUE,2020-02-02T19:07:19Z,TRUE,2020-02-02T19:07:19Z,FALSE,FALSE,solar-geolocator-twilight,Calidris ruficollis,BQ913,036-99018,Tracking Red-necked stints along the EAAF
16668355744,TRUE,2020-02-03T09:52:24Z,FALSE,2020-02-03T09:52:24Z,FALSE,FALSE,solar-geolocator-twilight,Calidris ruficollis,BQ913,036-99018,Tracking Red-necked stints along the EAAF
16668355745,TRUE,2020-02-03T19:06:49Z,TRUE,2020-02-03T19:06:49Z,FALSE,FALSE,solar-geolocator-twilight,Calidris ruficollis,BQ913,036-99018,Tracking Red-necked stints along the EAAF
16668355747,TRUE,2020-02-04T09:39:13Z,FALSE,2020-02-04T09:39:13Z,FALSE,FALSE,solar-geolocator-twilight,Calidris ruficollis,BQ913,036-99018,Tracking Red-necked stints along the EAAF
16668355750,TRUE,2020-02-04T19:11:05Z,TRUE,2020-02-04T19:11:05Z,FALSE,FALSE,solar-geolocator-twilight,Calidris ruficollis,BQ913,036-99018,Tracking Red-necked stints along the EAAF
16668355752,TRUE,2020-02-05T09:57:40Z,FALSE,2020-02-05T09:57:40Z,FALSE,FALSE,solar-geolocator-twilight,Calidris ruficollis,BQ913,036-99018,Tracking Red-necked stints along the EAAF
16668355754,TRUE,2020-02-05T19:12:49Z,TRUE,2020-02-05T19:12:49Z,FALSE,FALSE,solar-geolocator-twilight,Calidris ruficollis,BQ913,036-99018,Tracking Red-necked stints along the EAAF
16668355755,TRUE,2020-02-06T09:44:28Z,FALSE,2020-02-06T09:44:28Z,FALSE,FALSE,solar-geolocator-twilight,Calidris ruficollis,BQ913,036-99018,Tracking Red-necked stints along the EAAF
16668355758,TRUE,2020-02-06T19:15:42Z,TRUE,2020-02-06T19:15:42Z,FALSE,FALSE,solar-geolocator-twilight,Calidris ruficollis,BQ913,036-99018,Tracking Red-necked stints along the EAAF
16668355759,TRUE,2020-02-07T09:51:08Z,FALSE,2020-02-07T09:51:08Z,FALSE,FALSE,solar-geolocator-twilight,Calidris ruficollis,BQ913,036-99018,Tracking Red-necked stints along the EAAF
16668355762,TRUE,2020-02-07T19:20:56Z,TRUE,2020-02-07T19:20:56Z,FALSE,FALSE,solar-geolocator-twilight,Calidris ruficollis,BQ913,036-99018,Tracking Red-necked stints along the EAAF
16668355763,TRUE,2020-02-08T09:56:08Z,FALSE,2020-02-08T09:56:08Z,FALSE,FALSE,solar-geolocator-twilight,Calidris ruficollis,BQ913,036-99018,Tracking Red-necked stints along the EAAF
16668355766,TRUE,2020-02-08T19:17:49Z,TRUE,2020-02-08T19:17:49Z,FALSE,FALSE,solar-geolocator-twilight,Calidris ruficollis,BQ913,036-99018,Tracking Red-necked stints along the EAAF
16668355768,TRUE,2020-02-09T09:42:54Z,FALSE,2020-02-09T09:42:54Z,FALSE,FALSE,solar-geolocator-twilight,Calidris ruficollis,BQ913,036-99018,Tracking Red-necked stints along the EAAF
16668355770,TRUE,2020-02-09T19:25:50Z,TRUE,2020-02-09T19:25:50Z,FALSE,FALSE,solar-geolocator-twilight,Calidris ruficollis,BQ913,036-99018,Tracking Red-necked stints along the EAAF
16668355771,TRUE,2020-02-10T09:41:08Z,FALSE,2020-02-10T09:41:08Z,FALSE,FALSE,solar-geolocator-twilight,Calidris ruficollis,BQ913,036-99018,Tracking Red-necked stints along the EAAF
16668355774,TRUE,2020-02-10T19:25:45Z,TRUE,2020-02-10T19:25:45Z,FALSE,FALSE,solar-geolocator-twilight,Calidris ruficollis,BQ913,036-99018,Tracking Red-necked stints along the EAAF
16668355775,TRUE,2020-02-11T09:43:49Z,FALSE,2020-02-11T09:43:49Z,FALSE,FALSE,solar-geolocator-twilight,Calidris ruficollis,BQ913,036-99018,Tracking Red-necked stints along the EAAF
16668355778,TRUE,2020-02-11T19:28:15Z,TRUE,2020-02-11T19:28:15Z,FALSE,FALSE,solar-geolocator-twilight,Calidris ruficollis,BQ913,036-99018,Tracking Red-necked stints along the EAAF
16668355780,TRUE,2020-02-12T09:56:08Z,FALSE,2020-02-12T09:56:08Z,FALSE,FALSE,solar-geolocator-twilight,Calidris ruficollis,BQ913,036-99018,Tracking Red-necked stints along the EAAF
16668355782,TRUE,2020-02-12T19:19:05Z,TRUE,2020-02-12T19:19:05Z,FALSE,FALSE,solar-geolocator-twilight,Calidris ruficollis,BQ913,036-99018,Tracking Red-necked stints along the EAAF
16668355783,TRUE,2020-02-13T09:51:08Z,FALSE,2020-02-13T09:51:08Z,FALSE,FALSE,solar-geolocator-twilight,Calidris ruficollis,BQ913,036-99018,Tracking Red-necked stints along the EAAF
16668355786,TRUE,2020-02-13T19:23:15Z,TRUE,2020-02-13T19:23:15Z,FALSE,FALSE,solar-geolocator-twilight,Calidris ruficollis,BQ913,036-99018,Tracking Red-necked stints along the EAAF
16668355788,TRUE,2020-02-14T09:34:08Z,FALSE,2020-02-14T09:34:08Z,FALSE,FALSE,solar-geolocator-twilight,Calidris ruficollis,BQ913,036-99018,Tracking Red-necked stints along the EAAF
16668355790,TRUE,2020-02-14T19:36:05Z,TRUE,2020-02-14T19:36:05Z,FALSE,FALSE,solar-geolocator-twilight,Calidris ruficollis,BQ913,036-99018,Tracking Red-necked stints along the EAAF
16668355791,TRUE,2020-02-15T09:29:38Z,FALSE,2020-02-15T09:29:38Z,FALSE,FALSE,solar-geolocator-twilight,Calidris ruficollis,BQ913,036-99018,Tracking Red-necked stints along the EAAF
16668355794,TRUE,2020-02-15T19:23:15Z,TRUE,2020-02-15T19:23:15Z,FALSE,FALSE,solar-geolocator-twilight,Calidris ruficollis,BQ913,036-99018,Tracking Red-necked stints along the EAAF
16668355795,TRUE,2020-02-16T09:43:01Z,FALSE,2020-02-16T09:43:01Z,FALSE,FALSE,solar-geolocator-twilight,Calidris ruficollis,BQ913,036-99018,Tracking Red-necked stints along the EAAF
16668355797,TRUE,2020-02-16T19:21:24Z,TRUE,2020-02-16T19:21:24Z,FALSE,FALSE,solar-geolocator-twilight,Calidris ruficollis,BQ913,036-99018,Tracking Red-necked stints along the EAAF
16668355799,TRUE,2020-02-17T09:43:49Z,FALSE,2020-02-17T09:43:49Z,FALSE,FALSE,solar-geolocator-twilight,Calidris ruficollis,BQ913,036-99018,Tracking Red-necked stints along the EAAF
16668355802,TRUE,2020-02-17T19:32:19Z,TRUE,2020-02-17T19:32:19Z,FALSE,FALSE,solar-geolocator-twilight,Calidris ruficollis,BQ913,036-99018,Tracking Red-necked stints along the EAAF
16668355804,TRUE,2020-02-18T09:32:52Z,FALSE,2020-02-18T09:32:52Z,FALSE,FALSE,solar-geolocator-twilight,Calidris ruficollis,BQ913,036-99018,Tracking Red-necked stints along the EAAF
16668355806,TRUE,2020-02-18T19:46:24Z,TRUE,2020-02-18T19:46:24Z,FALSE,FALSE,solar-geolocator-twilight,Calidris ruficollis,BQ913,036-99018,Tracking Red-necked stints along the EAAF
16668355808,TRUE,2020-02-19T09:41:08Z,FALSE,2020-02-19T09:41:08Z,FALSE,FALSE,solar-geolocator-twilight,Calidris ruficollis,BQ913,036-99018,Tracking Red-necked stints along the EAAF
16668355809,TRUE,2020-02-19T19:27:19Z,TRUE,2020-02-19T19:27:19Z,FALSE,FALSE,solar-geolocator-twilight,Calidris ruficollis,BQ913,036-99018,Tracking Red-necked stints along the EAAF
16668355811,TRUE,2020-02-20T09:36:08Z,FALSE,2020-02-20T09:36:08Z,FALSE,FALSE,solar-geolocator-twilight,Calidris ruficollis,BQ913,036-99018,Tracking Red-necked stints along the EAAF
16668355814,TRUE,2020-02-20T19:35:45Z,TRUE,2020-02-20T19:35:45Z,FALSE,FALSE,solar-geolocator-twilight,Calidris ruficollis,BQ913,036-99018,Tracking Red-necked stints along the EAAF
16668355815,TRUE,2020-02-21T09:36:58Z,FALSE,2020-02-21T09:36:58Z,FALSE,FALSE,solar-geolocator-twilight,Calidris ruficollis,BQ913,036-99018,Tracking Red-necked stints along the EAAF
16668355818,TRUE,2020-02-21T19:24:05Z,TRUE,2020-02-21T19:24:05Z,FALSE,FALSE,solar-geolocator-twilight,Calidris ruficollis,BQ913,036-99018,Tracking Red-necked stints along the EAAF
16668355819,TRUE,2020-02-22T09:39:08Z,FALSE,2020-02-22T09:39:08Z,FALSE,FALSE,solar-geolocator-twilight,Calidris ruficollis,BQ913,036-99018,Tracking Red-necked stints along the EAAF
16668355822,TRUE,2020-02-22T19:28:15Z,TRUE,2020-02-22T19:28:15Z,FALSE,FALSE,solar-geolocator-twilight,Calidris ruficollis,BQ913,036-99018,Tracking Red-necked stints along the EAAF
16668355824,TRUE,2020-02-23T09:31:08Z,FALSE,2020-02-23T09:31:08Z,FALSE,FALSE,solar-geolocator-twilight,Calidris ruficollis,BQ913,036-99018,Tracking Red-necked stints along the EAAF
16668355826,TRUE,2020-02-23T19:40:45Z,TRUE,2020-02-23T19:40:45Z,FALSE,FALSE,solar-geolocator-twilight,Calidris ruficollis,BQ913,036-99018,Tracking Red-necked stints along the EAAF
16668355827,TRUE,2020-02-24T09:26:08Z,FALSE,2020-02-24T09:26:08Z,FALSE,FALSE,solar-geolocator-twilight,Calidris ruficollis,BQ913,036-99018,Tracking Red-necked stints along the EAAF
16668355829,TRUE,2020-02-24T19:36:24Z,TRUE,2020-02-24T19:36:24Z,FALSE,FALSE,solar-geolocator-twilight,Calidris ruficollis,BQ913,036-99018,Tracking Red-necked stints along the EAAF
16668355831,TRUE,2020-02-25T09:29:38Z,FALSE,2020-02-25T09:29:38Z,FALSE,FALSE,solar-geolocator-twilight,Calidris ruficollis,BQ913,036-99018,Tracking Red-necked stints along the EAAF
16668355833,TRUE,2020-02-25T19:33:15Z,TRUE,2020-02-25T19:33:15Z,FALSE,FALSE,solar-geolocator-twilight,Calidris ruficollis,BQ913,036-99018,Tracking Red-necked stints along the EAAF
16668355835,TRUE,2020-02-26T09:32:54Z,FALSE,2020-02-26T09:32:54Z,FALSE,FALSE,solar-geolocator-twilight,Calidris ruficollis,BQ913,036-99018,Tracking Red-necked stints along the EAAF
16668355837,TRUE,2020-02-26T19:32:33Z,TRUE,2020-02-26T19:32:33Z,FALSE,FALSE,solar-geolocator-twilight,Calidris ruficollis,BQ913,036-99018,Tracking Red-necked stints along the EAAF
16668355839,TRUE,2020-02-27T09:17:52Z,FALSE,2020-02-27T09:17:52Z,FALSE,FALSE,solar-geolocator-twilight,Calidris ruficollis,BQ913,036-99018,Tracking Red-necked stints along the EAAF
16668355841,TRUE,2020-02-27T19:42:49Z,TRUE,2020-02-27T19:42:49Z,FALSE,FALSE,solar-geolocator-twilight,Calidris ruficollis,BQ913,036-99018,Tracking Red-necked stints along the EAAF
16668355844,TRUE,2020-02-28T09:31:08Z,FALSE,2020-02-28T09:31:08Z,FALSE,FALSE,solar-geolocator-twilight,Calidris ruficollis,BQ913,036-99018,Tracking Red-necked stints along the EAAF
16668355845,TRUE,2020-02-28T19:42:49Z,TRUE,2020-02-28T19:42:49Z,FALSE,FALSE,solar-geolocator-twilight,Calidris ruficollis,BQ913,036-99018,Tracking Red-necked stints along the EAAF
16668355847,TRUE,2020-02-29T09:27:24Z,FALSE,2020-02-29T09:27:24Z,FALSE,FALSE,solar-geolocator-twilight,Calidris ruficollis,BQ913,036-99018,Tracking Red-necked stints along the EAAF
16668355849,TRUE,2020-02-29T19:39:05Z,TRUE,2020-02-29T19:39:05Z,FALSE,FALSE,solar-geolocator-twilight,Calidris ruficollis,BQ913,036-99018,Tracking Red-necked stints along the EAAF
16668355852,TRUE,2020-03-01T09:16:08Z,FALSE,2020-03-01T09:16:08Z,FALSE,FALSE,solar-geolocator-twilight,Calidris ruficollis,BQ913,036-99018,Tracking Red-necked stints along the EAAF
16668355853,TRUE,2020-03-01T19:44:05Z,TRUE,2020-03-01T19:44:05Z,FALSE,FALSE,solar-geolocator-twilight,Calidris ruficollis,BQ913,036-99018,Tracking Red-necked stints along the EAAF
16668355855,TRUE,2020-03-02T09:13:39Z,FALSE,2020-03-02T09:13:39Z,FALSE,FALSE,solar-geolocator-twilight,Calidris ruficollis,BQ913,036-99018,Tracking Red-necked stints along the EAAF
16668355857,TRUE,2020-03-02T19:47:00Z,TRUE,2020-03-02T19:47:00Z,FALSE,FALSE,solar-geolocator-twilight,Calidris ruficollis,BQ913,036-99018,Tracking Red-necked stints along the EAAF
16668355860,TRUE,2020-03-03T09:17:40Z,FALSE,2020-03-03T09:17:40Z,FALSE,FALSE,solar-geolocator-twilight,Calidris ruficollis,BQ913,036-99018,Tracking Red-necked stints along the EAAF
16668355862,TRUE,2020-03-03T19:54:05Z,TRUE,2020-03-03T19:54:05Z,FALSE,FALSE,solar-geolocator-twilight,Calidris ruficollis,BQ913,036-99018,Tracking Red-necked stints along the EAAF
16668355863,TRUE,2020-03-04T09:08:07Z,FALSE,2020-03-04T09:08:07Z,FALSE,FALSE,solar-geolocator-twilight,Calidris ruficollis,BQ913,036-99018,Tracking Red-necked stints along the EAAF
16668355865,TRUE,2020-03-04T19:54:05Z,TRUE,2020-03-04T19:54:05Z,FALSE,FALSE,solar-geolocator-twilight,Calidris ruficollis,BQ913,036-99018,Tracking Red-necked stints along the EAAF
16668355868,TRUE,2020-03-05T09:12:24Z,FALSE,2020-03-05T09:12:24Z,FALSE,FALSE,solar-geolocator-twilight,Calidris ruficollis,BQ913,036-99018,Tracking Red-necked stints along the EAAF
16668355870,TRUE,2020-03-05T19:52:12Z,TRUE,2020-03-05T19:52:12Z,FALSE,FALSE,solar-geolocator-twilight,Calidris ruficollis,BQ913,036-99018,Tracking Red-necked stints along the EAAF
16668355872,TRUE,2020-03-06T09:18:49Z,FALSE,2020-03-06T09:18:49Z,FALSE,FALSE,solar-geolocator-twilight,Calidris ruficollis,BQ913,036-99018,Tracking Red-necked stints along the EAAF
16668355873,TRUE,2020-03-06T19:47:33Z,TRUE,2020-03-06T19:47:33Z,FALSE,FALSE,solar-geolocator-twilight,Calidris ruficollis,BQ913,036-99018,Tracking Red-necked stints along the EAAF
16668355875,TRUE,2020-03-07T09:14:28Z,FALSE,2020-03-07T09:14:28Z,FALSE,FALSE,solar-geolocator-twilight,Calidris ruficollis,BQ913,036-99018,Tracking Red-necked stints along the EAAF
16668355877,TRUE,2020-03-07T19:42:49Z,TRUE,2020-03-07T19:42:49Z,FALSE,FALSE,solar-geolocator-twilight,Calidris ruficollis,BQ913,036-99018,Tracking Red-necked stints along the EAAF
16668355879,TRUE,2020-03-08T09:17:24Z,FALSE,2020-03-08T09:17:24Z,FALSE,FALSE,solar-geolocator-twilight,Calidris ruficollis,BQ913,036-99018,Tracking Red-necked stints along the EAAF
16668355880,TRUE,2020-03-08T19:46:52Z,TRUE,2020-03-08T19:46:52Z,FALSE,FALSE,solar-geolocator-twilight,Calidris ruficollis,BQ913,036-99018,Tracking Red-necked stints along the EAAF
16668355881,TRUE,2020-03-09T09:09:47Z,FALSE,2020-03-09T09:09:47Z,FALSE,FALSE,solar-geolocator-twilight,Calidris ruficollis,BQ913,036-99018,Tracking Red-necked stints along the EAAF
16668355882,TRUE,2020-03-09T19:48:15Z,TRUE,2020-03-09T19:48:15Z,FALSE,FALSE,solar-geolocator-twilight,Calidris ruficollis,BQ913,036-99018,Tracking Red-necked stints along the EAAF
